author,meanCompound,postCount,majorityLabel
007itsmeagain.bsky.social,0.2732,1,positive
01adam12.bsky.social,-0.4939,1,negative
05phatty.bsky.social,0.0,1,neutral
0hbee.bsky.social,-0.0191,1,neutral
0xdaeda1a.bsky.social,0.0,1,neutral
100dianne.bsky.social,0.2235,1,positive
1011now.com,-0.0516,1,negative
11-bravo.bsky.social,0.0772,1,positive
1210cole.bsky.social,-0.10115,2,negative
123456-20.bsky.social,0.07474285714285712,7,positive
1234mimijones.bsky.social,0.17580000000000004,3,positive
123soffie.bsky.social,-0.2023,1,negative
13rrk13.bsky.social,0.0,1,neutral
14osu.gobeavs.app,-0.36335,2,negative
161bklyn.bsky.social,0.4023,1,positive
1916easter.bsky.social,0.0,1,neutral
1973act.bsky.social,0.2732,1,positive
1american10.bsky.social,0.0,1,neutral
1derbunny.bsky.social,-0.5719,1,negative
1forest1.bsky.social,0.0,1,neutral
1ghostofachance.bsky.social,0.6249,1,positive
1granitodearena.bsky.social,0.0,1,neutral
1lilsmokey.bsky.social,-0.1181,1,negative
1luckylady.bsky.social,0.3382,1,positive
1masseymama.bsky.social,0.05898333333333335,6,negative
1mitzvah.bsky.social,0.5574,1,positive
1mkk.bsky.social,-0.0516,1,negative
1toughguy2.bsky.social,-0.3597,1,negative
1truthwhisperer.bsky.social,-0.148,2,neutral
1whiteraven06.bsky.social,-0.7783,1,negative
1whoknew.bsky.social,0.11605,2,positive
2001dalmatians.bsky.social,-0.5423,1,negative
2024fighter.bsky.social,-0.4767,1,negative
20degreessouth.bsky.social,0.3818,1,positive
2112cygnus.bsky.social,0.2732,1,positive
2319-70.bsky.social,0.624,2,positive
24bibi.bsky.social,0.7184,1,positive
2airportkitties.bsky.social,0.2975,1,positive
2frogline69.bsky.social,0.0,1,neutral
2imagine1.bsky.social,0.1779,1,positive
2littlegaypuppies.bsky.social,0.0,1,neutral
2ndbullet-jr.bsky.social,-0.0772,1,negative
2oldforthisbs.bsky.social,-0.8548,1,negative
2peaches.bsky.social,0.2023,1,positive
312t12.bsky.social,-0.743,1,negative
321helloworld.bsky.social,0.0,1,neutral
32mbit.bsky.social,-0.6561,1,negative
35273.bsky.social,0.0,1,neutral
3elo.bsky.social,0.75,1,positive
3fecta.bsky.social,0.0,2,neutral
3ll3d.bsky.social,0.0,1,neutral
3wombats.bsky.social,-0.50005,2,negative
406hiker.bsky.social,0.0,1,neutral
4281r.bsky.social,0.0,1,neutral
42eyes2ears.bsky.social,-0.0516,1,negative
44lights.bsky.social,0.0,2,neutral
4cajoy.bsky.social,0.0,1,neutral
4eyesjohnny.bsky.social,0.5106,1,positive
4fpzephyrtiger.bsky.social,-0.784,1,negative
4gabriel.bsky.social,0.14778000000000002,5,neutral
4jim.bsky.social,-0.50065,2,negative
4legsrgood.bsky.social,0.0,1,neutral
4xevior.bsky.social,-0.347,1,negative
5280orange.bsky.social,0.0,1,neutral
54321blastoff.bsky.social,0.2415,1,positive
58bugeye.bsky.social,0.7783,1,positive
59jam.bsky.social,-0.4077,1,negative
5mweek2018.bsky.social,0.4939,1,positive
5thgenfljane.bsky.social,-0.4404,1,negative
5timechamp.bsky.social,0.03854999999999999,2,negative
60194.bsky.social,-0.11763333333333333,3,negative
654calo.bsky.social,0.0,1,neutral
670rv.bsky.social,0.044249999999999956,2,positive
68gbb86.bsky.social,-0.5423,1,negative
69metsfan.bsky.social,0.18716666666666668,3,positive
6sidedgames.bsky.social,0.6705,1,positive
732lighthouse.bsky.social,-0.9254,1,negative
7leaguebootdisk.bsky.social,0.0007666666666666608,6,negative
7oaktree.bsky.social,0.0,1,neutral
7r-ick.bsky.social,-0.2903,1,negative
7ynnem3rriman.bsky.social,0.0,1,neutral
80dollarguitar.bsky.social,0.6369,1,positive
80hd.bsky.social,0.0,1,neutral
852dude.bsky.social,-0.14525,2,negative
867gerry.bsky.social,0.4404,1,positive
888lin.bsky.social,0.0,1,neutral
9262.bsky.social,0.13421999999999998,10,positive
949pm.bsky.social,-0.1779,1,negative
95rock.bsky.social,-0.7015,1,negative
95sports.bsky.social,0.4215,1,positive
97strat.bsky.social,0.7263,1,positive
990000.bsky.social,-0.3182,1,negative
9ah.bsky.social,-0.8313,1,negative
a-climate-refugee.bsky.social,0.0,1,neutral
a-dobbie11.bsky.social,0.3612,1,positive
a-dorkable.bsky.social,0.0,1,neutral
a-nice-karen.bsky.social,-0.6908,1,negative
a-nimo.bsky.social,-0.2023,1,negative
a-nobodyuser.bsky.social,-0.128,1,negative
a-witty-twit.bsky.social,0.4019,1,positive
a.ndrw.dev,0.0,1,neutral
a1magfly.bsky.social,-0.30363333333333337,3,negative
aamu-renfew.bsky.social,0.7773,1,positive
aarenp.bsky.social,-0.6696,1,negative
aaronfluitt.bsky.social,0.6369,1,positive
aaronparnas.bsky.social,0.144125,4,positive
aaronpeters43.bsky.social,0.3612,1,positive
aarontheweak.bsky.social,-0.4118,1,negative
aarwood46.bsky.social,-0.4404,1,negative
ab-garden-girl.bsky.social,0.5908,1,positive
ab4aoc.bsky.social,0.0,1,neutral
abbie4science.bsky.social,-0.152,2,positive
abbraxas.bsky.social,-0.14126666666666665,3,negative
abby18335.bsky.social,-0.1531,1,negative
abbykbhomesleak.bsky.social,-0.5574,1,negative
abbystuller.bsky.social,0.1531,1,positive
abc-news.bsky.social,0.4404,1,positive
abedrayton.bsky.social,0.0,1,neutral
abelincolnghost.bsky.social,-0.6808,1,negative
abistevensart.bsky.social,-0.4391,1,negative
ablativmeatshld.bsky.social,0.0,1,neutral
able-baker.bsky.social,-0.3062,2,neutral
ablum.bsky.social,0.0,1,neutral
abnormalwrench.bsky.social,-0.5256,1,negative
aboutamoo.bsky.social,0.0,1,neutral
abpow.bsky.social,0.0,1,neutral
abrainiac.bsky.social,-0.5106,1,negative
abravemudkip.bsky.social,-0.1759,1,negative
absolute-sero.bsky.social,0.0,1,neutral
absotively.bsky.social,-0.1226,1,negative
absurddad.bsky.social,0.0,2,neutral
abunchofcats.bsky.social,0.0,1,neutral
abunchofgamers.bsky.social,0.0772,1,positive
acabpigs1775.bsky.social,0.0,1,neutral
acampors.bsky.social,-0.1027,1,negative
acap42.bsky.social,-0.4767,1,negative
accelerationista.bsky.social,-0.7978,1,negative
acciostickthing.bsky.social,0.0,1,neutral
acedie.bsky.social,0.1531,1,positive
acelernation.bsky.social,0.0,2,neutral
acepryde.bsky.social,0.16504999999999997,2,positive
acerbicotter.bsky.social,0.10920000000000003,3,positive
acetomatocompany.bsky.social,0.4423,1,positive
acetrainerdanny.bsky.social,-0.4404,1,negative
acitrano.bsky.social,0.6369,1,positive
acl01.bsky.social,0.8402,1,positive
actualkatherine.bsky.social,0.31255714285714287,7,positive
acyn.bsky.social,0.3977,2,positive
ad-lib.bsky.social,0.0,1,neutral
adactivity.bsky.social,-0.765,1,negative
adamantiteknight.bsky.social,0.0,1,neutral
adamcancryn.bsky.social,0.0,1,neutral
adamjkovac.bsky.social,-0.4746,2,negative
adamm0rgan.bsky.social,0.0,1,neutral
adamt1966.bsky.social,0.6197,1,positive
adanner.bsky.social,0.4199,1,positive
adantejada.bsky.social,0.0,1,neutral
adayinmylife64.bsky.social,-0.23835,2,neutral
adcpainting.bsky.social,0.0,1,neutral
adeencityartsboard.bsky.social,0.0,1,neutral
adelebiden.bsky.social,0.0,1,neutral
adfonteslogos.bsky.social,-0.6808,1,negative
adhdgobl.in,0.1806,2,neutral
adinayoffie.bsky.social,-0.21686666666666668,3,neutral
adiw1202.bsky.social,0.0,1,neutral
adjunctangel.bsky.social,-0.6705,1,negative
adkerratic.bsky.social,0.0,1,neutral
adkraine.bsky.social,0.4939,1,positive
adlangx.bsky.social,0.0,1,neutral
adoptedamerican.bsky.social,-0.6771,1,negative
adorableoddities.bsky.social,0.765,1,positive
adotsad.bsky.social,0.125,2,positive
adrenalinearch.bsky.social,0.0,1,neutral
adrianevillano.bsky.social,-0.3053666666666666,3,negative
adrianwashere.bsky.social,-0.5859,1,negative
adtru.bsky.social,0.0772,1,positive
adviceconsent.bsky.social,0.0,1,neutral
adybee.bsky.social,-0.5106,1,negative
aebentertainment.bsky.social,0.0,1,neutral
aegixdrakan.bsky.social,-0.6249,1,negative
aerinea.bsky.social,-0.5106,1,negative
aethelfleda.bsky.social,0.5669,1,positive
aetiology.bsky.social,-0.01005,20,negative
aexia.bsky.social,0.0,1,neutral
aferaldavid.bsky.social,0.3401,1,positive
affirm-sanity.bsky.social,0.7845,1,positive
aflockbetweenpastures.com,-0.6072,1,negative
afnarratives.blacksky.app,0.0,1,neutral
afrocentrickali.bsky.social,0.3612,1,positive
aganessie.bsky.social,-0.2187,3,negative
agedadventure.bsky.social,-0.8871,1,negative
agentia-primus-xix.bsky.social,-0.5267,1,negative
agentnaz.bsky.social,0.5574,1,positive
ageofreason-tpaine.bsky.social,-0.5267,1,negative
agnesofthedogs.bsky.social,-0.2787,2,negative
agonyflips.bsky.social,-0.19174999999999998,6,negative
agramuglia.bsky.social,0.0,1,neutral
agrippa7.bsky.social,0.0,1,neutral
agrippa999.bsky.social,-0.8957,1,negative
agropelter.bsky.social,0.6705,1,positive
aguababy.bsky.social,0.0,1,neutral
agujack.bsky.social,0.0,1,neutral
aheise.bsky.social,0.3715,2,neutral
ahimsa-now.bsky.social,0.8934,1,positive
ahjeez.bsky.social,0.4696,1,positive
ahoytherematey.bsky.social,-0.8357,1,negative
aidan.skinner.me.uk,0.7096,1,positive
aighttho.bsky.social,0.0,1,neutral
aikiwomannc.bsky.social,0.7081,1,positive
airfriedrosie.bsky.social,-0.0516,1,negative
ajay71.bsky.social,0.0,1,neutral
ajaysaidthat.bsky.social,-0.3182,1,negative
ajbsaysthings.bsky.social,0.4767,1,positive
ajcoog.bsky.social,0.5571,1,positive
ajp35.bsky.social,0.4404,1,positive
ajparkes.bsky.social,-0.8176,1,negative
ajsaxx.bsky.social,0.4902,1,positive
ajvarisyummy.bsky.social,-0.1027,1,negative
ak0.bsky.social,0.296,1,positive
akashubelmorgan.bsky.social,0.0,1,neutral
akatzel.bsky.social,-0.296,1,negative
akiro318.bsky.social,-0.25020000000000003,3,neutral
akivabensarah.bsky.social,-0.4404,1,negative
akkolewd.bsky.social,0.10556666666666666,3,neutral
aklepp.bsky.social,0.07266666666666666,3,positive
akmsatc.bsky.social,-0.28595,2,negative
akpammie.bsky.social,-0.7003,1,negative
aktoman.bsky.social,0.4019,1,positive
akumapostsgames.bsky.social,0.285325,4,positive
akw.bsky.social,0.3612,1,positive
alacritysshadow.bsky.social,-0.2732,1,negative
alamkara.bsky.social,-0.1999,1,negative
alancerny.bsky.social,-0.3885,1,negative
alanrew.bsky.social,0.4019,1,positive
alanwino.bsky.social,0.0,1,neutral
alastairh4h.bsky.social,0.0,1,neutral
alazer.bsky.social,0.0,1,neutral
albertaclipper1.bsky.social,0.3818,1,positive
albertoreale.bsky.social,0.06175,4,negative
albinobadguy.bsky.social,0.0,1,neutral
albireo-50.bsky.social,0.0,1,neutral
ald9119.bsky.social,0.0,1,neutral
aldercheems.bsky.social,0.0,1,neutral
aleianjack.bsky.social,-0.2023,1,negative
alenxa.bsky.social,0.5093,1,positive
aleph.bsky.social,0.0,1,neutral
alexaesperanzaa.bsky.social,0.4738,1,positive
alexahawaii.bsky.social,-0.6513,1,negative
alexanderdudley.bsky.social,0.0,1,neutral
alexanderthegreatt.bsky.social,0.2558,1,positive
alexandra-gee.bsky.social,-0.5106,1,negative
alexandrajordanmd.bsky.social,0.0,1,neutral
alexanotherone.bsky.social,0.664,1,positive
alexblackwood.bsky.social,0.20015,2,positive
alexhemp.bsky.social,0.0498,1,neutral
alexis8.bsky.social,0.04400000000000001,2,negative
alexismac.bsky.social,0.0754,1,positive
alexpbloom.bsky.social,-0.4099,1,negative
alexremington.bsky.social,0.8074,1,positive
alexvont.bsky.social,-0.9552,1,negative
alfadorfox.bsky.social,-0.1779,1,negative
alflow.bsky.social,-0.148,2,negative
algunahuevada.bsky.social,0.0,1,neutral
alhadis.bsky.social,-0.7579,1,negative
alhalalcosmetics.nl,0.5574,1,positive
ali1m.bsky.social,0.6808,1,positive
alice6890644.bsky.social,0.0,1,neutral
alicerluc.bsky.social,0.0,1,neutral
alicia-daugherty.bsky.social,0.7903,1,positive
aliphaire.bsky.social,-0.7506,1,negative
alisonchains.bsky.social,-0.2263,1,negative
alisonrobin.com,-0.7982,2,negative
alissa914.bsky.social,0.031157142857142852,7,neutral
aliwoolwich.bsky.social,0.0,1,neutral
aliz1.bsky.social,0.8567,1,positive
aljazeera.com,0.008271428571428572,7,neutral
all-a-mort.bsky.social,0.8271,1,positive
all-mischief.bsky.social,0.7269,1,positive
allanboroughs.bsky.social,0.0,1,neutral
allen415186.bsky.social,-0.0772,1,negative
allenbussell.bsky.social,-0.5423,1,negative
allenidaho.bsky.social,0.0,1,neutral
alligatortakes.bsky.social,-0.7184,1,negative
allij.bsky.social,-0.4855333333333333,3,negative
allkappps.bsky.social,-0.4588,1,negative
allowmyself.bsky.social,0.5411,1,positive
allthewilburys.bsky.social,0.4939,1,positive
allymae.bsky.social,-0.5423,1,negative
almarie-1.bsky.social,-0.6808,1,negative
almightrex.bsky.social,0.2171,6,positive
alonsonichols.bsky.social,-0.125,2,negative
alpenglowdreams.bsky.social,0.5562,1,positive
alpha-aurora.bsky.social,-0.6991,1,negative
alphanunu.bsky.social,-0.296,1,negative
alphatozulu.bsky.social,0.11872,10,positive
alpineolive.bsky.social,-0.4767,1,negative
alprather.bsky.social,-0.3826,1,negative
altcdc.altgov.info,0.16249545454545455,22,positive
alterhate.bsky.social,-0.5859,1,negative
altimeter3835.bsky.social,0.4404,1,positive
altnoaa.bsky.social,-0.1307125,8,negative
altocumulous.bsky.social,0.0,1,neutral
alun.pw,0.0,1,neutral
alwaysadorecats.bsky.social,-0.8176,1,negative
alwayserked.bsky.social,0.0,1,neutral
alxindia.bsky.social,0.4329,1,positive
alyssaur.bsky.social,0.0,1,neutral
amandamull.bsky.social,-0.0386,2,negative
amandapatperez.bsky.social,-0.08197499999999999,4,neutral
amandarachelle.bsky.social,0.0,1,neutral
amandarg12.bsky.social,-0.2681,1,negative
amazingmagda.bsky.social,-0.7845,1,negative
amberglas.bsky.social,0.4927,1,positive
amberspeaks.bsky.social,-0.41285000000000005,2,negative
amcatanzaro.bsky.social,-0.7906,1,negative
amdo.bsky.social,0.3234,1,positive
ameliamagjik.bsky.social,0.06484999999999999,2,positive
amenak.bsky.social,-0.4184,1,negative
ameracadpeds.bsky.social,-0.726,1,negative
americaisdoomed.bsky.social,-0.2732,1,negative
americanascrapbook.bsky.social,0.064,2,positive
americanvagabond.bsky.social,0.0,1,neutral
americasmostwanted.bsky.social,0.5106,1,positive
amerliberal.bsky.social,0.20815,4,positive
ameshaa.bsky.social,0.0,1,neutral
amickj.bsky.social,-0.4404,1,negative
amishsupermodel.bsky.social,0.8091,1,positive
amistad97.bsky.social,-0.2263,1,negative
amithibedeau.bsky.social,0.3412,1,positive
amklann.bsky.social,-0.6808,1,negative
amkrdea.bsky.social,0.1119,2,neutral
amockingbird.bsky.social,-0.26202000000000003,5,negative
amparodo.bsky.social,-0.296,1,negative
ampshade.bsky.social,0.0,2,neutral
ampule2.bsky.social,0.3818,1,positive
amqhutton.bsky.social,-0.5362,1,negative
amrishbaidjoe.bsky.social,-0.2433,1,negative
amuly.bsky.social,-0.0516,1,negative
amvibe.bsky.social,-0.2732,1,negative
amyblufrog.bsky.social,-0.296,1,negative
amybrown.xyz,0.5194,2,positive
amyg8907.bsky.social,-0.2732,1,negative
amygstarks.bsky.social,0.4215,1,positive
amymaxmen.bsky.social,0.03306,5,positive
amyp-nobs.bsky.social,-0.6369,1,negative
anakhari.bsky.social,-0.4767,1,negative
analoren.bsky.social,0.0,1,neutral
anaolivias.bsky.social,-0.23835,2,negative
anarcheco.bsky.social,0.296,1,positive
anarchizmo.bsky.social,-0.9118,1,negative
anarchy101.bsky.social,0.14465,2,negative
anarchymarshmallow.bsky.social,-0.7039,1,negative
anardozi.bsky.social,-0.3612,1,negative
andeeharry1.bsky.social,0.10439999999999999,2,positive
andekar.bsky.social,0.7579,1,positive
anderbergskan.bsky.social,0.26335,2,neutral
andersandersson.bsky.social,-0.1953,3,neutral
andipete.bsky.social,-0.5267,1,negative
andomitus.bsky.social,0.0,1,neutral
andraste.fuckbgp.com,0.2997,2,positive
andrea-am.bsky.social,-0.8655,1,negative
andreagstylist.bsky.social,-0.1433,2,positive
andreaskyriacou.bsky.social,0.0,1,neutral
andreastudiescovid.bsky.social,-0.08324999999999999,26,negative
andreawoo.bsky.social,0.5267,1,positive
andref1989.bsky.social,-0.7469,1,negative
andresgowan.bsky.social,-0.2584,1,negative
andresheuberger.bsky.social,0.0,1,neutral
andrewaltenburg.bsky.social,0.34,1,positive
andrewhazlett.bsky.social,-0.5859,1,negative
andrewjfrizzell.bsky.social,0.4588,1,positive
andrewlevesque.bsky.social,0.3612,1,positive
andrewloviska.bsky.social,0.0,1,neutral
andrewrait.bsky.social,0.08865,4,positive
andrewtanyongyi.bsky.social,0.0,1,neutral
andrewtweeted.bsky.social,0.0,1,neutral
andrewzcooper.bsky.social,-0.2129,1,negative
andrian6.bsky.social,0.3612,1,positive
andy-s-64.bsky.social,-0.4404,1,negative
andygates.bsky.social,0.0,1,neutral
andygoblue.bsky.social,0.0,1,neutral
andyking.bsky.social,0.0,1,neutral
andymays.bsky.social,0.0,1,neutral
andymightbeme.bsky.social,0.0,1,neutral
andyo.bsky.social,0.1779,1,positive
andyphd21.bsky.social,-0.7906,1,negative
andypurk.bsky.social,0.4922,1,positive
andyrowe8880.bsky.social,0.0,1,neutral
anemiab.bsky.social,0.05143333333333333,3,positive
anenemyspy.bsky.social,-0.0258,1,neutral
angarhad52.bsky.social,0.5562,1,positive
angegen.bsky.social,0.0,1,neutral
angelakmarx.bsky.social,-0.24695,2,neutral
angelrage.bsky.social,0.4588,1,positive
angelsil.bsky.social,0.7735,1,positive
angemmorton.bsky.social,0.064,2,positive
angierasmussen.bsky.social,0.13455,2,negative
anglospud.bsky.social,0.2023,1,positive
angryamericanguy.bsky.social,-0.25,1,negative
angryblueman.bsky.social,-0.4939,1,negative
angrycate.bsky.social,0.0,1,neutral
angrydonkeynews.bsky.social,-0.0516,1,negative
angryman540.bsky.social,-0.08995,2,negative
angrynerdbird.bsky.social,0.0772,1,positive
angrywaterman.bsky.social,-0.056433333333333335,3,positive
anik1968.bsky.social,0.11737142857142857,7,positive
anildharmapal.bsky.social,-0.4357,1,negative
anita2surf.bsky.social,-0.4404,1,negative
anki26.bsky.social,0.3182,1,positive
anklebiter63.bsky.social,-0.5106,1,negative
annabel-lee.bsky.social,0.0,1,neutral
annabookwriter.bsky.social,0.010749999999999982,2,negative
annabusybee.bsky.social,0.2057,1,positive
annagarden.bsky.social,-0.5106,1,negative
annamcduff.bsky.social,0.0,1,neutral
annamerlan.bsky.social,-0.38792499999999996,4,negative
anne-azon.bsky.social,0.6369,1,positive
annecronin.bsky.social,0.06815,2,neutral
annesarapdx.bsky.social,-0.9497,1,negative
anneski.bsky.social,-0.2667,2,negative
annettescherp.bsky.social,0.4047,2,positive
annie-bodi.bsky.social,0.0,1,neutral
anniegirl.bsky.social,-0.5859,1,negative
anniemluke.bsky.social,-0.5574,1,negative
annkpowers.bsky.social,0.7351,1,positive
annmarieconnolly.bsky.social,0.0,1,neutral
annmariepisano.bsky.social,0.6531,1,positive
annnbug.bsky.social,0.4404,1,positive
annothername.bsky.social,0.3747666666666667,3,positive
annothery.bsky.social,0.1531,1,positive
anonbeing.bsky.social,0.20095,2,neutral
anonleeks.bsky.social,0.17353333333333332,6,positive
anonymous-squirrel.bsky.social,0.12200000000000001,3,positive
anonymoussewerrat.bsky.social,-0.2023,1,negative
another-humanist.bsky.social,0.3612,1,positive
anotherben.bsky.social,0.128,1,positive
anotherindiewriter.com,-0.8176,1,negative
anothernerdfighter.bsky.social,0.0,1,neutral
ansibletech.bsky.social,-0.1832,1,negative
antfella.bsky.social,0.4404,1,positive
anthonyantifa.bsky.social,0.0,1,neutral
anthonymkreis.bsky.social,0.296,1,positive
anthrodiva.bsky.social,0.4019,1,positive
anthropocenempg.bsky.social,0.0,1,neutral
antifafrontenac.bsky.social,0.0,1,neutral
antifahere.bsky.social,-0.5719,1,negative
antifascistmom3.bsky.social,0.03260000000000002,2,negative
antifasictmilatant.bsky.social,0.3612,1,positive
antineoliberalism.bsky.social,-0.6597,1,negative
antioligarchy.bsky.social,0.0,1,neutral
antipatriot.bsky.social,-0.8771,1,negative
antiseacide.bsky.social,0.56045,2,positive
antiss.bsky.social,0.4883375,8,positive
antiwhimsybrigade.bsky.social,0.6486,1,positive
antj319.bsky.social,0.0,1,neutral
anto-the-clownest.bsky.social,0.0,1,neutral
anton-decque.bsky.social,-0.25,1,negative
antondeck.bsky.social,0.4404,1,positive
antonioandfrankie.bsky.social,0.2193,1,positive
antoniobnsr.bsky.social,0.0,1,neutral
anxietyridden.bsky.social,-0.3182,1,negative
anymouse.bsky.social,-0.296,1,negative
aohriver.bsky.social,0.5267,1,positive
aozorasf.bsky.social,0.0,1,neutral
apearlma.bsky.social,-0.148,2,neutral
apgodshall.bsky.social,0.3454,2,positive
apjm5.bsky.social,-0.7684,1,negative
aplarrew.bsky.social,0.0,1,neutral
apnews.com,-0.10569500000000001,20,neutral
apoorvanyt.bsky.social,-0.04014999999999999,2,negative
apophis.sapronym.net,0.0,1,neutral
appa69.bsky.social,-0.25022,5,negative
appleandaria.bsky.social,0.29915,2,neutral
april-red-rabbit.bsky.social,0.296,1,positive
aprilblue57.bsky.social,0.0,1,neutral
aprillia.bsky.social,0.5719,1,positive
aprofessionalidiot.bsky.social,0.0,1,neutral
apsmunro.bsky.social,0.6266,2,positive
aquamatsu.bsky.social,-0.2202,2,neutral
aquaraccoon.bsky.social,0.3382,1,positive
arabellaspireship.bsky.social,0.04516666666666667,6,positive
arakay.bsky.social,0.0,1,neutral
arawnsley.bsky.social,-0.8319,1,negative
arbut.bsky.social,-0.4023,1,negative
archer1313.bsky.social,0.3412,1,positive
arcrooksmoor.bsky.social,0.0,1,neutral
arcticfox87.bsky.social,0.0,1,neutral
arctostaphylos-r.bsky.social,0.0,1,neutral
ardenbarden.bsky.social,0.2714,1,positive
ardentreader.bsky.social,-0.7529,1,negative
area51lab.bsky.social,-0.34,1,negative
arepublic86.bsky.social,0.0,1,neutral
areyoucertain.bsky.social,0.0,1,neutral
areyoulostinspace.bsky.social,0.5423,1,positive
argenos.bsky.social,-0.3818,1,negative
ariskatzourakis.bsky.social,0.8625,1,positive
ariusrevenge.bsky.social,0.2516,1,positive
arjb.bsky.social,0.0,1,neutral
arkenor.bsky.social,-0.4636,2,negative
arlene1977.bsky.social,0.06043333333333334,3,positive
arletajames.bsky.social,0.7506,1,positive
armakproductions.com,0.9042,1,positive
armandostiletto.bsky.social,0.0,2,neutral
armchairprez.bsky.social,0.0,1,neutral
armygurl1999.bsky.social,-0.6867666666666666,3,negative
arobertswrites.com,0.06471428571428571,7,positive
arorzoff.bsky.social,0.0,1,neutral
arrdeux.bsky.social,-0.2263,1,negative
arrianna-planey.bsky.social,0.50705,4,positive
arsonfly.bsky.social,-0.34964,5,negative
artbydbenny.bsky.social,-0.8402,1,negative
artcandee.bsky.social,-0.2553,2,negative
artemimisia.bsky.social,0.0,1,neutral
arterialz.bsky.social,0.7184,1,positive
artesianmystic.bsky.social,-0.296,1,negative
artglassjo.bsky.social,0.0,1,neutral
arthurcraven.bsky.social,0.7923,1,positive
artistflorida.bsky.social,0.07080000000000003,2,negative
artistlife2023.bsky.social,-0.3736,1,negative
artkz.bsky.social,0.0,1,neutral
artrage.bsky.social,0.04074999999999998,2,positive
artstradamagazine.bsky.social,-0.3715,2,negative
artsygirl080.bsky.social,-0.6239,1,negative
arturoviaggia.bsky.social,0.3412,1,positive
artzmotionz.bsky.social,-0.0516,1,negative
asaraviapt.bsky.social,0.5719,1,positive
asbertke.bsky.social,-0.7801,1,negative
ascherrod.bsky.social,0.4926,1,positive
asenathmagic.bsky.social,-0.2263,1,negative
asha84.bsky.social,-0.3832,1,negative
asherlangton.bsky.social,-0.19595,2,neutral
ashertheowl.bsky.social,0.07379999999999998,2,positive
ashleighparsons.bsky.social,-0.2023,1,negative
ashleytwelve.bsky.social,0.5983,1,positive
ashokhotnik.bsky.social,-0.20075,2,neutral
ashtonpittman.bsky.social,-0.27475,2,negative
askforlinda.bsky.social,0.0,1,neutral
askmehow.bsky.social,-0.6037,1,negative
askwong.bsky.social,-0.8402,1,negative
asofel.bsky.social,0.6369,1,positive
aspentangle.bsky.social,-0.5487,1,negative
asrivers.bsky.social,0.0,1,neutral
asstrocyte.bsky.social,0.5574,1,positive
astartiel.substack.com,0.7275,1,positive
aster-verite.bsky.social,-0.050083333333333334,6,positive
asteraceaeg.bsky.social,-0.1589,3,neutral
astraltraveler.bsky.social,-0.9505,1,negative
astrospiff.bsky.social,0.0,1,neutral
asura.dev,0.6759,1,positive
asuvir.bsky.social,0.6084,2,positive
atherton.bsky.social,-0.4404,1,negative
atina67.bsky.social,0.0,1,neutral
atiraslight.bsky.social,0.06905,4,neutral
atlantadem.bsky.social,0.0,1,neutral
atlantanewsfirst.com,-0.2263,1,negative
atomicgolem.bsky.social,0.24295,2,neutral
atrupar.com,0.03706666666666667,3,neutral
attentir.bsky.social,0.3612,1,positive
attil22.bsky.social,0.0,1,neutral
attituderight.bsky.social,0.0,1,neutral
attorneybot2021.bsky.social,-0.27115,2,negative
aucuparia.bsky.social,-0.01469999999999999,2,negative
audhdeepdive.blacksky.app,-0.31105,4,neutral
audreyjane.bsky.social,-0.7351,1,negative
augurx.bsky.social,0.5106,1,positive
augustakaiserin.bsky.social,0.7177,1,positive
aulieude.bsky.social,0.0672,3,negative
aumickwriter.bsky.social,-0.0772,1,negative
aungard.bsky.social,0.6249,1,positive
auntbunny.bsky.social,0.6588,1,positive
auntelle.bsky.social,0.1298,1,positive
auntieranty.bsky.social,-0.5423,1,negative
auntiesnack.bsky.social,-0.4939,1,negative
auntifafa.bsky.social,0.10167,10,neutral
auntpatty.bsky.social,-0.12040000000000001,3,neutral
auntyr.bsky.social,0.09705,2,negative
aurel.indoorco2map.com,-0.16824999999999998,2,negative
aurelius.quest,0.0,1,neutral
aurora31127.bsky.social,0.5965,1,positive
aurorazee.bsky.social,0.0,1,neutral
authenticityforge.bsky.social,0.2857,2,positive
authormichaelhicks.bsky.social,0.0,1,neutral
autistichalsin.bsky.social,0.19897499999999999,4,positive
autistocrats.bsky.social,0.0,1,neutral
autopostai.bsky.social,-0.0572,1,negative
autumnbomb357.bsky.social,-0.44855,2,negative
avatar2024.bsky.social,0.3182,1,positive
avclub.com,-0.0286,1,neutral
averagingjoe.bsky.social,0.0,1,neutral
aviationandfood.bsky.social,0.0,1,neutral
avoidxthought.bsky.social,-0.6652,1,negative
avsolutions.bsky.social,-0.6908,1,negative
awaterevalley.bsky.social,-0.1154,1,negative
awellsab.bsky.social,0.4404,1,positive
awesomebdawsonv.bsky.social,0.0,1,neutral
awesomerobots.bsky.social,0.0,1,neutral
awkwardpause.bsky.social,0.5994,1,positive
awkwardthunder.bsky.social,0.0,1,neutral
awntiewithaw.bsky.social,0.1806,2,positive
awsparling.bsky.social,0.6597,1,positive
awwwhellno.bsky.social,-0.23835,2,negative
axel-ellrodt.bsky.social,-0.01205625,16,negative
axelhoyle.bsky.social,-0.6808,1,negative
axiominautarky.bsky.social,-0.8109999999999999,2,negative
axiumstride.bsky.social,0.0,1,neutral
aymhyu.bsky.social,0.0,1,neutral
azbuffalo.bsky.social,0.5859,1,positive
azdoodlemom.bsky.social,-0.7177,1,negative
aznananc.bsky.social,-0.6476,1,negative
azurevista.bsky.social,0.0,1,neutral
b10cza.bsky.social,0.0,1,neutral
b1batty1.bsky.social,0.2079,4,neutral
b3blaise.bsky.social,0.0,1,neutral
babadooknukem.bsky.social,0.039225,8,positive
bachynski.bsky.social,-0.4767,1,negative
back2oakland.bsky.social,0.5279,1,positive
backroll23.bsky.social,0.0,1,neutral
backrowspectator.bsky.social,-0.5338,1,negative
baconsauerkraut.bsky.social,-0.15086666666666668,3,negative
baconspecial.bsky.social,0.6486,1,positive
bad-wolfz.bsky.social,-0.3612,1,negative
badbugdoc.bsky.social,-0.2797,2,negative
baddestmamajama.bsky.social,-0.4484,2,negative
badfuta.bsky.social,0.0,1,neutral
badgerbluebelle.bsky.social,-0.4404,1,negative
badshakespeare.bsky.social,-0.2263,1,negative
bagelsnob99.bsky.social,-0.6444,1,negative
baggins1420.bsky.social,0.0,1,neutral
bah704.bsky.social,0.0,1,neutral
baj.bsky.social,-0.4767,1,negative
bajaarizona.bsky.social,0.148,2,neutral
bajmihal.bsky.social,-0.4215,1,negative
balconybroom.bsky.social,-0.656,1,negative
baldgeezer.bsky.social,-0.6072,1,negative
baldrick94e.bsky.social,0.07793333333333334,3,negative
ballardmike.bsky.social,-0.5574,1,negative
balloonboyuk.bsky.social,-0.4219,2,negative
balthazar3827.bsky.social,0.4019,1,positive
baltmom.bsky.social,0.73455,2,positive
bamabuild.bsky.social,0.2023,1,positive
bambabooze.bsky.social,-0.16976666666666665,3,negative
bambam2025.bsky.social,-0.2732,1,negative
bamboozer2112.bsky.social,0.10903333333333333,6,positive
bananapantz.bsky.social,0.4215,1,positive
banazir-galbasi.bsky.social,-0.6414500000000001,2,negative
bangbangclick.bsky.social,0.07729999999999998,2,negative
banginxcypher.bsky.social,-0.7269,1,negative
barb410.bsky.social,0.6908,1,positive
barbadine.bsky.social,-0.946,1,negative
barbara226.bsky.social,0.5106,1,positive
barbararybolt.bsky.social,-0.5619000000000001,2,negative
barbarav123.bsky.social,-0.022266666666666674,3,neutral
barbarianmom.bsky.social,0.3612,1,positive
barbben.bsky.social,-0.2263,1,negative
barbisblue.bsky.social,-0.6908,1,negative
barcodex.bsky.social,-0.4767,1,negative
barefootlentil.bsky.social,0.26185,2,positive
barely-sane.bsky.social,-0.836,1,negative
barengineer.bsky.social,0.0,1,neutral
barnesemma1.bsky.social,0.0193,4,neutral
baro.bsky.social,0.0,1,neutral
baroda.bsky.social,0.2603,1,positive
baronvk.bsky.social,0.0,1,neutral
baronvonj.bsky.social,0.7845,1,positive
barrelbucket.bsky.social,0.2732,1,positive
barrhavenist.bsky.social,0.2202,2,positive
barryation.bsky.social,0.13523999999999997,5,neutral
barrybarnes.bsky.social,-0.4404,1,negative
bartbing.bsky.social,0.0,1,neutral
bartnlutherking.bsky.social,-0.1531,1,negative
base363colin.bsky.social,0.4019,1,positive
basilbing.bsky.social,-0.5423,1,negative
bastsbest.bsky.social,0.3612,1,positive
baszkom.bsky.social,-0.6696,1,negative
batgurl62.bsky.social,-0.31205,6,negative
bathshebablue.bsky.social,-0.2596,2,negative
batmite.bsky.social,0.127325,4,neutral
batsyjcline.bsky.social,0.902,1,positive
battleax-70.bsky.social,0.7269,1,positive
battlscarredbear.bsky.social,-0.8126,1,negative
bawalker.bsky.social,-0.4577,1,negative
baxie71.bsky.social,-0.6269,1,negative
baysguy.bsky.social,0.0,1,neutral
bazzasc.bsky.social,0.25,1,positive
bbbminis.bsky.social,0.0,1,neutral
bbcnews-uk-rss.bsky.social,0.0,1,neutral
bbcnews-world-rss.bsky.social,-0.03201999999999999,5,negative
bbenston.bsky.social,0.6318,1,positive
bbeshoar.bsky.social,0.0,1,neutral
bbfranin.bsky.social,0.3134,1,positive
bbgossip.bsky.social,-0.2222333333333333,3,neutral
bbo-ladymacbeth.bsky.social,-0.2263,1,negative
bcbham.bsky.social,0.0516,1,positive
bchanson.bsky.social,0.0,1,neutral
bcvet.bsky.social,0.0,1,neutral
bcwbcw.bsky.social,0.2538,2,positive
bcwildfirewkly.bsky.social,0.1291388888888889,18,positive
bdowney.bsky.social,-0.7845,1,negative
bdyguy.bsky.social,-0.74905,2,negative
beachblond52.bsky.social,-0.5562,1,negative
beaches1.bsky.social,-0.2975,2,negative
beachgirl1420.bsky.social,0.0,1,neutral
beachpatti.bsky.social,0.0,1,neutral
beachykelli.bsky.social,-0.3412,1,negative
beadl0007.bsky.social,-0.7757,1,negative
beaglesresist.bsky.social,0.19940000000000002,3,positive
beansproutsmom.bsky.social,0.05317222222222221,18,neutral
bearatone1.bsky.social,-0.2018,1,negative
bearlypolitics.co.uk,0.5859,1,positive
bearofthegrove.bsky.social,-0.3167,1,negative
beartape.bsky.social,-0.1779,1,negative
beatepdx.bsky.social,0.4902,1,positive
beatlesjane.bsky.social,-0.2263,1,negative
beatorganizer.bsky.social,0.1591,2,positive
beautifulday2day.bsky.social,0.34,1,positive
bebe1960.bsky.social,-0.23765,2,negative
bebe4real.bsky.social,0.3182,1,positive
beccasmullet.bsky.social,0.125,2,neutral
beckels.bsky.social,0.0,1,neutral
beckyb0324.bsky.social,-0.5106,1,negative
beckybunzy.bsky.social,0.0,1,neutral
beckycunningham.bsky.social,-0.8253,1,negative
bed52.bsky.social,0.21075,2,positive
beddo.bsky.social,0.5777,1,positive
bedubble.bsky.social,0.0,1,neutral
beeba1.bsky.social,0.23263333333333333,3,positive
beecard.bsky.social,-0.5077,1,negative
beefsupreme20.bsky.social,0.8155,1,positive
beeg-ames.bsky.social,-0.5994,1,negative
beehive.bsky.social,0.296,1,positive
beepbeepster.bsky.social,0.836,1,positive
beercheese.bsky.social,0.0,1,neutral
beesboy.bsky.social,0.4215,1,positive
beethovengroup.bsky.social,0.3612,1,positive
beewary.bsky.social,-0.516,1,negative
beeznplantz.bsky.social,0.296,1,positive
befoitall.bsky.social,0.0,1,neutral
begferdeth.bsky.social,0.0,1,neutral
begrace.bsky.social,-0.6222,1,negative
behones65.bsky.social,0.0,1,neutral
beiman-nancy.bsky.social,0.0,2,neutral
beingbuddy.bsky.social,0.0,1,neutral
beinghelpish.bsky.social,0.6705,1,positive
beingjamielee.bsky.social,0.0,1,neutral
belaflugosi.bsky.social,-0.7184,1,negative
belenosxxx.bsky.social,0.0,1,neutral
bellamyj.blacksky.app,-0.0433,1,neutral
bellikoff.bsky.social,-0.4767,1,negative
bellmora.bsky.social,-0.6652,1,negative
bells110.bsky.social,0.2732,1,positive
bemorelikeharper.bsky.social,0.00788571428571429,7,positive
benatthebeach.bsky.social,0.5106,1,positive
bendts2cents.bsky.social,-0.10734999999999997,2,negative
bendu2.bsky.social,0.4019,1,positive
bendyziggy.bsky.social,-0.1973666666666667,6,negative
beneathacanopy.bsky.social,0.2357,1,positive
benevoluspf.bsky.social,0.3062,2,positive
benfinity.bsky.social,-0.4753,1,negative
benfranklinsaid.bsky.social,0.6705,1,positive
bengrande.bsky.social,-0.0534,1,negative
bengtang.bsky.social,-0.34,1,negative
benitsky.bsky.social,0.0,1,neutral
benjustgiggles.bsky.social,-0.1779,1,negative
benneseed.bsky.social,-0.4939,1,negative
benrosenzweig.bsky.social,0.4951,2,positive
benrowe.uk,0.0,2,neutral
bensgigi.bsky.social,-0.2142666666666667,3,neutral
bensmom33.bsky.social,-0.3818,1,negative
bensonisrad.bsky.social,0.0,1,neutral
benstanley.eu,0.4404,1,positive
beornblack.bsky.social,0.4388,1,positive
bergstromk.bsky.social,-0.6562,1,negative
berlinesa.bsky.social,0.0,1,neutral
bern51.bsky.social,-0.4073,2,neutral
bernardleclair.bsky.social,-0.4767,2,negative
bernardoverda.bsky.social,-0.6976,1,negative
berrytree.bsky.social,0.0,1,neutral
bertschotanus.bsky.social,0.4926,1,positive
berush6.bsky.social,-0.02074999999999999,2,positive
beshannonphotos.bsky.social,0.0,1,neutral
bess-123.bsky.social,-0.1591,2,neutral
bestjohnpauljones.bsky.social,-0.5568333333333334,3,negative
beten0ire.bsky.social,-0.033174999999999996,4,neutral
bethechange1682.bsky.social,-0.21955,2,negative
bethmeacham.bsky.social,0.6124,1,positive
bethmorgan.bsky.social,0.0,1,neutral
bethrhylton.bsky.social,0.3612,1,positive
bethtoja.bsky.social,-0.3939,1,negative
bethyvampireslayer.bsky.social,0.08935000000000004,2,negative
beto.betoworks.com,0.2732,1,positive
betowolf.bsky.social,0.3689,4,neutral
betsy-cazden.bsky.social,0.7916333333333333,3,positive
better-2b-blue.bsky.social,-0.2997,2,neutral
bettevcollins.bsky.social,0.6997,1,positive
bettybarcode.com,0.6249,1,positive
bettycjung.bsky.social,-0.3462,12,negative
bettymal.bsky.social,0.0,1,neutral
bettywatty.bsky.social,0.2092,2,neutral
beveraged.bsky.social,0.0,1,neutral
beverlymann19.bsky.social,-0.5719,1,negative
bevporegon.bsky.social,-0.4098,1,negative
bexzex.bsky.social,0.0,1,neutral
bfishbfish.bsky.social,0.0,1,neutral
bfla07.bsky.social,0.0,1,neutral
bflmouse.bsky.social,0.0,1,neutral
bfwriter.bsky.social,0.5679,2,positive
bgrueskin.bsky.social,0.4019,1,positive
bguizzet.bsky.social,0.0,1,neutral
bhadeliamd.bsky.social,0.11499999999999999,5,positive
bhaste.bsky.social,0.2382,1,positive
bibliolagus.bsky.social,0.0,1,neutral
bibliophilous.bsky.social,0.1531,1,positive
biboarderdude.bsky.social,0.0,1,neutral
bicycle-fat-bloke.bsky.social,-0.5574,1,negative
bidutashjian.bsky.social,0.4215,1,positive
bierquaffer.bsky.social,0.0,1,neutral
biffwhipster.bsky.social,0.0,1,neutral
big-cat-diesel.bsky.social,0.0,1,neutral
big-steppa.bsky.social,-0.032533333333333324,3,neutral
bigaledge.bsky.social,0.3612,1,positive
bigb-in-kc.bsky.social,-0.802,1,negative
bigb72.bsky.social,0.4044,4,positive
bigbossluffy.bsky.social,0.3818,1,positive
bigbroaccess.bsky.social,-0.2731,2,negative
bigbunny420.bsky.social,0.1779,1,positive
bigbuttlefish.bsky.social,0.5927,1,positive
bigdaddyj66.bsky.social,0.0,1,neutral
bigdeal69.bsky.social,-0.4588,1,negative
bigearthdata.ai,-0.34,1,negative
bigfatbartolocolon.bsky.social,-0.4767,1,negative
bigpoppa930.bsky.social,-0.2263,1,negative
bigspider.bsky.social,-0.4404,1,negative
bigstape.bsky.social,0.3062,2,neutral
bigworker.bsky.social,-0.42645,2,negative
bikbio.bsky.social,0.0,1,neutral
bike4evr.myatproto.social,0.0,1,neutral
bikegary.bsky.social,-0.6908,1,negative
bikerchiwi.bsky.social,0.0,2,neutral
bilak1964.bsky.social,0.1027,1,positive
bilbow.bsky.social,0.03905000000000003,2,negative
bilecky.bsky.social,0.2714,1,positive
biliousmillie.bsky.social,-0.1531,1,negative
bill-comeau.bsky.social,-0.08331666666666665,6,negative
bill1950.bsky.social,0.0,1,neutral
billcapehart.bsky.social,-0.34,1,negative
billebrill.bsky.social,-0.1531,1,negative
billhanage.bsky.social,-0.10003333333333331,3,neutral
billheywood.bsky.social,0.0,1,neutral
billinportland.bsky.social,-0.4588,1,negative
billmccarthy.bsky.social,-0.04014000000000001,5,positive
billnemacheck.bsky.social,-0.25,1,negative
billr5.bsky.social,0.0,1,neutral
billstewart.bsky.social,0.2667,2,positive
billtaggard.bsky.social,0.4588,1,positive
billy-in-philly.bsky.social,0.0,1,neutral
billydlion.bsky.social,-0.4767,1,negative
billypilgrim22.bsky.social,0.0,1,neutral
billystringsphan.bsky.social,-0.296,1,negative
bilt2flyhvy-in.bsky.social,0.0032999999999999696,2,positive
bindlestiff.bsky.social,0.504,1,positive
bingus.ough.club,0.2997,2,positive
bingusrelative.bsky.social,0.2553,2,positive
binkysmum55.bsky.social,-0.33525,2,negative
biologist077.bsky.social,0.2023,1,positive
bionicmantis.bsky.social,0.1189,1,positive
bioteach2018.bsky.social,0.2516,1,positive
bioturbonick.net,-0.10113636363636366,11,negative
bipolarexplorer.info,-0.168,1,negative
birbxx.bsky.social,-0.9228,1,negative
bird-fanatic.bsky.social,-0.08895,2,negative
bird-nerdco.bsky.social,-0.7293,1,negative
birderstuart.bsky.social,0.0,1,neutral
birdguides.bsky.social,0.0,1,neutral
birdie56.bsky.social,0.4939,1,positive
birdlives.bsky.social,0.2682,1,positive
birdonthewire3.bsky.social,-0.765,1,negative
birthdaybob.bsky.social,-0.6249,1,negative
biscuitdrives.bsky.social,0.0,1,neutral
bitsmuggler.bsky.social,-0.5563,1,negative
bixtram.bsky.social,0.26335,2,positive
bizibird.bsky.social,0.0,1,neutral
bizzarist.bsky.social,0.0258,1,neutral
bj2sr.bsky.social,0.126,1,positive
bjgt.bsky.social,0.4588,1,positive
bjmcgee.bsky.social,-0.41815,2,negative
bjornih.bsky.social,-0.5413,1,negative
bk1165.bsky.social,0.17076666666666665,3,positive
bklynskater.bsky.social,0.15125,2,negative
bknnedy.bsky.social,-0.5994,1,negative
bknubian.bsky.social,0.0,1,neutral
blaaaahhhh.bsky.social,-0.6249,1,negative
blackamazon.bsky.social,0.1531,1,positive
blackcheeseburger.bsky.social,0.07655,2,positive
blackgrape.bsky.social,-0.5859,1,negative
blackohiosky.bsky.social,-0.8225,1,negative
blackopium.bsky.social,0.5719,1,positive
blackpanther25.bsky.social,0.0,1,neutral
blackpearl41.bsky.social,0.0,1,neutral
blackramazoo.bsky.social,-0.24695,2,neutral
blacksilverfire.bsky.social,0.6908,1,positive
blackskynews.blacksky.app,-0.31174999999999997,2,negative
blackstonejn.bsky.social,0.0258,1,neutral
blacktieknifefight.bsky.social,-0.0164,1,neutral
blackvalk.bsky.social,0.0,1,neutral
bladeofthes.bsky.social,-0.3698,4,negative
blakdogg0521.bsky.social,-0.7913,1,negative
blakeau19.bsky.social,0.0,1,neutral
blakethebutcher.bsky.social,-0.2732,1,negative
blandydayz.bsky.social,-0.2447,1,negative
blazetrends.bsky.social,0.7269,1,positive
blebowski.bsky.social,0.0,1,neutral
blewis.bsky.social,0.4753,1,positive
blindfish.bsky.social,0.5267,1,positive
blkshrink.bsky.social,-0.8517,1,negative
blokkedoosbjorn.bsky.social,0.7351,1,positive
bloomberg.com,-0.04311666666666667,6,negative
bloomsjo.bsky.social,0.0,1,neutral
blorpghost.bsky.social,0.0,1,neutral
blossomlilija.bsky.social,-0.056975,4,neutral
blowdart.me,-0.4588,1,negative
bltsofttaco.bsky.social,0.0,1,neutral
blu71.bsky.social,0.4199,1,positive
blue-co-tim.bsky.social,-0.14485,2,negative
blue-dot-ca.bsky.social,0.005999999999999989,3,negative
blue-n-al.bsky.social,0.0,1,neutral
blue6uy.bsky.social,0.0,6,neutral
blueallylove.bsky.social,0.2202,2,positive
bluealways.bsky.social,-0.0772,1,negative
blueappaloosa.bsky.social,-0.27980000000000005,2,positive
bluebaby1967.bsky.social,0.0,1,neutral
bluebabyboomer.bsky.social,0.3294,2,positive
blueballls.bsky.social,0.0,1,neutral
blueberrijuice.bsky.social,-0.2787,2,negative
bluebing.bsky.social,-0.5727,1,negative
bluebird-chick.bsky.social,0.0,1,neutral
bluebirdofunhap.bsky.social,-0.4594666666666667,3,negative
bluebirdsfly21.bsky.social,-0.6597,1,negative
blueboomer3.bsky.social,-0.7964,1,negative
bluebuscap.bsky.social,0.0,1,neutral
bluebuyu.bsky.social,-0.7896,1,negative
bluedish.bsky.social,-0.3842,2,negative
bluedoggy.bsky.social,-0.296,1,negative
bluedotinmaine.bsky.social,0.2086,2,positive
bluedotsc.bsky.social,-0.44815,2,negative
bluedottx.bsky.social,0.0,1,neutral
bluedotut.bsky.social,-0.3182,1,negative
bluefolk.bsky.social,-0.057999999999999996,4,negative
bluefrommagioh.bsky.social,0.0,1,neutral
bluegrammy.bsky.social,-0.4767,1,negative
bluegreen195.bsky.social,-0.25834999999999997,2,positive
bluein1.bsky.social,-0.8779,1,negative
blueinmo1957.bsky.social,-0.81375,2,negative
blueistheonlyway.bsky.social,0.3939,1,positive
bluejay207.bsky.social,0.0,1,neutral
bluejwoo.bsky.social,0.4404,1,positive
bluekansas.bsky.social,0.0,1,neutral
bluekentuckygal.bsky.social,0.4215,1,positive
bluekrampus.bsky.social,-0.3454,2,negative
bluemarlinhunter.bsky.social,0.4939,1,positive
bluemonkey2025.bsky.social,-0.837,1,negative
bluemonkeyboy.bsky.social,0.0,1,neutral
bluemoonjune2527.bsky.social,0.0,1,neutral
bluepowdermonk.bsky.social,-0.0386,2,negative
blueravefinn.bsky.social,0.0,1,neutral
blueresolute.bsky.social,0.1366,2,neutral
blueribbonpac.bsky.social,-0.3182,1,negative
blueridgehippy.bsky.social,0.4019,1,positive
blueriverrrr.bsky.social,0.18492499999999998,4,neutral
blueshiftnz.bsky.social,0.0,1,neutral
blueskyer124.bsky.social,-0.4329,1,negative
blueskypeg.bsky.social,0.0,1,neutral
bluesmaster.bsky.social,0.0,1,neutral
bluesmobile.bsky.social,-0.5574,1,negative
bluesnowflake.bsky.social,0.03341666666666667,6,neutral
bluesoulfree.bsky.social,0.4404,1,positive
bluestatebabe.bsky.social,-0.1901,1,negative
bluesterb.bsky.social,0.0,2,neutral
bluetextam.bsky.social,0.4404,1,positive
blueweevil.bsky.social,0.2263,1,positive
bluewhaleshit.bsky.social,0.4926,1,positive
bluewomanvoting123.bsky.social,0.06795000000000001,2,positive
blukryptonian.bsky.social,-0.296,1,negative
blunami2026.bsky.social,0.45204999999999995,2,positive
blunderalong.bsky.social,0.0,1,neutral
blunkin.bsky.social,-0.5423,1,negative
bluntangle.bsky.social,0.4877,1,positive
blusterbrown.bsky.social,0.0,1,neutral
bm1970.bsky.social,-0.13882,5,negative
bmaschino.bsky.social,0.0,1,neutral
bmcnett.bsky.social,0.4588,1,positive
bmj.com,-0.2732,1,negative
bob-a-lob.bsky.social,0.0,1,neutral
bob-garner.bsky.social,-0.0772,1,negative
bob-t.bsky.social,0.7184,1,positive
bob1948.bsky.social,0.4404,1,positive
bobah51.bsky.social,-0.24564999999999998,2,positive
bobapril.bsky.social,-0.8679,1,negative
bobbycorwin.bsky.social,0.0,1,neutral
bobbygoode.bsky.social,0.4939,1,positive
bobbylewis.bsky.social,-0.2032,2,positive
bobcalhoun.bsky.social,-0.5574,1,negative
bobdunkin.bsky.social,0.0,1,neutral
bobnotalice.bsky.social,0.3182,1,positive
boboinparadise.bsky.social,-0.1027,1,negative
bobson-dugnut.bsky.social,0.1531,1,positive
bobtheangryone.bsky.social,-0.24130000000000001,4,negative
bobtheguardian.bsky.social,0.2732,1,positive
bocckob.bsky.social,0.5562,1,positive
bockdr.bsky.social,-0.4215,1,negative
bocksam.bsky.social,0.3182,1,positive
bodacious95.bsky.social,-0.8049999999999999,2,negative
bodhiboo.bsky.social,-0.296,1,negative
bofadeezbuckeyes.bsky.social,-0.4404,1,negative
bofier.bsky.social,-0.8061,1,negative
boggsk.bsky.social,-0.6669,1,negative
boggywitch.bsky.social,-0.13283333333333333,6,positive
boghuma.bsky.social,-0.20333142857142858,35,negative
bogyankee.bsky.social,0.44725,2,positive
boiler79.bsky.social,0.0,1,neutral
boisefootballdude.bsky.social,-0.4215,1,negative
boknaai.bsky.social,0.0,1,neutral
boldandtothepoint.bsky.social,-0.8969,1,negative
boldnewme.bsky.social,-0.5023,1,negative
boles.bsky.social,0.0,1,neutral
bombaycrone.bsky.social,0.33125,2,positive
boneidleben.bsky.social,0.0,1,neutral
bones015.bsky.social,0.4215,1,positive
bonesbrigaderipper.bsky.social,0.0,1,neutral
bonkersbroncos.bsky.social,0.0,1,neutral
bonkski.bsky.social,0.11821666666666668,6,neutral
bonnieedwards.bsky.social,-0.1531,1,negative
bonniegriffith2.bsky.social,0.34,1,positive
bonnielassie.bsky.social,-0.4215,1,negative
bonshob.bsky.social,0.4926,1,positive
boobaesq.bsky.social,0.0,2,neutral
bookgoddess1.bsky.social,-0.5911,1,negative
bookherd.bsky.social,-0.4215,1,negative
booknerdshoegirl.bsky.social,0.1655,1,positive
bookreadingdiva54.bsky.social,0.27102499999999996,4,neutral
booksbooks50.bsky.social,0.6298,1,positive
bookworm604.bsky.social,-0.07775000000000001,2,positive
boom-whatsgoingon.bsky.social,0.2714,1,positive
boomboommancini.bsky.social,-0.5994,1,negative
boomerama.bsky.social,-0.5766,1,negative
boontonkat.bsky.social,-0.35619999999999996,4,negative
booond.bsky.social,0.0,1,neutral
bootsonstreets.bsky.social,-0.6997,1,negative
bordersbarking.bsky.social,-0.296,1,negative
boredscrollmaster.bsky.social,-0.44055,2,neutral
borgdad.bsky.social,0.824,1,positive
borisnorris.bsky.social,0.0,1,neutral
borkjurgen.bsky.social,0.5040333333333333,3,positive
bornat3b.bsky.social,-0.5586,2,negative
bornmiserable.bsky.social,-0.45627000000000006,10,negative
borntobark.bsky.social,0.5106,1,positive
borsetshireblue.bsky.social,0.5574,1,positive
bossy22.bsky.social,-0.1431,1,negative
bostoncombot.bsky.social,0.0,1,neutral
bostongayboy.bsky.social,0.0,3,neutral
bostwo.bsky.social,-0.2481,1,negative
bot-tan.suibari.com,0.4097799999999999,5,positive
botany.bsky.social,0.4767,1,positive
bowreader.bsky.social,0.0,1,neutral
boxelder.bsky.social,0.0,1,neutral
boykobostonian.bsky.social,0.0,2,neutral
bpatter49.bsky.social,0.0,1,neutral
bplane.bsky.social,-0.4019,1,negative
bquilty.bsky.social,-0.37095,2,negative
br3nda.bsky.social,0.0,1,neutral
braak.bsky.social,-0.0516,1,negative
bradjarvis.bsky.social,0.0,1,neutral
bradknightmusic.bsky.social,0.20566666666666666,3,positive
bradleygoodson.bsky.social,0.3182,1,positive
bradyjam.bsky.social,-0.5719,1,negative
brahmsstoker.bsky.social,-0.11595000000000001,2,positive
brainmist.bsky.social,0.2732,1,positive
braithmiller.bsky.social,0.4136,2,positive
bramvm.bsky.social,-0.08795,2,neutral
brandonbird.bsky.social,-0.5812,1,negative
brandoneffdub.bsky.social,-0.6808,1,negative
brandonnolte13.bsky.social,0.5719,1,positive
branewyrms.bsky.social,-0.296,1,negative
bratgma.bsky.social,0.0,1,neutral
bravebern.bsky.social,0.0,1,neutral
bravehoundgabby.bsky.social,-0.34,1,negative
bravenewworld2024.bsky.social,0.7003,1,positive
bravoechonone.bsky.social,-0.010425000000000004,4,neutral
brazeauerin.bsky.social,0.0,1,neutral
breadedhamster.bsky.social,0.0,1,neutral
breakfasthost.blacksky.app,-0.2732,1,negative
breakfastinspector.bsky.social,-0.4767,1,negative
breal.bsky.social,-0.4429,2,neutral
breathefree.bsky.social,0.035316666666666656,6,neutral
brebis.bsky.social,0.3182,1,positive
breen.myatproto.social,-0.2553,2,neutral
brelknight.bsky.social,0.00410000000000002,4,positive
brendelbored.bsky.social,0.4939,1,positive
brendonowicz.cryptoanarchy.network,0.6124,1,positive
brenthor.bsky.social,-0.7096,1,negative
brentwokmaster.bsky.social,0.4404,1,positive
brenziekay.bsky.social,0.35799999999999993,3,positive
bretplate.bsky.social,0.0,1,neutral
brettezeleliquide.bsky.social,0.4939,1,positive
brewergnome.bsky.social,0.023249999999999993,2,negative
brewlord.bsky.social,0.0,1,neutral
brewsfan1.bsky.social,0.11585000000000004,2,negative
brgriff.bsky.social,0.5328999999999999,2,positive
brianb99.bsky.social,0.5859,1,positive
briandilkes.bsky.social,-0.1027,1,negative
briandubz.bsky.social,-0.34,1,negative
briandunn.bsky.social,0.0,1,neutral
brianebledsoe.bsky.social,0.2732,1,positive
brianedaly.bsky.social,-0.3182,1,negative
brianhanaman.bsky.social,0.0,1,neutral
brianharrod.bsky.social,-0.6166,1,negative
brianka.bsky.social,0.0,1,neutral
brianmaxhouston.bsky.social,0.0,1,neutral
brianoloughlin9.bsky.social,0.0,1,neutral
brianrosenworcel.bsky.social,0.4215,1,positive
briansantacruz.bsky.social,0.0,1,neutral
briansqueaks.bsky.social,-0.296,1,negative
briantylercohen.bsky.social,-0.5574,1,negative
briciousssecond.bsky.social,0.6369,1,positive
bridgelita-ora.bsky.social,0.4215,1,positive
bridgetck.bsky.social,0.31845,2,neutral
bridgetmcgann.medsky.social,-0.8713500000000001,2,negative
brienmcmullen.bsky.social,-0.4588,1,negative
briesmith.xyz,-0.7906,1,negative
brightandbeautiful.bsky.social,-0.49923333333333336,3,negative
brikelike.bsky.social,0.04585000000000001,10,neutral
bringfido.bsky.social,0.6246,1,positive
bringon2026.bsky.social,0.6369,1,positive
bristolmyerssqi.bsky.social,0.0,1,neutral
brit15h.bsky.social,0.3401,1,positive
britbob1.bsky.social,-0.1909,2,neutral
britculpsapp.bsky.social,-0.028092857142857152,14,neutral
britdetectiveshows.bsky.social,0.4753,1,positive
brittexkavi.bsky.social,0.3802,1,positive
broadcastpulsate.bsky.social,0.0,1,neutral
broadwaybabyto.bsky.social,-0.43179999999999996,3,negative
brokenbanker.bsky.social,0.6476,1,positive
bronckielanche.bsky.social,0.4404,1,positive
broncobillymccoy.bsky.social,-0.0941,1,negative
bronte1966.bsky.social,-0.3566,1,negative
brooklyn75.bsky.social,-0.6249,1,negative
brookswalsh.bsky.social,0.4588,1,positive
brosemitesam.bsky.social,-0.051450000000000023,4,negative
brossentia.bsky.social,0.2244,1,positive
brothersly.bsky.social,-0.2148,1,negative
brotillery.bsky.social,-0.1439,1,negative
brownecfm.bsky.social,-0.22146666666666667,3,negative
browneyedgal00001.bsky.social,-0.296,1,negative
browneyedgirl876.bsky.social,0.2787,2,neutral
brownstoneadd.bsky.social,-0.4215,1,negative
brownsuddenly.bsky.social,-0.148,2,neutral
browwiw.bsky.social,0.01780000000000002,3,negative
brucewilson.bsky.social,0.07012499999999999,4,positive
bruderful.bsky.social,0.0,1,neutral
bruin408.bsky.social,-0.06835,2,negative
brunojnavarro.bsky.social,-0.9136,1,negative
brutalrealist.bsky.social,0.0,1,neutral
bryanjersey-14.bsky.social,0.5106,1,positive
bryannthomas.bsky.social,0.4939,1,positive
bryantime.bsky.social,-0.9169,1,negative
bryb.bsky.social,0.0,1,neutral
brycefb.bsky.social,-0.03796666666666667,3,negative
bs50.bsky.social,0.0,1,neutral
bschillace.brandyschillace.com,0.0,1,neutral
bseadeer.bsky.social,0.0,1,neutral
bselected.bsky.social,-0.3083,2,neutral
bsfavourite.bsky.social,-0.3818,1,negative
bsh00.bsky.social,-0.4215,1,negative
bshipp.bsky.social,0.6124,1,positive
bsjcr.bsky.social,0.7783,1,positive
bstaples.bsky.social,0.0,1,neutral
bswove.bsky.social,0.0,1,neutral
bt70289.bsky.social,0.0,2,neutral
bubbletheviking.bsky.social,0.0,1,neutral
bubblyatheist.bsky.social,-0.5413,1,negative
bubz491.bsky.social,0.6705,1,positive
buca.bsky.social,0.0903,4,neutral
buchanan101.bsky.social,-0.07774999999999999,2,positive
buckaroosbonsai.bsky.social,0.3294,2,positive
buckchaser.bsky.social,-0.296,1,negative
buckeyenative01.bsky.social,-0.08179999999999998,2,positive
buckivotesblue.bsky.social,0.296,1,positive
bucks-county-lib.bsky.social,0.0,1,neutral
buckygoodhair.bsky.social,-0.0516,1,negative
buddhaferret.bsky.social,0.2263,1,positive
budgie14.bsky.social,0.0,1,neutral
budzworthy.bsky.social,-0.46715,2,negative
buellsky.bsky.social,0.0,1,neutral
buffbobbyg.bsky.social,0.0,1,neutral
buffy71.bsky.social,0.4404,1,positive
bugeye61.bsky.social,-0.5423,1,negative
bugfajita.bsky.social,0.0,1,neutral
builttoshill.bsky.social,0.0,1,neutral
bullcity.bsky.social,-0.4003,1,negative
bullgooseparty.bsky.social,0.0,1,neutral
bullwinklepreident.bsky.social,0.5538,1,positive
bunniboyarts.bsky.social,0.7564,1,positive
bunsybunn.bsky.social,-0.20095,2,neutral
burakkusagi.bsky.social,0.0,1,neutral
burnsieann.bsky.social,0.0,1,neutral
burritojustice.bsky.social,0.3612,1,positive
burtreynolds.bsky.social,-0.21785,2,negative
buster42.bsky.social,0.2193,1,positive
butpawwwlll.bsky.social,-0.36105,2,negative
butterflylife68.bsky.social,-0.38539999999999996,2,negative
butterflylovely.bsky.social,0.0,1,neutral
butterflyskelly.bsky.social,0.0,1,neutral
buttes.bsky.social,-0.38134999999999997,2,negative
buzzy1.bsky.social,0.8873,1,positive
buzzybus.bsky.social,-0.1557,1,negative
bweiny.bsky.social,0.6996,1,positive
bwjones.bsky.social,-0.68625,2,negative
bwr2628.bsky.social,0.296,1,positive
bwreed.bsky.social,0.1754,1,positive
by-mhrudolph.bsky.social,-0.3818,1,negative
byroya.com,-0.6269,1,negative
c0ast3r.endrun.io,-0.7783,1,negative
c0nc0rdance.bsky.social,0.2023,1,positive
c0sm0s.bsky.social,0.2944,1,positive
c2snow.bsky.social,-0.6808,1,negative
c4miles222.bsky.social,0.0,1,neutral
cabbageridge.bsky.social,0.1779,1,positive
caconway.bsky.social,0.4404,1,positive
cactusbarb.bsky.social,0.34,1,positive
cactusf1ower.bsky.social,-0.1531,1,negative
caffeinatedchemist.bsky.social,-0.3252,1,negative
caffeineislife.bsky.social,0.0,1,neutral
caffienekitty.bsky.social,0.3182,1,positive
cageyratfish.bsky.social,0.0,1,neutral
cagirlinsf.bsky.social,0.0,1,neutral
cairnbuilder.bsky.social,-0.6124,1,negative
cajn.bsky.social,0.0,1,neutral
calamity1849.bsky.social,0.0,2,neutral
calc88.bsky.social,-0.8402,1,negative
calebmercersdesk.bsky.social,-0.1909,2,negative
calidemocrat.bsky.social,0.21797,10,positive
californiahorst.bsky.social,0.28595,2,neutral
caliginouscalico.bsky.social,0.0,1,neutral
calinewfie.bsky.social,-0.17865,4,neutral
call-me-carl.bsky.social,0.0,1,neutral
calleycat.bsky.social,-0.05440000000000002,4,neutral
calliopelyric.bsky.social,-0.28595,2,negative
calliopethecat.bsky.social,-0.5859,1,negative
callmegram.bsky.social,-0.0258,1,neutral
callmemare.bsky.social,-0.31705,2,negative
callsignwhisker.bsky.social,-0.2263,1,negative
callymeg.bsky.social,-0.017157142857142853,7,neutral
calmax.bsky.social,0.0,1,neutral
calsantafe.bsky.social,0.0,1,neutral
calvenhobbes.bsky.social,-0.9176,1,negative
calvinandhobbes69.bsky.social,0.2336666666666667,3,positive
cam-rpcv.bsky.social,-0.4404,1,negative
cambo13.bsky.social,-0.4767,1,negative
cambobomb.bsky.social,0.7358,1,positive
camcopp.bsky.social,-0.030949999999999978,2,positive
cameroncorduroy.bsky.social,-0.1531,1,negative
campchitaqua.bsky.social,-0.3182,1,negative
canadahealthwatch.ca,-0.14621428571428569,7,negative
canadarobin.bsky.social,-0.12030000000000002,2,negative
canadasky1.bsky.social,-0.5106,1,negative
canaryburgundy.bsky.social,0.0,1,neutral
cancatdo.bsky.social,-0.287425,4,negative
candidus00.bsky.social,-0.4522,1,negative
candyengland.bsky.social,-0.9179,1,negative
canuck666.bsky.social,0.0,1,neutral
canuckistanidxb.bsky.social,-0.7964,1,negative
caoimhean.bsky.social,-0.6696,1,negative
capecodcountry.bsky.social,0.4497,1,positive
capecodpostaah.bsky.social,-0.2023,1,negative
caper55.bsky.social,-0.5106,1,negative
capitalismsux.bsky.social,-0.3595,1,negative
capitationfavor.bsky.social,-0.656,1,negative
capnsaltsquid.bsky.social,-0.5267,1,negative
capricorn21.bsky.social,-0.6908,1,negative
captainconstance.bsky.social,-0.2333875,8,positive
captainelertis.bsky.social,-0.39225,2,neutral
captainfrogbert.bsky.social,0.296,1,positive
captainkramer.bsky.social,0.0,1,neutral
captainles.bsky.social,0.0,1,neutral
captainpeterquinn.bsky.social,0.0,1,neutral
captairkat.bsky.social,0.0,1,neutral
captanarchy.cryptoanarchy.network,0.0,2,neutral
captkandy.bsky.social,0.0,1,neutral
capublichealth.bsky.social,0.17792,5,positive
capurrogal49.bsky.social,0.7639,1,positive
cara7177.bsky.social,-0.03899999999999998,2,positive
cardude.bsky.social,-0.4404,1,negative
carelesswhisperer.bsky.social,-0.43335,2,negative
cargie.baby,0.25115,2,neutral
caringdoctors.bsky.social,0.401,1,positive
carlak.bsky.social,-0.553375,4,negative
carlbergstrom.com,0.33483999999999997,5,positive
carldownunder.bsky.social,0.5859,1,positive
carljungfranz.bsky.social,-0.10115,2,negative
carlmarxman.northsky.social,-0.2553,2,negative
carlmucha.bsky.social,0.3182,1,positive
carlosamammal.bsky.social,-0.019449999999999995,2,negative
carlporterroberts.bsky.social,0.0,1,neutral
carlquintanilla.bsky.social,-0.7263,2,negative
carlring.bsky.social,0.7506,1,positive
carly71.bsky.social,0.5920333333333333,3,positive
carly911.bsky.social,-0.3612,1,negative
carlynclark.bsky.social,0.0,2,neutral
carlzimmer.com,-0.2732,1,negative
carolannesundahl.bsky.social,-0.2873,2,negative
carolinalimalima.bsky.social,0.2023,1,positive
carolinefan.bsky.social,0.15744,5,neutral
carolinemoore.bsky.social,0.8261,1,positive
carolinerussell.bsky.social,0.0,1,neutral
carollovescookies.bsky.social,0.717,1,positive
carolmca.bsky.social,0.0,1,neutral
carolrd.bsky.social,-0.13903333333333331,3,positive
carottebrulante.bsky.social,0.0,1,neutral
carpederpum.bsky.social,0.1531,1,positive
carpenter22.bsky.social,0.12040000000000001,3,positive
carriemadsin.bsky.social,0.0,1,neutral
carrier-media.co.uk,0.7184,1,positive
carriesweet.bsky.social,-0.17985,2,neutral
carronlaforce.bsky.social,0.01765,2,negative
cartercw.bsky.social,-0.42155,2,negative
cas.bsky.social,-0.3818,1,negative
casaconnie.bsky.social,0.0,3,neutral
cascada57.bsky.social,0.0,2,neutral
cascade4157.bsky.social,-0.1779,1,negative
cascadiacoug.bsky.social,-0.1027,1,negative
cascadiadeepbay.bsky.social,-0.03380000000000001,2,positive
cascadiajournal.bsky.social,0.1007,1,positive
casey70.bsky.social,0.0,1,neutral
caseyjonesed.bsky.social,-0.5106,1,negative
cassandrashuman.bsky.social,0.6486,1,positive
cassandrawept.northsky.social,0.0,1,neutral
cassiehosh.bsky.social,0.5346,1,positive
cassiesmom.bsky.social,0.27985,2,positive
castanet.net,-0.2832666666666666,3,negative
castanton.bsky.social,0.4588,1,positive
castlebravoli7.gobirds.online,-0.5106,1,negative
castltrastondrs.bsky.social,-0.38225,2,neutral
casuallychaotic.bsky.social,0.3612,1,positive
cat-appreciator.bsky.social,-0.1027,1,negative
cat9.bsky.social,0.29725,2,positive
catacalypto.bsky.social,0.22216,5,positive
catalystmeow.bsky.social,-0.4939,1,negative
catamoto.bsky.social,-0.14026666666666668,3,positive
catanonim.me,0.0572,2,positive
catastrophegirl.bsky.social,-0.4019,1,negative
catbe1.bsky.social,0.058,1,positive
catboomom.bsky.social,-0.7644,1,negative
catcmdr1.bsky.social,0.0,1,neutral
catcresswell.bsky.social,-0.586,1,negative
catfrat.bsky.social,0.11553333333333334,3,positive
catgang4.bsky.social,-0.12674999999999997,2,positive
cathnoakes.bsky.social,-0.04729999999999998,2,negative
cathostage.bsky.social,-0.2488,2,negative
cathulme.bsky.social,-0.5849,1,negative
cathyinoz.bsky.social,0.0,1,neutral
catiek.bsky.social,-0.6705,1,negative
catinthehague.bsky.social,-0.1695,1,negative
catkelley.bsky.social,0.16075555555555554,9,positive
catlindsey.bsky.social,-0.8149,1,negative
catlove40476297.bsky.social,0.3245,2,negative
catlowe65.bsky.social,0.3182,1,positive
catmantoo.bsky.social,0.0,1,neutral
catpaladin.bsky.social,-0.35,1,negative
cats-wink.bsky.social,-0.31103333333333333,3,negative
catsdogshorses.bsky.social,0.0,1,neutral
catsforpeace2.bsky.social,0.0,1,neutral
catshadow.bsky.social,-0.0516,1,negative
catsinnh.bsky.social,0.0,1,neutral
catsynth.bsky.social,0.0,1,neutral
catwhoorg.bsky.social,0.1027,1,positive
cave-malum.bsky.social,-0.19046666666666665,3,negative
caveatemptorbich.bsky.social,-0.2481,1,negative
cavendish-rowe.bsky.social,0.6124,1,positive
cayman007.bsky.social,0.0,1,neutral
cbtbiscuit.bsky.social,0.4316333333333333,3,positive
cbvet420.bsky.social,0.0772,1,positive
ccburtner.bsky.social,-0.0516,1,negative
cccpd.bsky.social,0.0,1,neutral
cchhccaa.bsky.social,-0.296,1,negative
cchiv.bsky.social,0.3612,1,positive
cchopes.bsky.social,-0.5859,1,negative
ccrask.bsky.social,0.0,1,neutral
cd27.bsky.social,0.2263,1,positive
cdb87.bsky.social,0.0,1,neutral
cdneh45.bsky.social,0.0,2,neutral
cdnmoonbeam.bsky.social,-0.5423,1,negative
cdonner.bsky.social,0.5719,1,positive
cdph.bsky.social,-0.6946,1,negative
cdpositive.bsky.social,0.4215,1,positive
ceas10.bsky.social,0.3182,1,positive
cedar-sherlock32.bsky.social,0.6588,1,positive
ceeks.bsky.social,-0.6908,1,negative
ceilingcat.bsky.social,-0.34,1,negative
celephais42.bsky.social,0.0,1,neutral
celestial-hart.bsky.social,-0.3527,1,negative
celinegounder.com,-0.16710000000000003,3,negative
cellizt.bsky.social,-0.357,1,negative
celluloidsoul.bsky.social,-0.4184,1,negative
cemck.bsky.social,0.0,1,neutral
centralplanning.bsky.social,0.0,1,neutral
centricircle.bsky.social,-0.4215,1,negative
ceruleanman.bsky.social,-0.3698,2,negative
cervantesx.bsky.social,-0.4939,1,negative
cestith.bsky.social,0.0,1,neutral
cetacia65.bsky.social,-0.1027,1,negative
cfhurricane.bsky.social,0.0267,2,positive
cfpharmd.bsky.social,0.4019,1,positive
cgeist.bsky.social,-0.9779,1,negative
chadcrichton.bsky.social,-0.2433,2,positive
chadloder.dev,-0.07404999999999998,2,negative
chaff.bsky.social,-0.7506,1,negative
chairmanbarney.bsky.social,0.5983,2,positive
challahtician.bsky.social,0.4939,1,positive
chamborambeaux.bsky.social,0.0,1,neutral
chameleonaethos.bsky.social,0.37185,2,positive
championsvinyls.bsky.social,0.6249,1,positive
chancethegardener.bsky.social,-0.75335,2,negative
chandranatha.bsky.social,0.3182,1,positive
chanellee.bsky.social,-0.25,1,negative
channel4news.bsky.social,-0.183775,4,neutral
chantzy.bsky.social,0.16647083333333332,24,positive
chaosagent42.bsky.social,0.5106,1,positive
chaoscaptured.bsky.social,-0.8537,1,negative
chaostosurreal.bsky.social,-0.6597,1,negative
chaoticmayhem.bsky.social,-0.7363,1,negative
chariotfortuna.bsky.social,0.0,1,neutral
chariselee.bsky.social,-0.40066666666666667,3,negative
charitychicken.bsky.social,0.67415,2,positive
charlene411.bsky.social,0.0,1,neutral
charles-198.bsky.social,0.2003,1,positive
charlieharry.bsky.social,0.0,1,neutral
charliekauffman.bsky.social,0.4215,1,positive
charlotteissyvoo.bsky.social,-0.34,1,negative
charltonchris.bsky.social,0.0,1,neutral
chas0853.bsky.social,-0.08426666666666664,3,negative
chase76.bsky.social,-0.0387,1,neutral
chatbotte.bsky.social,0.17236666666666667,3,neutral
chathamharrison.bsky.social,0.11345,2,negative
chazmn78.bsky.social,0.0,1,neutral
cheatlines.co,0.028669230769230763,13,neutral
cheerijessie.bsky.social,0.2755,1,positive
cheery-up.bsky.social,0.3612,1,positive
cheeseandjam.bsky.social,0.0,1,neutral
cheesecakechik.bsky.social,-0.5267,1,negative
cheetodusty.bsky.social,0.0,1,neutral
chefdejour.bsky.social,0.0,1,neutral
chefjbsatterwhite.bsky.social,0.0,1,neutral
cheknews.ca,0.26335,2,positive
chelseariffic.bsky.social,0.4019,1,positive
chelson5649.bsky.social,-0.3818,1,negative
chemayo.bsky.social,0.4374,1,positive
chenx064.bsky.social,-0.778,1,negative
chercheurjuteux.com,0.0,1,neutral
cherhill.bsky.social,-0.296,1,negative
chert.bsky.social,0.2732,1,positive
cheryllb.bsky.social,-0.2023,1,negative
cherylm56588591.bsky.social,-0.2551,2,negative
chesman.bsky.social,0.0,1,neutral
chessercat.bsky.social,-0.07924,10,negative
chevelle66ca.bsky.social,0.7633,1,positive
chevy55.bsky.social,0.0,1,neutral
cheyenne50.bsky.social,0.2235,1,positive
chgotolv.bsky.social,0.7296,1,positive
chiarchfiend.bsky.social,0.6323,1,positive
chicago.suntimes.com,0.0,1,neutral
chicagobonehead.bsky.social,-0.8674,1,negative
chicagotribune.com,-0.06276000000000001,5,negative
chicken-chick.bsky.social,0.5727,1,positive
chickenlady.bsky.social,0.11159999999999999,4,positive
chicksydix.bsky.social,0.3182,1,positive
chidi1.bsky.social,-0.4939,1,negative
chiefchris2002.bsky.social,0.0,1,neutral
chiefgary.bsky.social,-0.1901,1,negative
chiefpad.bsky.social,-0.4767,1,negative
chihuahua6.bsky.social,0.0,1,neutral
chilangolandia.bsky.social,0.8481,1,positive
chipgibson.bsky.social,0.3412,1,positive
chiprogressive.bsky.social,0.0772,1,positive
chiroxy.bsky.social,-0.4767,1,negative
chirpymagpie.bsky.social,0.2023,1,positive
chistery1.bsky.social,0.89,1,positive
chllsp.bsky.social,-0.296,1,negative
cho-pan-alebrije.bsky.social,-0.3818,1,negative
chocolatefire.bsky.social,-0.12155000000000002,2,negative
chofualum.bsky.social,-0.19,5,negative
choirchic.bsky.social,-0.0503,1,negative
cholingo.bsky.social,0.2732,1,positive
chopalley.bsky.social,-0.09,1,negative
chopchopok.bsky.social,-0.5106,1,negative
chrb90.bsky.social,-0.5106,1,negative
chrisannad.bsky.social,0.0356888888888889,9,neutral
chrisaunders.bsky.social,0.4767,1,positive
chrisaurora.eurosky.social,0.0,1,neutral
chrisbritt.bsky.social,0.0,1,neutral
chrisbyc.bsky.social,-0.27060000000000006,2,positive
chriscartwright.bsky.social,0.4588,1,positive
chrischoptain.bsky.social,0.0,1,neutral
chrisd238.bsky.social,0.0,2,neutral
chrisdornan.bsky.social,0.3997,3,positive
chrisferret.bsky.social,0.1531,1,positive
chrisflores1958.bsky.social,0.4215,1,positive
chrishirschberg.bsky.social,-0.43096666666666666,3,negative
chrisholly.bsky.social,-0.21816,5,negative
chrisjustice01.bsky.social,-0.6339,5,negative
chrislacy.bsky.social,-0.34,3,negative
chrislinde.bsky.social,0.4404,1,positive
chrismba.bsky.social,0.4019,1,positive
chrisnesselrode.bsky.social,0.0,1,neutral
chrisquixote.bsky.social,-0.3404,1,negative
chrissactoca.bsky.social,0.6666,1,positive
chrissteller.bsky.social,-0.08206,5,negative
christabourg.bsky.social,0.0,1,neutral
christbot.bsky.social,-0.057722222222222216,9,positive
christerfur.bsky.social,0.4939,1,positive
christianeschotsch.bsky.social,-0.58365,2,negative
christiegolden.bsky.social,0.0,1,neutral
christopezemole.bsky.social,-0.0772,1,negative
christophercase.bsky.social,0.2023,1,positive
christpm.bsky.social,-0.5574,1,negative
christyceeck.bsky.social,-0.31327499999999997,4,negative
christyyb.bsky.social,-0.6901,1,negative
chrisvls.bsky.social,0.6389,3,positive
chroniccanadian.bsky.social,0.0,1,neutral
chronin.bsky.social,-0.5106,1,negative
chrstine24.bsky.social,0.0,1,neutral
chthonicsmith.bsky.social,0.5927,1,positive
chuckolalala.bsky.social,0.0,1,neutral
chuckroast12.bsky.social,0.5954,1,positive
chuckwatkins.bsky.social,0.6091,1,positive
chumbus.bsky.social,-0.1531,1,negative
chylltyrant.bsky.social,0.128,1,positive
ciaranoshea82.bsky.social,-0.16485000000000002,2,negative
cidrap.bsky.social,-0.31415714285714286,7,negative
cigciglar.bsky.social,-0.5423,1,negative
cincity.bsky.social,0.0,2,neutral
cinderella-7.bsky.social,0.0772,1,positive
cindyfly96.bsky.social,-0.4767,1,negative
cindyjurie.bsky.social,-0.18236666666666668,3,positive
cindylee.bsky.social,-0.1541,1,negative
cindyo8671.bsky.social,-0.6792,1,negative
cindyporter08.bsky.social,0.8605,1,positive
cindyrice1.bsky.social,0.34,1,positive
cindyrn.bsky.social,-0.8398,1,negative
cingraham.bsky.social,-0.2182,2,positive
cinnamonremote.bsky.social,0.6369,1,positive
circaliz.bsky.social,0.0,1,neutral
cissybgood67.bsky.social,0.296,1,positive
citizenharry.bsky.social,0.0,1,neutral
citoyen-fr-01.bsky.social,0.0,1,neutral
cityofangelle.bsky.social,0.0,1,neutral
civil4liberties.bsky.social,-0.6946,1,negative
cjm57.bsky.social,-0.8035,1,negative
cjseahorsemom.bsky.social,0.2732,1,positive
cjvotesblue.bsky.social,0.0,1,neutral
claire1.bsky.social,-0.09866666666666667,3,neutral
claremurray.bsky.social,-0.4939,1,negative
clareraynor.bsky.social,-0.4404,1,negative
classytee.bsky.social,0.0,1,neutral
claude-oneshot.bsky.social,0.7906,1,positive
claudebadley.bsky.social,-0.4939,1,negative
claudiac.bsky.social,-0.0629,2,neutral
claudialamb.bsky.social,-0.7754,2,negative
clausernst.bsky.social,0.6249,1,positive
clayblasdel.bsky.social,-0.7096,1,negative
clayndwoods.bsky.social,-0.5345,2,negative
claypotter.bsky.social,0.31245,2,neutral
cleanairkits.bsky.social,0.22821111111111111,9,positive
clearandloud.bsky.social,-0.296,1,negative
clearlyashley.bsky.social,0.1779,1,positive
clearskies62.bsky.social,-0.5697,1,negative
clearsonnyday.bsky.social,0.05963333333333335,3,positive
cleatusjethro.bsky.social,0.0,1,neutral
clemensjp.bsky.social,0.0,1,neutral
clementinedoro.bsky.social,0.4404,1,positive
clemesq.bsky.social,0.2263,1,positive
cleonavarro.bsky.social,0.2481,1,positive
clfulton.bsky.social,0.4927,2,positive
clickbaitwizard.bsky.social,-0.4939,1,negative
clickgate.bsky.social,-0.4404,1,negative
clinicalliz.bsky.social,0.0772,1,positive
clio2.bsky.social,-0.2732,1,negative
clirkus.bsky.social,0.0,1,neutral
clivingsbkk.bsky.social,-0.2975,1,negative
clnz.bsky.social,-0.2528333333333333,3,negative
clockworkpiece.bsky.social,0.4054,4,positive
cloe1848.bsky.social,0.1531,1,positive
clofsnitville.bsky.social,0.14182857142857144,7,positive
cls180.bsky.social,0.0,2,neutral
cluestore.bsky.social,0.0,1,neutral
clydes46.bsky.social,0.0,1,neutral
clynnn.bsky.social,0.5106,1,positive
cmaguire3.bsky.social,-0.2287,3,negative
cmcd54.bsky.social,-0.8271,1,negative
cmhoskins.bsky.social,-0.21996000000000002,5,negative
cmijournal.bsky.social,0.2781,2,neutral
cmjd.bsky.social,0.469325,4,positive
cmmoore75.bsky.social,0.2263,1,positive
cmpettitt.bsky.social,-0.7717,1,negative
cmshiner.bsky.social,0.7571,1,positive
cmw04.bsky.social,0.0,1,neutral
cmyskill.bsky.social,0.6343,1,positive
cna-poster.bsky.social,0.0,1,neutral
cnbc.com,0.3612,1,positive
cnellsea.bsky.social,0.2202,2,positive
cnn.com,-0.12505555555555556,9,neutral
coachfinstock.bsky.social,0.0,1,neutral
coachgav.bsky.social,-0.1301,1,negative
coachingrugby.bsky.social,-0.7227,1,negative
coachkk.bsky.social,0.1027,1,positive
coastally1337.bsky.social,0.7003,1,positive
cochu.bsky.social,0.0,1,neutral
cockadebrigade.bsky.social,-0.5719,1,negative
cocktailchem.bsky.social,-0.4404,1,negative
coconutlizard.bsky.social,-0.3593,1,negative
coctaanatis.bsky.social,0.05135,2,positive
coffeeanyone.bsky.social,0.0,1,neutral
coffeecat.tgirl.gay,-0.25,1,negative
coffeemagic24.bsky.social,0.08462727272727273,22,neutral
cognitum.bsky.social,0.07470000000000002,2,positive
coherentlight.bsky.social,0.0,1,neutral
coin2017.bsky.social,-0.5994,1,negative
colbobs.bsky.social,-0.010699999999999987,2,positive
colbypupgb.bsky.social,-0.212025,4,neutral
coldandtired90.bsky.social,-0.6597,1,negative
coleblack.bsky.social,0.0,1,neutral
colincarlson.bsky.social,0.23690000000000003,3,positive
colinmacpherson.bsky.social,-0.1027,1,negative
collapseaphorisms.bsky.social,0.3504333333333333,3,positive
collburns.bsky.social,0.29569999999999996,2,positive
collectivenothing.bsky.social,0.3612,1,positive
colleenrodriguez.bsky.social,0.0,1,neutral
colleenshannon1111.bsky.social,-0.7579,1,negative
collinswatch.bsky.social,0.0,1,neutral
colonelescargot.bsky.social,0.0837,3,positive
colonialgirl.bsky.social,-0.9306,1,negative
coloradocarly.bsky.social,0.09054999999999996,2,positive
coloradosun.com,0.3875,1,positive
coloradowildflower.bsky.social,0.4567,1,positive
columjournreview.bsky.social,-0.1531,1,negative
comedypilot.bsky.social,0.0,1,neutral
comicallycanadian.bsky.social,-0.0065,1,neutral
comingupviolets.bsky.social,-0.2732,1,negative
commentsandopi2.bsky.social,0.0,1,neutral
commfluence.bsky.social,0.5719,1,positive
commiesamantha.bsky.social,0.7906,1,positive
comminsense.bsky.social,0.5106,1,positive
commonsense51.bsky.social,-0.7178,1,negative
commonsenseonly.bsky.social,-0.64665,2,negative
complainjane.bsky.social,-0.3612,1,negative
comptonscatter.bsky.social,0.2497375,8,positive
computerimages.bsky.social,0.0,1,neutral
compvirol.bsky.social,0.6369,1,positive
comradeprime.bsky.social,0.4404,1,positive
comraderobot.bsky.social,0.0,1,neutral
comtechdiagnostics.bsky.social,0.0914,4,neutral
concernedcitizenva.bsky.social,-0.6103333333333333,3,negative
confuseddave.bsky.social,0.0,1,neutral
confusedpenguin.bsky.social,0.3182,1,positive
conjh.bsky.social,0.2263,1,positive
conjurecreature.bsky.social,-0.47795,2,negative
connfirmedbachelor.bsky.social,0.5661,1,positive
conniemenefee.bsky.social,0.5106,1,positive
consbegone.bsky.social,0.0,1,neutral
conshok26.bsky.social,-0.6597,1,negative
consort.bsky.social,0.1693,2,negative
consumed.bsky.social,-0.028400000000000036,2,positive
continentaldivide.bsky.social,0.5647,1,positive
convolutedname.bsky.social,-0.025733333333333334,3,neutral
convolver.bsky.social,-0.0258,1,neutral
cookingtheresa.bsky.social,-0.4537,1,negative
coolhand2024.bsky.social,-0.21593333333333334,3,neutral
coolmama13.bsky.social,0.0,1,neutral
coolnamelatke.bsky.social,0.4404,1,positive
coolpappabear.bsky.social,0.4434,1,positive
coprolithic.bsky.social,0.0,1,neutral
corduroycheddar.bsky.social,0.3875,1,positive
corncobtv.bsky.social,0.0,1,neutral
corndorn.bsky.social,0.4329,1,positive
corraban.bsky.social,0.6369,1,positive
corruption47.bsky.social,-0.5719,1,negative
corsair321.bsky.social,0.0,1,neutral
cortneymckee.bsky.social,-0.0356,1,neutral
cosimo009.bsky.social,0.0,1,neutral
cosmicapybara.bsky.social,0.5242,1,positive
cosmiccharlie69.bsky.social,0.0,1,neutral
cosus.bsky.social,-0.1779,1,negative
countesscristo.bsky.social,-0.5719,1,negative
countryfan93.bsky.social,-0.7506,1,negative
countryovercult.bsky.social,-0.6597,1,negative
courtmouse.bsky.social,0.0,1,neutral
cousincat.bsky.social,0.296,1,positive
covfefearabica.bsky.social,-0.5647,1,negative
covid19disease.bsky.social,-0.2066,8,neutral
covidsolutions.bsky.social,0.7717,1,positive
covie93.bsky.social,-0.3071,2,negative
cowenwriter.bsky.social,0.0,1,neutral
cozamarsh.bsky.social,0.17651,10,positive
cpgetch.bsky.social,0.3182,1,positive
cphickie.bsky.social,0.2748,1,positive
cpjones.bsky.social,-0.0772,1,negative
cpo-joe.bsky.social,0.6114,1,positive
cps10001.bsky.social,-0.18773333333333334,3,negative
cptnonsense.bsky.social,0.0,1,neutral
cqbj.bsky.social,0.5329,1,positive
crab.institute,0.0,1,neutral
crabbypatty.bsky.social,-0.0073999999999999995,3,negative
crackedlemonade.bsky.social,0.0,1,neutral
craig-sends-it.bsky.social,0.163,1,positive
craig.rungie.com,0.2398,1,positive
craigcalcaterra.bsky.social,0.0,1,neutral
craigdodge.bsky.social,-0.28595,2,neutral
craigmill.bsky.social,0.0,1,neutral
craigspencer.bsky.social,-0.5994,1,negative
cranberryhorn.bsky.social,0.0,1,neutral
crankyoldcrackpot.bsky.social,0.0,1,neutral
crash-override.bsky.social,-0.782,1,negative
crashdami.eurosky.social,0.0,1,neutral
crayonsquadlilac.bsky.social,0.6057333333333333,3,positive
crazycatladyabroad.bsky.social,0.0,1,neutral
crazyjim.bsky.social,0.0,1,neutral
creampyre.bsky.social,0.2263,1,positive
creddingvye.bsky.social,0.0,1,neutral
crhensley.bsky.social,-0.4215,1,negative
crickwooder.bsky.social,0.0,1,neutral
crimew.gay,0.0,1,neutral
crimsonender.bsky.social,-0.34,1,negative
crimsongash.bsky.social,0.0,1,neutral
crispymainer.bsky.social,-0.3182,1,negative
crisrolan.bsky.social,0.0,1,neutral
crisscrossdude.bsky.social,0.4019,1,positive
criticallyspeaking.bsky.social,0.0,1,neutral
crkrjx.bsky.social,-0.2073666666666667,3,neutral
crockadoodledoo.bsky.social,-0.6705,1,negative
crof.bsky.social,0.0,1,neutral
crookedmustache.bsky.social,0.4389,1,positive
crouse5.bsky.social,-0.4121,1,negative
crtcryptid.bsky.social,-0.8074,1,negative
crumbledcolumns.bsky.social,0.2263,1,positive
crus4der.bsky.social,-0.37895,2,negative
crusadinglawyer.bsky.social,-0.4019,1,negative
cruxothebiscuit.bsky.social,0.4215,1,positive
crwright.bsky.social,-0.6845,1,negative
cryofly.bsky.social,0.0,1,neutral
crystal1313.bsky.social,0.5106,1,positive
crystal159.bsky.social,0.3919,1,positive
crystalchambers.bsky.social,0.0,1,neutral
crystaljbs.bsky.social,-0.5709,1,negative
crystalsoul42.bsky.social,0.26775000000000004,2,positive
csci.bsky.social,0.0,1,neutral
csonkatroy.bsky.social,0.4939,1,positive
css1979.bsky.social,0.2481,1,positive
cstmrdisservice.bsky.social,0.1358,2,neutral
cstrait.bsky.social,0.06696666666666666,3,negative
cswil.bsky.social,-0.6115,1,negative
cswitzer.bsky.social,0.1372,1,positive
ctlaltdel.bsky.social,-0.296,1,negative
ctvnews-mirror.bsky.social,0.0,3,neutral
cubtrader.bsky.social,0.28795,2,positive
cultmtl.com,0.0,1,neutral
culturalmusettes.bsky.social,-0.5499,1,negative
culturecat.bsky.social,0.7089,1,positive
cupcakeyow.bsky.social,0.0,1,neutral
curioetclarus.bsky.social,0.0,1,neutral
curiosity-666.bsky.social,0.2732,1,positive
curiosityabounds.bsky.social,0.4019,1,positive
curlysquid.bsky.social,-0.7424,1,negative
curmudgeon67.bsky.social,0.7579,1,positive
current14.bsky.social,-0.3167,1,negative
curses.zone,0.3568,2,positive
curtainsyo.bsky.social,-0.7964,1,negative
curulogic.bsky.social,0.6573,1,positive
cust0diet.bsky.social,0.0,1,neutral
cuttingroomfloor.bsky.social,0.31720000000000004,2,positive
cv-danes.com,0.0,1,neutral
cviibyz.bsky.social,-0.2363,1,negative
cvilletownie.bsky.social,0.0,1,neutral
cvmedia.bsky.social,0.0762,1,positive
cwasselepi.bsky.social,0.0,1,neutral
cwebbonline.com,-0.34359999999999996,3,negative
cwhedley.bsky.social,-0.7469,1,negative
cwnewser.bsky.social,-0.3612,1,negative
cyberbadboy.com,-0.3818,1,negative
cybercyclist.bsky.social,-0.0772,1,negative
cyberjauvie.me,0.0,1,neutral
cyberm0use286.bsky.social,0.16519999999999999,2,negative
cyberwolf.bsky.social,0.0,1,neutral
cyborg2024.bsky.social,-0.4767,1,negative
cybskysocial.bsky.social,-0.054700000000000006,3,negative
cyneheard.bsky.social,-0.872,1,negative
cynholt.bsky.social,0.5859,1,positive
cynthiadelmar.bsky.social,0.0,1,neutral
cynthiaharless.bsky.social,-0.49643333333333334,3,negative
cynthianevil.bsky.social,0.0,1,neutral
cytherian.bsky.social,-0.92,1,negative
cyutravel.bsky.social,-0.2244,1,negative
czarmikhail.bsky.social,-0.8588,1,negative
czechjournalists.bsky.social,0.0,1,neutral
d-a-g.bsky.social,0.05135,2,neutral
d2earth.bsky.social,0.5256,1,positive
da-zin-guy.bsky.social,0.0,1,neutral
dabrown25.bsky.social,0.2716,1,positive
dachte.bsky.social,-0.3182,1,negative
dagny62.bsky.social,0.3786,1,positive
dagobert913.bsky.social,0.4574,1,positive
dahoovster.bsky.social,0.5848,1,positive
daibhi.bsky.social,-0.4939,1,negative
dailydejavu.bsky.social,0.0,1,neutral
dakotapiano.bsky.social,-0.119,1,negative
dalassa.bsky.social,0.0,2,neutral
dalekchap.bsky.social,0.3612,1,positive
dallas-taylor.bsky.social,0.4215,1,positive
dalpe.bsky.social,0.0,1,neutral
dalupton.bsky.social,-0.4389,1,negative
damianups.bsky.social,-0.6899666666666667,3,negative
damienbarraudmd.bsky.social,-0.6249,1,negative
damitman.bsky.social,-0.4092,2,negative
damo71.bsky.social,0.0,1,neutral
damonkb54.bsky.social,-0.2023,1,negative
damop.bsky.social,-0.42335,2,negative
danadoesdemocracy.bsky.social,-0.7645,1,negative
danalibrariana.bsky.social,0.0,1,neutral
danc1982.bsky.social,0.0258,1,neutral
danewatkins.bsky.social,0.20095,2,neutral
danforth.bsky.social,0.0,1,neutral
dangerdoesmore.bsky.social,-0.2263,1,negative
dangerjane.bsky.social,-0.12560000000000002,2,negative
dangerouspunkrock.bsky.social,0.4939,1,positive
dangrously.bsky.social,0.40455,2,positive
dangurden.bsky.social,-0.3612,1,negative
daniellebeckman.bsky.social,-0.43445,2,neutral
danielrlevy88.bsky.social,0.1495,2,neutral
danielrsummers.bsky.social,0.03676,5,positive
danigarnet.bsky.social,-0.32985,2,negative
danihere.bsky.social,-0.6597,1,negative
danisue.bsky.social,-0.2506,3,negative
danjac.eurosky.social,0.08530000000000001,2,negative
danlansdowne.mow.haus,-0.5994,1,negative
danlee863.bsky.social,0.3581,1,positive
dann1960.bsky.social,-0.1764,1,negative
dannfox.bsky.social,0.0,2,neutral
dannod.bsky.social,0.0,1,neutral
dannsim.bsky.social,-0.11315,2,negative
dannynightshade.bsky.social,-0.4223,2,negative
dannypiazza.bsky.social,-0.69,1,negative
danreilly.bsky.social,0.296,1,positive
dantesinferno2025.bsky.social,0.0,1,neutral
danyrs.bsky.social,-0.050100000000000006,4,positive
darcyswickham.bsky.social,0.6542,1,positive
dargster.bsky.social,-0.04879999999999998,2,negative
dariusaudubon.bsky.social,-0.6948,1,negative
darkcerbshaun.bsky.social,0.8898,1,positive
darkfaemissa.bsky.social,-0.05856666666666668,3,positive
darkglade.bsky.social,-0.5859,1,negative
darkhorseblue.bsky.social,0.5509,1,positive
darkmatter.activitypub.awakari.com.ap.brid.gy,-0.4588,1,negative
darkrey77.bsky.social,0.0,1,neutral
darkwebmallcop.bsky.social,0.0,1,neutral
darnitall.bsky.social,-0.24695,2,negative
darraghoc.bsky.social,0.7507999999999999,2,positive
darrenm1973.bsky.social,0.6486,1,positive
darrensimmons.bsky.social,-0.7893,1,negative
darrylayo.bsky.social,-0.2617,1,negative
darthhellokitty.bsky.social,0.4033,1,positive
dartpear.bsky.social,0.3182,1,positive
darwinboy.bsky.social,0.0,1,neutral
dashingmd.bsky.social,0.3603,1,positive
dashisnew.bsky.social,0.0,1,neutral
daspelz.eurosky.social,-0.4404,1,negative
dasvar.bsky.social,-0.8779,1,negative
dataforprogress.org,-0.5994,1,negative
datareport.bsky.social,0.24131111111111114,9,neutral
datolson.bsky.social,-0.4767,1,negative
dauntus.bsky.social,-0.5106,1,negative
davaar99.bsky.social,0.0,1,neutral
dave-37175.bsky.social,0.0,1,neutral
dave.land,0.12153333333333333,3,negative
davecat.bsky.social,0.4404,1,positive
davefromacct.bsky.social,-0.5423,1,negative
daveingeorgia.bsky.social,-0.1969,1,negative
davenatural.bsky.social,0.6249,1,positive
daveneal.bsky.social,-0.6249,1,negative
davenewb.bsky.social,0.3182,1,positive
davepermen.net,-0.34,1,negative
daverackliff.bsky.social,0.0,1,neutral
daverino.bsky.social,-0.293,2,negative
daveseibert.bsky.social,0.0,1,neutral
davesuzzie.bsky.social,0.0,1,neutral
davethesundog.bsky.social,0.4186,1,positive
davetroy.bsky.social,0.0,1,neutral
david-lindhagen.bsky.social,0.0,1,neutral
david-stone.bsky.social,0.44775,2,positive
david-thegrey.bsky.social,-0.296,1,negative
david.uncensored.zip,-0.6908,1,negative
davidacollier.bsky.social,-0.14220000000000002,10,neutral
davidbflower.bsky.social,0.15935,6,positive
davidbreece.bsky.social,0.05695,2,positive
davidcoveney.com,0.0,1,neutral
daviddaniel.bsky.social,-0.6908,1,negative
daviddeboe.bsky.social,-0.6597,1,negative
davideoll.bsky.social,0.0,1,neutral
davidgilbert.bsky.social,0.4494,2,positive
davidgoodtrouble.bsky.social,-0.6256,1,negative
davidgothelf.bsky.social,-0.09545,4,neutral
davidicw.bsky.social,0.06032499999999996,4,positive
davidjacobsgib.bsky.social,-0.5994,1,negative
davidkuhne.bsky.social,0.0,1,neutral
davidmpyle.bsky.social,0.4404,1,positive
davidonstrike.bsky.social,-0.2151,4,negative
davidpickernell.bsky.social,-0.3412,1,negative
davidtothejay.bsky.social,0.0,1,neutral
davidusamansfield.bsky.social,0.42255,4,positive
davo1012.bsky.social,0.0,1,neutral
dawna9.bsky.social,-0.7579,1,negative
dawnalene.bsky.social,0.4404,1,positive
dawneelizabeth.bsky.social,0.6037,1,positive
dawnl-l.bsky.social,0.0,1,neutral
dawnoceanharmony.bsky.social,0.03807777777777778,9,neutral
dawnphoto.bsky.social,-0.2046,3,negative
dawsonsc.bsky.social,0.0,1,neutral
dayofthemutants.bsky.social,-0.0772,1,negative
daytontalk.bsky.social,0.5927,1,positive
dayvehuse.bsky.social,0.0,1,neutral
dbach55.bsky.social,0.4404,1,positive
dbay1.bsky.social,0.4926,1,positive
dbdant.bsky.social,0.0,1,neutral
dbeberman.bsky.social,-0.5574,1,negative
dbergstr.bsky.social,0.10155,2,neutral
dberl.bsky.social,-0.2553,2,neutral
dbhutchison.bsky.social,-0.6249,1,negative
dblcliq.bsky.social,0.0,1,neutral
dbottinick.bsky.social,0.4754,1,positive
dbpublisher.bsky.social,0.2263,1,positive
dburghart.bsky.social,-0.5267,1,negative
dbyron.bsky.social,0.0,1,neutral
dcapto.bsky.social,-0.12876666666666667,9,negative
dcismale.bsky.social,0.0,1,neutral
dcrinyyc.bsky.social,-0.02742499999999999,8,neutral
dctx19.bsky.social,-0.7951,1,negative
ddimick.bsky.social,0.0,1,neutral
ddmgembala.bsky.social,-0.6408,1,negative
deadblondewalking.bsky.social,0.4019,1,positive
deaddrop.bsky.social,0.2584,1,positive
deadhead916.bsky.social,-0.4019,1,negative
deadinside40.bsky.social,-0.0516,1,negative
deadmeataru.bsky.social,0.5509,1,positive
dean.gatorsphilly.us,0.0,1,neutral
deangloster.bsky.social,-0.10424999999999998,2,negative
deannash.bsky.social,0.0,1,neutral
deannpadelo.bsky.social,0.1027,1,positive
deargodwhatnow.bsky.social,0.3796,3,positive
debbie156.bsky.social,-0.13757999999999998,5,negative
debbiecvinette.bsky.social,0.0,1,neutral
debbielynn52.bsky.social,0.6696,1,positive
debbj.bsky.social,-0.7351,1,negative
debookie.bsky.social,0.0,1,neutral
deborah3nme.bsky.social,0.0,1,neutral
deborahe.bsky.social,0.1449,1,positive
deborahinohio.bsky.social,0.3294,2,neutral
debrad.bsky.social,-0.5423,1,negative
debraginsberg.bsky.social,0.6598,1,positive
debralamm.bsky.social,-0.9109,1,negative
debscheetzam.bsky.social,0.0,1,neutral
debverran.medsky.social,0.0,1,neutral
decafbeef.bsky.social,-0.6249,1,negative
dedevelo.bsky.social,0.0,1,neutral
dee68brown.bsky.social,0.1779,1,positive
deebot375.bsky.social,0.8313,1,positive
deechan17.bsky.social,-0.04125000000000001,2,positive
deedeberg.bsky.social,0.2631,1,positive
deeemmy.bsky.social,-0.2315,1,negative
deejaydragon.bsky.social,-0.4201,2,negative
deeming.bsky.social,0.0,1,neutral
deepdivecinema.bsky.social,-0.0935,1,negative
deephurting.bsky.social,0.0,1,neutral
deepknight.bsky.social,0.42255,2,positive
defeline.bsky.social,0.002366666666666665,3,negative
defendsthepeeps.bsky.social,0.04400000000000001,2,negative
defeq79.bsky.social,-0.3182,1,negative
degroof.bsky.social,0.2975,1,positive
dehydration.bsky.social,-0.6566,1,negative
deidzoeb.bsky.social,0.4215,1,positive
deirdre63.bsky.social,0.6249,1,positive
delagrave.bsky.social,0.0,1,neutral
delightfullyme23.bsky.social,0.0,1,neutral
delightw2023.bsky.social,0.17316,5,neutral
delilahsmom.bsky.social,-0.1027,1,negative
delmarcooper2.bsky.social,0.6808,1,positive
deltadagger.bsky.social,0.6504,2,positive
deltanovemberalpha.bsky.social,0.2732,1,positive
dem6400.bsky.social,-0.6507499999999999,2,negative
demarcusoaklv.bsky.social,-0.8176,1,negative
demare.bsky.social,0.1292,2,positive
demdenver.bsky.social,-0.17956666666666665,3,negative
deminblue.bsky.social,0.4404,1,positive
democratswin.bsky.social,0.0,1,neutral
demofox.bsky.social,0.0,1,neutral
demokrator.bsky.social,-0.2332,1,negative
dempski56.bsky.social,0.4404,1,positive
dems4america.bsky.social,-0.31845,2,negative
demureskillzluv8.bsky.social,0.0,1,neutral
denahyena.bsky.social,0.07655,2,neutral
denisdog.bsky.social,0.10399999999999998,2,negative
deniseaki.bsky.social,0.0,1,neutral
denisedewald.bsky.social,-0.22453333333333333,3,negative
deniseoliver-velez.bsky.social,0.0,2,neutral
dennis-101.bsky.social,-0.3182,1,negative
dennis-moore.org,0.1366,2,neutral
dennischompers.bsky.social,0.0129,2,neutral
dennisisok.bsky.social,0.0,1,neutral
dennisjkoch.bsky.social,-0.296,1,negative
dennispatton.bsky.social,0.059050000000000005,2,negative
denverpost.com,-0.5994,1,negative
denwig.bsky.social,0.28935999999999995,5,positive
deonandan.bsky.social,0.0,3,neutral
deptofworkers.bsky.social,0.4939,1,positive
dercasus.bsky.social,0.0,1,neutral
derek.bsky.social,0.0,1,neutral
derekberes.bsky.social,-0.2023,1,negative
deriter.bsky.social,0.5618,2,positive
dermann51.bsky.social,-0.312,4,neutral
derpto.bsky.social,0.0,1,neutral
dervelo.bsky.social,0.2202,2,positive
desert-sooner.bsky.social,-0.4783,2,negative
desertedger.bsky.social,-0.5402,1,negative
design3.bsky.social,0.044199999999999996,3,neutral
design4planeta.bsky.social,-0.5574,1,negative
designlindsay.bsky.social,0.0,1,neutral
desikarma.bsky.social,0.0,1,neutral
destinysugarbuns.bsky.social,0.1524,2,neutral
deut2314.bsky.social,0.1768,1,positive
developmentdoc.bsky.social,0.306575,4,positive
devilsadv0cate.bsky.social,0.0,1,neutral
devin-eleven.bsky.social,0.0,1,neutral
devinpeckmd.bsky.social,0.20095,2,positive
dewline.bsky.social,-0.5719,1,negative
dexterrsx.blackskycomra.de,-0.34,1,negative
dezdezdez.bsky.social,0.8134,1,positive
dezzybayn.bsky.social,0.5551,1,positive
dfibkitty.bsky.social,0.4939,1,positive
dfwsam.bsky.social,0.0,1,neutral
dgm60.bsky.social,0.0,1,neutral
dgrodsk.bsky.social,0.4404,1,positive
dhambrick63.bsky.social,0.743,1,positive
dhanendran.co.uk,0.0,1,neutral
dhawkty.bsky.social,0.0,2,neutral
dhinrio.bsky.social,-0.0344,3,negative
dhowz.bsky.social,0.0,1,neutral
dialivia.bsky.social,-0.4767,1,negative
diamondcait.bsky.social,0.3612,1,positive
dianadelaluna.bsky.social,0.009775000000000006,4,neutral
dianamcqueen.bsky.social,-0.5423,1,negative
dianaresists.bsky.social,0.0,1,neutral
dianasplace.bsky.social,0.12489999999999997,5,positive
diane1952.bsky.social,0.4973,1,positive
dianecheyanne.bsky.social,-0.2553,2,negative
dianeiam.bsky.social,-0.1222,1,negative
dianhanf.bsky.social,-0.9013,1,negative
diannelanders.bsky.social,-0.25,1,negative
diaspora2022.bsky.social,0.12135,4,neutral
didipickles.bsky.social,0.34575,2,positive
diedrichbader.bsky.social,-0.08150000000000002,2,negative
dieselbug1137.bsky.social,-0.4157,2,neutral
digitmusic.bsky.social,-0.07945,2,positive
digtialbootleg.bsky.social,0.0,1,neutral
dildo-baggins.bsky.social,0.0,1,neutral
dimespin.bsky.social,0.3715,2,neutral
dimitridrekonja.bsky.social,-0.10698571428571427,7,positive
dingokayfabe.bsky.social,0.08143333333333336,3,positive
direcunt.bsky.social,0.296,1,positive
dirigojoe.bsky.social,0.3382,1,positive
dirk-straun.bsky.social,0.4939,1,positive
dirkvdberg68.bsky.social,0.0245,2,neutral
dirtydevotee.bsky.social,0.0,1,neutral
dirtyfingers.bsky.social,0.3182,1,positive
disarmed2theteeth.bsky.social,-0.10686666666666665,3,neutral
disasterdave7.bsky.social,0.0,1,neutral
discoforever.bsky.social,0.0,2,neutral
discordantmuse.bsky.social,0.0,1,neutral
discosaurus.bsky.social,0.0,1,neutral
discountstorytime.com,0.0,1,neutral
discrimens.bsky.social,-0.383,2,negative
disorderlybrdrline.bsky.social,0.23835,2,positive
dissentinator.bsky.social,0.1366,2,neutral
distraughtcarey.bsky.social,-0.5106,1,negative
distressedintheus.bsky.social,-0.296,1,negative
disvi.bsky.social,0.0,1,neutral
ditic.bsky.social,0.05895,2,positive
diva57.bsky.social,0.42405,2,neutral
divergentthg.bsky.social,0.0,1,neutral
dividemyheart.bsky.social,-0.5423,1,negative
dizzygirl.myatproto.social,-0.17102499999999998,8,negative
dj05453.bsky.social,-0.2288,2,neutral
dj1au.bsky.social,-0.1492653846153846,26,negative
dj95x.bsky.social,0.0,1,neutral
dja2.bsky.social,-0.41979999999999995,4,negative
djangobop.bsky.social,-0.08895,2,neutral
djbaconblade.bsky.social,-0.2342,1,negative
djh17.bsky.social,0.0,1,neutral
djinweaver.bsky.social,0.4404,1,positive
djjakej.bsky.social,-0.5994,1,negative
djmabeizy.bsky.social,0.0,1,neutral
djmonijn.bsky.social,-0.5106,1,negative
djnoneya.bsky.social,-0.36345,2,negative
djoslyn.bsky.social,0.0,1,neutral
djparticle.com,0.0,1,neutral
djsubterrain.bsky.social,0.14003333333333332,3,neutral
djtahoe.bsky.social,0.0,1,neutral
djwaglmuffin.bsky.social,0.3883,1,positive
djweedpizza.gobirds.online,-0.6249,1,negative
djweiner.bsky.social,-0.5574,1,negative
djzaber.bsky.social,-0.6124,1,negative
dleagued21.bsky.social,-0.4939,1,negative
dlmetcalf.bsky.social,-0.10420000000000001,2,positive
dlpr.bsky.social,-0.06823333333333333,3,positive
dly.bsky.social,-0.7189,1,negative
dmarvelous.bsky.social,0.0,1,neutral
dmei779928.bsky.social,-0.2732,1,negative
dmilo.bsky.social,0.0,1,neutral
dmoschberger.bsky.social,-0.8119,1,negative
dmp2you.bsky.social,-0.717,1,negative
dmrdynamics.bsky.social,0.3404,2,positive
dmskywalker.bsky.social,-0.0258,2,neutral
dmzoutis.bsky.social,-0.23984999999999998,2,positive
dn-ny-mtl.bsky.social,0.19975,2,negative
dnajack.bsky.social,-0.3182,1,negative
dnakendra.bsky.social,0.2732,1,positive
dnarich.bsky.social,0.01880000000000004,2,positive
dndi.org,-0.872,1,negative
dnsoff.bsky.social,0.2481,1,positive
doa70.bsky.social,-0.37192,5,negative
docbs.bsky.social,0.0,1,neutral
docbwell.bsky.social,0.0,1,neutral
doceliot.bsky.social,-0.39476666666666665,3,negative
dockellis10.bsky.social,0.4588,1,positive
docp386.bsky.social,0.1376,1,positive
docs41.bsky.social,0.0,1,neutral
docscarborough.bsky.social,-0.1779,1,negative
doctorcdf.bsky.social,0.5106,1,positive
doctored5.bsky.social,0.0,1,neutral
doctors-hate-her.bsky.social,0.23835,2,positive
doctortas.bsky.social,0.0,1,neutral
docvivileandra.bsky.social,0.033299999999999996,6,neutral
dodgiebloke.bsky.social,0.4404,1,positive
dog-cat5.bsky.social,0.55545,2,positive
dog-mom-stl.bsky.social,0.6449,1,positive
dogcatcher4.bsky.social,0.29185,2,neutral
dogdadguy.bsky.social,0.6486,1,positive
doglove3.bsky.social,-0.03423333333333333,3,neutral
dogm1510.bsky.social,0.2732,1,positive
dogpatchryan.bsky.social,-0.3818,1,negative
dogsaregood.bsky.social,0.0,1,neutral
dogsincali.bsky.social,-0.2944,1,negative
dogsmile.bsky.social,-0.539,1,negative
doh.wa.gov,-0.1866,2,negative
doinkinabox.bsky.social,-0.1531,1,negative
dolphinsdoitright.bsky.social,0.2235,1,positive
dolphinsfan.bsky.social,-0.4215,1,negative
dominic11b4.bsky.social,-0.47475,2,negative
dominiksteiger.bsky.social,-0.026500000000000006,14,positive
domiracer.bsky.social,-0.3612,1,negative
don-vochazer1.bsky.social,0.4939,1,positive
donadickinson.bsky.social,0.5524,3,positive
donalduk21.bsky.social,-0.2484,1,negative
donalyn.bsky.social,-0.2023,1,negative
donauschwalbe.bsky.social,-0.4199,1,negative
doncartwright.bsky.social,-0.6597,1,negative
doncomer.bsky.social,0.0,1,neutral
dondrump.bsky.social,-0.8109,1,negative
donewithfacebook.bsky.social,0.0,1,neutral
donferrari.bsky.social,-0.2411,1,negative
donhundt.bsky.social,0.0,1,neutral
donjrscokehabit.bsky.social,-0.3939,1,negative
donkirkland.bsky.social,0.2122666666666667,3,positive
donlenguita.bsky.social,-0.8689,1,negative
donnabee3.bsky.social,0.2263,1,positive
donnalb.bsky.social,0.0,1,neutral
donnaluker.bsky.social,-0.3595,1,negative
donnanoose.bsky.social,-0.4574,1,negative
donnaskel.bsky.social,0.0,1,neutral
donnayoungdc.bsky.social,0.37734,5,positive
donnina.bsky.social,0.3869,1,positive
donpbenz.bsky.social,0.4939,1,positive
donskarky.bsky.social,0.0,1,neutral
dontcallmecliff.bsky.social,0.0,1,neutral
dontshootthedog.bsky.social,-0.3412,1,negative
donvinh.bsky.social,0.29295,2,positive
donworth.bsky.social,0.0,1,neutral
doomaglow.bsky.social,-0.22694999999999999,10,negative
doomsdaydebunks.bsky.social,-0.7876,1,negative
dorianplum.bsky.social,-0.932,1,negative
doridoll.bsky.social,0.3802,1,positive
doritreiss.bsky.social,0.0,1,neutral
dorizett.bsky.social,-0.743,1,negative
dorkette888.bsky.social,0.3122,1,positive
dorothy-porker.com,0.31245,2,neutral
dosh.bsky.social,0.2057,1,positive
dosnoe.bsky.social,0.4404,1,positive
dotardinchief.bsky.social,-0.5106,1,negative
dotarsojat53.bsky.social,-0.2787,2,negative
dotbob.bsky.social,0.4574,1,positive
dottedswiss.bsky.social,0.0,1,neutral
dotti66.bsky.social,-0.6908,1,negative
dottiedino.bsky.social,-0.7501,1,negative
dottiez.bsky.social,-0.1027,1,negative
doublectech.bsky.social,0.0,1,neutral
doubledrooks.bsky.social,-0.1591,2,negative
dougpasnak.bsky.social,0.0516,1,positive
dougstern.bsky.social,0.0,1,neutral
dougthorburn.bsky.social,-0.7579,1,negative
dowhatknauw.bsky.social,0.0,1,neutral
down10.bsky.social,0.5994,1,positive
downhill.bsky.social,0.0,1,neutral
downwithdan.bsky.social,0.13976000000000002,5,positive
doyourdrafts.bsky.social,0.0,1,neutral
dozieralan40.bsky.social,0.2732,1,positive
dozygay.bsky.social,0.0772,1,positive
dpaulangel.com,0.0,1,neutral
dpbahm.bsky.social,0.6369,1,positive
dpbsmith.bsky.social,0.0,1,neutral
dpengelly.bsky.social,-0.3182,1,negative
dpfrazier22.bsky.social,0.6297,1,positive
dph99.bsky.social,0.0,1,neutral
dpindc.bsky.social,-0.22953333333333334,3,negative
dprart.bsky.social,-0.6143,1,negative
dpsl.bsky.social,0.743,1,positive
dr-amykate.bsky.social,-0.34,1,negative
dr-atomic.bsky.social,0.30179999999999996,2,negative
dr-g.myatproto.social,0.3818,1,positive
dr-squiddy.bsky.social,0.3612,1,positive
dr0923.bsky.social,0.0,1,neutral
draethius.bsky.social,-0.592225,4,negative
dragonat60.bsky.social,0.6705,1,positive
dragonlady1011.bsky.social,0.33335000000000004,2,positive
dragonnexus.bsky.social,-0.1495,3,positive
drakenwuff.bsky.social,0.4199,1,positive
drandrewthaler.bsky.social,-0.6759,2,negative
drannemurphy.bsky.social,-0.1027,1,negative
draudreyglover.bsky.social,-0.33695,2,neutral
drawnder.bsky.social,-0.7783,1,negative
drbeedee.bsky.social,0.7159,1,positive
drboabrahamsen.physician.dk,0.7902,1,positive
drcarroll.com,-0.2732,1,negative
drclareharris.bsky.social,0.0,1,neutral
drdarkmatter.bsky.social,-0.6801,1,negative
drdaveexeter.bsky.social,0.0,1,neutral
drdevireddy.bsky.social,0.2869,1,positive
drdind.bsky.social,0.02023999999999999,5,neutral
drdixon.bsky.social,-0.3612,1,negative
drdonna1.bsky.social,0.42695,2,positive
drdrdan1.bsky.social,0.6369,1,positive
dreadofknight.bsky.social,-0.6792,1,negative
dreadpikathulhu.bsky.social,-0.25,1,negative
dreaminerryday.bsky.social,-0.23949999999999996,2,positive
dreamwieber.bsky.social,-0.2359,1,negative
dreembarge.bsky.social,-0.2732,1,negative
drejoanneliu.bsky.social,0.0,1,neutral
drekarbt.bsky.social,0.0516,1,positive
drewdat.bsky.social,0.0,1,neutral
drewjudge.bsky.social,0.4215,1,positive
drewsky.app,0.5719,1,positive
drewwiz.bsky.social,0.4667,1,positive
drf5n.bsky.social,-0.3532,1,negative
drgdave.bsky.social,0.0,1,neutral
drgeophysics.bsky.social,-0.7579,1,negative
drgibbreads.bsky.social,-0.5859,1,negative
drgigib.bsky.social,0.0,1,neutral
drgirlfriendx.bsky.social,0.0031,1,neutral
drgk1.bsky.social,-0.3825,2,negative
drglatin.bsky.social,0.0,1,neutral
drgmp.bsky.social,0.0516,1,positive
drgrahamwalker.com,0.5267,1,positive
drharmony.net,0.0,1,neutral
drhaup.bsky.social,0.0852,3,positive
drhedyfunkenstein.bsky.social,-0.63185,2,negative
drhello.bsky.social,-0.1027,1,negative
drianweissman.bsky.social,0.2084,3,positive
drinfosec.bsky.social,0.0,1,neutral
drip4.bsky.social,0.7351,1,positive
drjekyllhj7.bsky.social,0.0,1,neutral
drjenirwin.bsky.social,0.0,1,neutral
drjhary.bsky.social,-0.2732,1,negative
drjohnaquino.medsky.social,0.0258,1,neutral
drjudystone.bsky.social,0.2714,1,positive
drkaz.bsky.social,0.0258,1,neutral
drkcarrutherst.bsky.social,0.0,1,neutral
drkimm.bsky.social,-0.5267,1,negative
drlaurahaynes.bsky.social,-0.6426999999999999,2,negative
drmel.bsky.social,-0.6486,1,negative
drmelalexa.bsky.social,-0.2023,1,negative
drmicheldee.bsky.social,-0.3818,1,negative
drnotta.bsky.social,0.2997,2,positive
drode.bsky.social,0.6369,1,positive
dromanma1018.bsky.social,-0.7461,1,negative
dropthet.bsky.social,0.0772,1,positive
drphiloponus.bsky.social,0.0,2,neutral
drrylandgrace.bsky.social,0.3612,1,positive
drskyskull.bsky.social,0.5574,1,positive
drsmith.bsky.social,0.1067625,8,positive
drsmutt.bsky.social,-0.6428,1,negative
drsparklefairy.bsky.social,0.0258,1,neutral
drsurekhadavies.bsky.social,-0.12510000000000002,2,negative
drtedros.who.int,0.5106,1,positive
drunkenlemur.bsky.social,-0.1154,1,negative
drwambsgans.bsky.social,0.8297,1,positive
drwhofan1.bsky.social,0.3612,1,positive
dsilsby.bsky.social,0.0,1,neutral
dtf1947.bsky.social,0.0,1,neutral
dtmedic659.bsky.social,0.0,1,neutral
dub273.bsky.social,-0.5574,1,negative
duchess-van-hoof.bsky.social,0.0,1,neutral
ducksandall.bsky.social,-0.5267,1,negative
duffsix.bsky.social,0.5859,1,positive
duggnutt.bsky.social,-0.1366,2,negative
dummyhereuwu.bsky.social,-0.4767,1,negative
dunc99.bsky.social,0.0,1,neutral
duncanrobertson.bsky.social,0.0,1,neutral
duncanweldon.bsky.social,0.10115,2,positive
dundee1984.bsky.social,0.296,1,positive
dunnoreally.bsky.social,0.1027,1,positive
dunring.com,-0.05135,2,neutral
dunsworth.bsky.social,-0.4389,1,negative
dupuisj.bsky.social,0.064,2,positive
durkmenistan.bsky.social,-0.8316,1,negative
duro59.bsky.social,0.0,1,neutral
dustinducane.bsky.social,0.0,1,neutral
dustwords.bsky.social,-0.8811,1,negative
dustyabs.bsky.social,0.0037,1,neutral
dustyenigma.bsky.social,0.0,1,neutral
dutchben.bsky.social,0.0,1,neutral
dutchmaninde.eurosky.social,0.13015000000000002,2,negative
dutchscientist.bsky.social,0.0,1,neutral
dutchtreat.bsky.social,0.036566666666666664,3,positive
duxpacis.bsky.social,-0.08143333333333332,3,positive
duxsi.bsky.social,0.0772,1,positive
dvbuck.bsky.social,-0.4404,1,negative
dvdbutler.bsky.social,-0.0014799999999999924,5,positive
dvjackson23.bsky.social,0.0,1,neutral
dwblue.bsky.social,-0.0854,2,negative
dwdingus.bsky.social,0.18255,2,neutral
dwippo.bsky.social,0.8906,1,positive
dwolf4.bsky.social,-0.7964,1,negative
dwpete.bsky.social,0.2233,2,neutral
dwsheridan.bsky.social,-0.07209999999999998,3,positive
dxmnkd316.bsky.social,-0.5423,1,negative
dylanmichel.bsky.social,-0.2023,1,negative
dylosaurus.bsky.social,0.296,1,positive
dynamitefuzz.bsky.social,0.0,1,neutral
dynastysnarker.bsky.social,0.8647,1,positive
dystopian-utopia.bsky.social,-0.7543,1,negative
e-m-forster.bsky.social,-0.6486,1,negative
e42.bsky.social,0.0,1,neutral
eagleowlsheila.bsky.social,0.6385000000000001,3,positive
earth-muffin.bsky.social,-0.6113,1,negative
earthenergyhealing.bsky.social,0.2593,1,positive
eastgermanboom.bsky.social,0.306,2,positive
eastofbarrie.bsky.social,0.5574,1,positive
easybakedoven.bsky.social,0.0,2,neutral
eawinick.bsky.social,-0.296,1,negative
eb99.bsky.social,-0.0826,1,negative
ebadofsky.bsky.social,0.2263,1,positive
ebastian.bsky.social,-0.5154,2,negative
eberhardt1.bsky.social,-0.2263,1,negative
ebolaphone.bsky.social,0.0,1,neutral
ebravedberg.bsky.social,0.3102,1,positive
ebrillblaiddes.bsky.social,0.1511,1,positive
ebrown2112.bsky.social,-0.0258,2,neutral
ec-listening.bsky.social,0.0,1,neutral
ecdc.europa.eu,-0.16766060606060607,33,negative
ecgrimm.bsky.social,-0.2732,1,negative
echo4.bsky.social,0.6124,1,positive
eckerleisabella.bsky.social,-0.05021250000000002,8,positive
ecksearoh.bsky.social,-0.7184,1,negative
ecocentroid.bsky.social,0.47550000000000003,2,positive
ecoevo.io,0.0,1,neutral
econanalytica.bsky.social,0.0,2,neutral
ecoprairiepainter.bsky.social,-0.21042,5,neutral
ectosage.bsky.social,0.0,1,neutral
ed4words.bsky.social,-0.9643,1,negative
edburmila.bsky.social,0.0085,2,neutral
edde.eurosky.social,-0.765,1,negative
eddie0028.bsky.social,-0.4311,2,neutral
eddiedeoliveira.bsky.social,-0.21620000000000003,3,negative
eddiekan.bsky.social,-0.8553,1,negative
eddiethebulldog.bsky.social,0.0,1,neutral
eddietheteacher.bsky.social,0.0,1,neutral
eddwilson.bsky.social,0.5567,2,positive
eddysalamanca.bsky.social,0.7964,1,positive
edenzer.bsky.social,0.5859,1,positive
edgelost.bsky.social,-0.5267,1,negative
edgeoforever.bsky.social,0.0,2,neutral
edisoncarter23.bsky.social,-0.20095,2,negative
editr.bsky.social,0.5719,1,positive
edjohnson21.bsky.social,0.6369,2,positive
edmondfrost.bsky.social,-0.2732,1,negative
edmondm.bsky.social,0.24695,2,neutral
edoggthered.bsky.social,0.0,1,neutral
edon91.bsky.social,0.35082,5,positive
edr3232.bsky.social,0.0,1,neutral
edrybicki.bsky.social,0.026,6,neutral
edsbs.bsky.social,-0.25144999999999995,2,negative
edscouse.bsky.social,0.2732,1,positive
educ8tusall.bsky.social,0.0,1,neutral
educatedunhoused.bsky.social,-0.395,1,negative
eean.dev,-0.7184,1,negative
eeeepydoofuspanda.bsky.social,0.3612,1,positive
eekyrich.bsky.social,-0.3182,1,negative
eeyorecostanza.bsky.social,0.431,1,positive
effyouceekaymaga.bsky.social,0.4588,1,positive
efndee.bsky.social,-0.4767,1,negative
efua.bsky.social,-0.4449,1,negative
eggczar.bsky.social,0.0,1,neutral
eh61.bsky.social,-0.0516,1,negative
ehdem.bsky.social,-0.4767,1,negative
ehllephe.bsky.social,0.0,1,neutral
eichhoernchenliebe.bsky.social,0.0,1,neutral
eidgsanpol.bsky.social,0.5473,1,positive
eigerjoch.bsky.social,-0.64435,2,negative
eightball.bsky.social,-0.0772,1,negative
eikonos.bsky.social,-0.5994,1,negative
eks08.bsky.social,0.5423,1,positive
el-condor-pasa.bsky.social,-0.39935,4,negative
el-gran-rosamondo.bsky.social,-0.07706666666666667,3,neutral
el-phantasmo.bsky.social,-0.4215,1,negative
elasticogomez.bsky.social,-0.296,1,negative
elayne1948.bsky.social,0.04643750000000001,8,positive
elayneoforegon.bsky.social,0.039599999999999996,2,positive
elda64.bsky.social,-0.9331,1,negative
eldercleavage.bsky.social,-0.657,1,negative
elderoftheuniverse.bsky.social,-0.8074,1,negative
eleanorrigbyatx.bsky.social,-0.5719,1,negative
electproject.bsky.social,0.3353,1,positive
electric528.bsky.social,0.3612,1,positive
electriciti.bsky.social,0.6152,1,positive
electrothewolf.bsky.social,-0.4939,1,negative
elemjay.bsky.social,-0.1901,2,negative
eleveneleven11.bsky.social,0.6705,1,positive
elfbotherer.bsky.social,0.5413,1,positive
elhopkins.bsky.social,-0.14889473684210525,19,negative
eliiiiise.bsky.social,-0.9413,1,negative
elijahplovejoy.bsky.social,0.5244,3,positive
elinor-a.bsky.social,0.007599999999999996,2,negative
elirabett.bsky.social,0.10462222222222221,9,negative
elisabethcampbell.bsky.social,0.4019,1,positive
elisajstewart.bsky.social,0.0,1,neutral
elizaabethlawmom.bsky.social,-0.8425,1,negative
elizabee.bsky.social,0.1779,1,positive
elizabeth-d.bsky.social,0.0,1,neutral
elizabethdfrancis.bsky.social,0.4158,2,neutral
elizabethjacobs.bsky.social,0.10831481481481482,27,positive
elizabethpearce.bsky.social,-0.2982,4,negative
elizabethwilson5.bsky.social,-0.8225,1,negative
elizardbethany.bsky.social,-0.5719,1,negative
elizdelg.bsky.social,-0.7745,1,negative
eljayvee.bsky.social,-0.2263,1,negative
eljefe.social,-0.6322,1,negative
elkaneo.bsky.social,-0.4939,1,negative
ella-ca.bsky.social,0.4019,1,positive
ellaleeuk.bsky.social,0.34,1,positive
ellcall.bsky.social,-0.4588,1,negative
elle49.bsky.social,-0.3818,1,negative
ellecreative.bsky.social,0.765,1,positive
ellejir59.bsky.social,-0.5096,1,negative
ellem111.bsky.social,-0.03465714285714285,7,neutral
ellemcb.bsky.social,-0.604,2,negative
ellenahzulu.bsky.social,-0.03056666666666667,3,negative
ellenlovesrich.bsky.social,0.04244999999999999,2,negative
ellenteapot.ca,0.4404,1,positive
elliebh.bsky.social,0.743,1,positive
ellinst.bsky.social,0.0,1,neutral
elliot66.bsky.social,-0.3597,1,negative
elliottharris.bsky.social,0.0,1,neutral
ellisonx.bsky.social,0.22293333333333332,3,neutral
ellisor.net,-0.5267,1,negative
ellocust.bsky.social,-0.8074,1,negative
ellyzoe.bsky.social,0.2732,1,positive
elnath1984.bsky.social,0.6858,1,positive
elnopower.bsky.social,0.0,1,neutral
elodieexdeath.northsky.social,-0.2366,6,negative
elonisabum.bsky.social,-0.8232,1,negative
elonispsycho24.bsky.social,0.2648,1,positive
elonisugly.bsky.social,0.0,1,neutral
elsargentogarcia.bsky.social,0.5574,1,positive
elster.bsky.social,0.8408,1,positive
eltoninatlanta.bsky.social,-0.17257499999999998,4,negative
eltonino.bsky.social,0.0,1,neutral
elusiveapricity.bsky.social,0.0,1,neutral
elusivejay.bsky.social,0.5106,1,positive
elvigy.bsky.social,-0.5719,1,negative
elviragreco.bsky.social,0.8388,1,positive
elvirarosert.bsky.social,0.28235,2,positive
elvsrad.bsky.social,0.8113,1,positive
elwood-r.bsky.social,-0.68245,2,negative
elyobo.bsky.social,0.3612,1,positive
ema.europa.eu,0.2589,1,positive
emaj7th.bsky.social,-0.6369,1,negative
emandras.bsky.social,0.4404,1,positive
emartineau.bsky.social,-0.4939,1,negative
embeessem.bsky.social,-0.4767,1,negative
emberblades.bsky.social,-0.34,1,negative
embers1.bsky.social,-0.31355999999999995,5,negative
embittered.bsky.social,0.0,1,neutral
embracethebald.bsky.social,0.4019,1,positive
emceekayvee.bsky.social,0.6369,1,positive
emer.net,-0.5423,1,negative
emeraldeyes1224.bsky.social,0.5859,1,positive
emericanjezebel.bsky.social,-0.009300000000000011,3,neutral
emetwpg.bsky.social,0.5955,2,positive
emgeekay.bsky.social,0.5859,1,positive
emile507.bsky.social,0.5106,1,positive
emily.gorcen.ski,0.37895,2,neutral
emily108.bsky.social,0.9006,1,positive
emilyesfraser.bsky.social,0.3182,1,positive
emilymoin.com,-0.0286,2,neutral
emilymullin.bsky.social,-0.0772,1,negative
emilynussbaum.bsky.social,0.0,1,neutral
emilyrose.bsky.social,-0.008584615384615387,13,positive
emilyyour8.bsky.social,0.19080000000000003,2,negative
eminembolism.bsky.social,0.0,1,neutral
emkjr.bsky.social,-0.6196,2,negative
emma56.bsky.social,-0.4019,1,negative
emma6527.bsky.social,0.5622,1,positive
emmaatkins.bsky.social,-0.6908,1,negative
emmadragon.bsky.social,-0.1406,1,negative
emmyem24.bsky.social,-0.5267,1,negative
emorwee.bsky.social,0.5994,1,positive
emote-control.bsky.social,0.0,1,neutral
emperorpupprtine.bsky.social,0.0,1,neutral
empiricalcuriosity.bsky.social,0.25,1,positive
emptymind.bsky.social,-0.004100000000000048,2,negative
emuanon34.bsky.social,0.1779,1,positive
emuhp.bsky.social,-0.064,2,neutral
en.afp.com,-0.26053333333333334,6,negative
enahchine.bsky.social,0.4019,1,positive
enbuenora.bsky.social,-0.35896666666666666,6,negative
enby4satan.bsky.social,-0.8074,1,negative
endtheidiocracy.bsky.social,0.296,1,positive
energyis.bsky.social,-0.8628,1,negative
energyscholar.bsky.social,-0.11122499999999999,4,negative
engineicedave.bsky.social,0.3612,1,positive
enginerd518.bsky.social,-0.0772,1,negative
english.lemonde.fr,-0.2732,1,negative
enirenberg.bsky.social,-0.0031916666666666573,12,positive
enlilitusin.bsky.social,-0.184825,4,neutral
ennuimalaise.bsky.social,0.6249,1,positive
enoch6211.bsky.social,-0.5859,1,negative
enragedrealist.bsky.social,-0.1591,2,neutral
ens0.me,-0.86715,2,negative
enuffsaysv.bsky.social,-0.19076666666666667,3,positive
envirojen.bsky.social,-0.3224,2,negative
envirorealism.bsky.social,-0.3990666666666667,3,negative
ep081598.bsky.social,0.6114,1,positive
epbeaumont.bsky.social,0.59755,2,positive
epennysworth.bsky.social,0.21075,2,positive
epi-nymph.bsky.social,0.3544,2,positive
epiceaston197.bsky.social,-0.6517,1,negative
epicurious.bsky.social,0.0,1,neutral
epimetheon.com,-0.4522,1,negative
epiren.bsky.social,-0.0258,1,neutral
epluribusfractum.bsky.social,-0.5953,2,negative
epollaert.bsky.social,-0.12055,2,negative
epremo.bsky.social,-0.6734,1,negative
equalunderlaw.bsky.social,-0.296,1,negative
equineducklings.bsky.social,-0.5106,1,negative
equinox55.bsky.social,0.2732,1,positive
eradicatemes.bsky.social,-0.4019,1,negative
erburyoldboy.bsky.social,0.0,1,neutral
erbwayne.bsky.social,0.4183,4,positive
erfaulkner.bsky.social,0.4118,1,positive
erflx.bsky.social,-0.3089,1,negative
erflynncomics.com,0.3182,1,positive
eric-boehlert.bsky.social,0.4215,1,positive
eric-in-america.bsky.social,-0.4322625,8,negative
ericalbers.bsky.social,0.128,1,positive
ericallyn.bsky.social,-0.6249,1,negative
ericblyler.bsky.social,0.0,1,neutral
ericcarroll.zeroes.ca.ap.brid.gy,0.1779,1,positive
ericfaust.bsky.social,-0.5709,1,negative
erickbt.bsky.social,0.0,1,neutral
ericklong.bsky.social,0.0,1,neutral
ericlevai.bsky.social,0.5423,1,positive
ericschmeltzer.bsky.social,-0.0516,1,negative
ericstrong.bsky.social,0.1779,1,positive
erictheblue.bsky.social,0.0,1,neutral
erictopol.bsky.social,0.298675,4,positive
erikalynne.bsky.social,0.0,1,neutral
erikawybourn.bsky.social,-0.23835,2,neutral
eriktoubro.bsky.social,0.5106,1,positive
erinchampaign.bsky.social,0.0,1,neutral
erinmikellewalker.bsky.social,-0.296,1,negative
eriya181.bsky.social,0.4019,1,positive
erlking.bsky.social,0.7928,1,positive
ermineator.bsky.social,-0.4667,4,negative
ermitfred.bsky.social,-0.37895,2,negative
erohealthcomms.com,-0.1389,3,neutral
errantv.bsky.social,-0.41296666666666665,3,negative
errrferrr.bsky.social,0.2732,1,positive
ertrick36.bsky.social,-0.9407,1,negative
eruanion.bsky.social,-0.3182,1,negative
erwinschrodinger.bsky.social,0.0,1,neutral
esblan.bsky.social,0.0,1,neutral
escapedexplorer.bsky.social,0.11750000000000002,2,positive
eschneider.bsky.social,0.0,1,neutral
escmid.bsky.social,0.0,1,neutral
esedia.bsky.social,0.0,1,neutral
esg.myatproto.social,0.7964,1,positive
eshh.bsky.social,0.0,1,neutral
eslcookieboss.bsky.social,-0.7069,1,negative
esmcslifer.bsky.social,-0.4003,1,negative
esparanza.bsky.social,0.12755000000000002,2,negative
espengis.bsky.social,-0.4574,1,negative
espnbillc.bsky.social,0.4267,2,positive
essaywells.bsky.social,-0.141175,4,negative
esteban2271.bsky.social,0.24695,2,neutral
estebanhawk.bsky.social,-0.296,1,negative
estesbob.bsky.social,-0.4939,1,negative
estevezdeep.bsky.social,0.0,1,neutral
estherinthemiddle.bsky.social,0.6399,1,positive
esunaproxy.bsky.social,0.0,1,neutral
ethanclsn.bsky.social,0.0,3,neutral
ethanlavery.bsky.social,0.3002,1,positive
etherdiver.bsky.social,-0.13164999999999996,2,negative
etherealspirits.bsky.social,0.0,1,neutral
etherialspirit.bsky.social,0.0,1,neutral
ethlmertz.bsky.social,0.0,1,neutral
eu-au.bsky.social,0.0,1,neutral
eu-health.bsky.social,0.4215,1,positive
eubanksengineeringresearch.com,0.0,1,neutral
euclido.bsky.social,-0.7177,1,negative
eugenedaydsc.bsky.social,0.0,1,neutral
eugeniast.bsky.social,-0.14165,2,negative
eugestshirley.bsky.social,0.5859,3,positive
eulerpi.dev,0.3818,1,positive
eun-sith-dathach.bsky.social,-0.2553,2,negative
eunews.social,-0.296,1,negative
euromaidanpress.bsky.social,-0.4939,1,negative
euronews.com,-0.3243,2,negative
europesays.bsky.social,-0.24923333333333333,3,negative
eusticethesheep.bsky.social,0.0,1,neutral
evanka.eurosky.social,0.1858,3,neutral
evanstopthekilling.bsky.social,0.12040000000000001,3,neutral
eve-mary.bsky.social,0.2732,1,positive
evelynelotz.bsky.social,0.09106666666666667,3,neutral
evensong.bsky.social,0.4101,1,positive
everentropy.bsky.social,0.0367,1,neutral
everrouge.bsky.social,-0.20311904761904764,21,negative
evert65.bsky.social,0.3182,1,positive
everydayepi.bsky.social,-0.6832499999999999,2,negative
everythingisbad.bsky.social,0.3804,1,positive
everythingisgrate.bsky.social,0.0,1,neutral
eviejeebie.bsky.social,-0.5423,1,negative
evilrooster.eurosky.social,-0.5267,1,negative
evilvillainousdude.bsky.social,-0.4939,1,negative
evolutionaryeve.bsky.social,-0.328,2,negative
ewanward.bsky.social,0.4215,1,positive
excitinghealth.bsky.social,0.4902,1,positive
exhaustedradical.bsky.social,0.6369,1,positive
exiladomd.bsky.social,0.0,1,neutral
experimental22.bsky.social,-0.22393333333333332,3,negative
exrevtony.bsky.social,0.0,1,neutral
exumablue.bsky.social,0.4019,1,positive
eyedawg.bsky.social,-0.4138,1,negative
f150-93.bsky.social,0.0,1,neutral
f800gecko.mastodon.online.ap.brid.gy,0.4404,1,positive
fabual.bsky.social,0.0,1,neutral
facefactsnotlies.bsky.social,0.0,1,neutral
faceofboe.bsky.social,-0.8047,1,negative
factcheck.thejournal.ie,0.5267,1,positive
factpostnews.bsky.social,-0.0812,4,negative
factsmatter4all.bsky.social,0.0,1,neutral
factsnotprops.bsky.social,0.34,1,positive
factsonly007.bsky.social,0.015625,4,negative
faefromthefield.bsky.social,-0.5413,1,negative
fafowarrior.bsky.social,0.0,1,neutral
failopen.bsky.social,-0.0572,1,negative
fairestcinderella.myatproto.social,-0.2023,1,negative
fairrobina.bsky.social,0.03175,2,negative
fairydogma.bsky.social,0.4753,1,positive
fairygodmegan.bsky.social,0.0,1,neutral
fairygothparent.bsky.social,-0.1531,1,negative
faith54.bsky.social,0.3382,1,positive
faithfulanguirus.bsky.social,0.2023,1,positive
fal89.bsky.social,-0.3062,2,negative
falschgold.net,0.4404,1,positive
famousartthief.bsky.social,0.0,1,neutral
fanboymaster.bsky.social,0.4019,1,positive
fanciestofcats.bsky.social,0.0,1,neutral
fantasydesign.bsky.social,0.0516,1,positive
faredalmahlool.bsky.social,-0.6705,1,negative
farkinaustralia.bsky.social,0.0,2,neutral
farmckon.bsky.social,0.7303,1,positive
farmersdaughter1.bsky.social,0.4404,1,positive
farseeing.bsky.social,0.0,1,neutral
fascinating-us.bsky.social,-0.8316,1,negative
fascistfighter2025.bsky.social,0.0,1,neutral
fatalflaws2025.bsky.social,-0.7184,1,negative
fatbongo.bsky.social,0.0,1,neutral
fatoots.bsky.social,-0.6705,1,negative
fatraccoon.bsky.social,-0.0701,1,negative
fatseanlives.bsky.social,0.5106,1,positive
fattonytv.bsky.social,0.6298,1,positive
faustorian.bsky.social,0.7263,1,positive
fauxrrari1.bsky.social,0.2791666666666667,3,positive
fdaily.bsky.social,0.38885000000000003,4,positive
fdell.bsky.social,0.1648,5,positive
fdjt45-47.bsky.social,-0.6705,1,negative
featherbrainedfarm.bsky.social,-0.4439,3,negative
feb1958.bsky.social,-0.5837,1,negative
fecak.bsky.social,0.0,2,neutral
fedtfupofthemall.bsky.social,-0.175375,4,negative
fedup90611.bsky.social,-0.2292,1,negative
fedupski2002.bsky.social,0.0,1,neutral
feel-the-fasc-tasy.bsky.social,-0.27568000000000004,5,negative
feeling-minnesota.bsky.social,0.7269,1,positive
feelitstill.bsky.social,-0.7003,1,negative
feemus.bsky.social,0.19063333333333332,3,neutral
feighnerbh.bsky.social,-0.5106,1,negative
feistywaters.com,0.0802,2,positive
feliatrix.bsky.social,0.6124,1,positive
felinecannon.bsky.social,0.0,1,neutral
fellas-on-doge.bsky.social,0.8271,1,positive
fellowhuman666.bsky.social,0.4926,1,positive
feministscience.bsky.social,0.6705,1,positive
femzforever.bsky.social,0.8271,1,positive
fenixminerva.bsky.social,0.0,1,neutral
feralgrumpy.bsky.social,0.0,1,neutral
feralhorseshoecrab.bsky.social,0.7296,1,positive
ferl67.bsky.social,-0.10115,2,negative
fermispairofsocks.bsky.social,-0.128,1,negative
fernmonkey.bsky.social,-0.16455,2,neutral
ferrerman.bsky.social,-0.6341,1,negative
ff-preobrazhensky.bsky.social,0.033299999999999996,3,positive
ffstoon.bsky.social,-0.47075,2,negative
fh-mycolgy.bsky.social,0.1901,1,positive
fibre-artist.bsky.social,0.0,1,neutral
fiddle-d-sticks.bsky.social,-0.631,1,negative
fidelioscabinet.bsky.social,0.4926,1,positive
fieldmontgomery.bsky.social,0.7351,1,positive
fierygoddess.bsky.social,-0.2732,1,negative
fifthdentist.bsky.social,0.1548,1,positive
fightingliberal.bsky.social,0.15984999999999996,2,positive
figuresix.bsky.social,0.05165,2,negative
filigreemchana.bsky.social,-0.5096,1,negative
fille13.bsky.social,-0.2481,6,negative
filmalicia.bsky.social,0.0,1,neutral
fim.bsky.social,0.0,1,neutral
financialtimes.com,0.5574,1,positive
finandmurph22.bsky.social,0.0,1,neutral
finchfrii.bsky.social,0.1752,2,positive
findyourglimmer.bsky.social,-0.2023,1,negative
fineoldwhine.bsky.social,0.20095,2,positive
fingbullshit.bsky.social,-0.1761,1,negative
fingerguns9mm.bsky.social,0.3612,1,positive
finleycordain.bsky.social,0.0,1,neutral
finn-cak.bsky.social,-0.87805,2,negative
finsarg.bsky.social,-0.1531,1,negative
finstersghost.bsky.social,-0.3119,2,negative
fintwitter.bsky.social,-0.35735,4,neutral
fiona-the-celt.bsky.social,-0.27475,2,negative
fiona-webster22.bsky.social,-0.22119999999999998,3,negative
fionazerbst.bsky.social,0.25,1,positive
firedbutfighting.bsky.social,-0.19954666666666665,15,negative
firefly-7461.bsky.social,-0.0258,1,neutral
firegravity.bsky.social,-0.25,1,negative
fireinsp.bsky.social,0.0,1,neutral
fireweedak.bsky.social,-0.7845,1,negative
firmth.bsky.social,0.0,1,neutral
firstclasspost.bsky.social,0.6705,1,positive
fishbender.bsky.social,0.0,1,neutral
fisherfan.bsky.social,0.2732,1,positive
fishergirl.bsky.social,0.20995,2,neutral
fishfeast.bsky.social,0.0,3,neutral
fishyonekenobi.bsky.social,-0.1901,1,negative
fitzysmom.bsky.social,0.0,1,neutral
flamingogrrl.bsky.social,0.0,1,neutral
flamingtwits.bsky.social,0.0498,1,neutral
flapjack47.bsky.social,0.7003,1,positive
flatwaterfreep.bsky.social,0.0,2,neutral
flautista2013.bsky.social,0.352,1,positive
flcfar.bsky.social,-0.3243,2,negative
fleaingdogfella.bsky.social,0.0,1,neutral
fletchermagee.bsky.social,-0.4517,1,negative
flicks28.bsky.social,0.0772,1,positive
flightreflex.bsky.social,-0.1695,1,negative
fllicsofficial.bsky.social,0.1400666666666667,3,positive
flnative.bsky.social,0.0,1,neutral
floatinginwaves.bsky.social,0.0,1,neutral
flobbert.bsky.social,-0.125,2,negative
floramcg7.bsky.social,0.0,1,neutral
flowerchildob1.bsky.social,-0.2263,1,negative
flowersrule.bsky.social,-0.0772,1,negative
floydthegwm.bsky.social,-0.25434999999999997,2,positive
flsucks.bsky.social,-0.524075,4,negative
fluffhedd.bsky.social,-0.5574,1,negative
fluffynuts.bsky.social,0.8602,1,positive
fluffypeanut.bsky.social,-0.7906,1,negative
fluffyrabbet96uwu.bsky.social,-0.0258,1,neutral
fluffythecruel.bsky.social,0.0,1,neutral
fluttergang.bsky.social,0.0,1,neutral
flyflicker.bsky.social,0.1027,1,positive
flygirlfly625.bsky.social,-0.5803,1,negative
flyingnone.bsky.social,0.392,2,neutral
flyintheointment.bsky.social,0.0,1,neutral
flyonsomewall.bsky.social,-0.1901,1,negative
flytrikeair.bsky.social,0.0,1,neutral
flytyingguy.bsky.social,-0.26335,2,neutral
fo-xtrot.bsky.social,-0.4404,1,negative
fodder650.bsky.social,0.67675,2,positive
foggthat.bsky.social,0.0,1,neutral
foggyfjordsfan.bsky.social,-0.8828,1,negative
foghornleghorn1357.bsky.social,0.1292142857142857,7,positive
foglandia.bsky.social,-0.10345,4,negative
fogspotter.bsky.social,-0.3612,1,negative
fokus.bsky.social,0.4019,1,positive
foobarred.bsky.social,0.68,1,positive
foolwatcher2025.bsky.social,-0.5574,1,negative
footballlibrettist.bsky.social,-0.296,1,negative
footcarenurse.bsky.social,0.5423,1,positive
footstepsindust.bsky.social,-0.4767,1,negative
forbes.com,0.037075,4,neutral
forced2bnice2u.bsky.social,0.3182,1,positive
forcedevolution.bsky.social,0.28595,2,positive
forestgardens.bsky.social,0.0618,2,negative
forevertrueblue.bsky.social,0.0,1,neutral
forfooksake.bsky.social,-0.20095,2,negative
foriscream.bsky.social,-0.3404,2,neutral
formerfarmeraaron.bsky.social,0.1226,1,positive
formerlycoomber.bsky.social,0.0,1,neutral
fornutn.bsky.social,0.0,1,neutral
forrestnews.bsky.social,0.27115,2,positive
forsettix.bsky.social,0.4939,1,positive
forthekittehs.bsky.social,0.3612,1,positive
fortherepublicbsky.bsky.social,0.5023,1,positive
fortismaximus.bsky.social,0.5859,1,positive
fortyphobic.bsky.social,0.7845,1,positive
forwhat-itsworth.bsky.social,0.296,1,positive
four-torpedoes.bsky.social,0.9163,1,positive
fourier58.bsky.social,0.5574,1,positive
fourteetwo.bsky.social,-0.4215,1,negative
fox4dfw.bsky.social,-0.8658,1,negative
foxxtrotremade.bsky.social,-0.875,1,negative
foxylady70.bsky.social,0.0,1,neutral
fpmacca.bsky.social,0.6124,1,positive
fraidicat2.bsky.social,0.0,1,neutral
framboisecocktail.eurosky.social,0.0,1,neutral
francesmeh.reviews,0.37895,2,positive
francesorfran.bsky.social,-0.3749,1,negative
franciscandlin.bsky.social,0.6369,1,positive
francismalevil.eurosky.social,0.3953,2,positive
frandy52.bsky.social,0.0,1,neutral
franglaise.bsky.social,0.7003,1,positive
frank-frink.bsky.social,-0.5106,1,negative
frank-winkhorst.bsky.social,-0.1027,1,negative
frankbannister.bsky.social,-0.5859,1,negative
frankdugan.bsky.social,0.5423,1,positive
frankedson24.bsky.social,-0.4800142857142857,7,negative
franken-pattern.bsky.social,-0.11116000000000001,10,negative
frankensteinjr.bsky.social,-0.8011,1,negative
frankfigliuzzi.bsky.social,-0.09933333333333333,3,positive
frankfrankson.bsky.social,0.0,1,neutral
franklee246.bsky.social,0.4627,1,positive
franklinpartyus.bsky.social,-0.7909,1,negative
franknstyne.bsky.social,-0.7717,1,negative
frankohh.bsky.social,-0.1683666666666667,3,negative
frankrossetti.bsky.social,0.0,1,neutral
frankusz.bsky.social,0.786,1,positive
frankwalker.bsky.social,0.6249,1,positive
frankypouh.bsky.social,0.0,1,neutral
frannie.bsky.social,0.0,1,neutral
frannybananny.bsky.social,0.0,1,neutral
franzanth.bsky.social,0.7845,1,positive
fraschbi.bsky.social,0.802,1,positive
fraut.eurosky.social,-0.296,1,negative
fraziberry.bsky.social,0.1366,2,neutral
fredems13.bsky.social,-0.4329,1,negative
fredslane.bsky.social,0.0,1,neutral
freecialis.bsky.social,0.3612,1,positive
freedariviera.bsky.social,0.0,1,neutral
freedom-defender.bsky.social,-0.28945,2,negative
freedom2b.cryptoanarchy.network,-0.02832499999999999,4,neutral
freedombread.bsky.social,0.0,1,neutral
freedomsurfer.bsky.social,0.4031,2,positive
freerangemink.bsky.social,0.0,1,neutral
freestatecolorado.bsky.social,0.6455500000000001,2,positive
frenchie-66.bsky.social,-0.3182,1,negative
frenemyofthepeople.bsky.social,-0.4588,1,negative
freon434.bsky.social,-0.6523,1,negative
fresistl.bsky.social,0.6369,1,positive
friedbacon.bsky.social,0.6369,1,positive
friendlyinafoxhole.bsky.social,-0.1231,2,neutral
friendo-101.bsky.social,-0.412,2,negative
friesandersen.bsky.social,-0.505175,4,negative
frinkdude.bsky.social,-0.8299,1,negative
friskeywhisker.bsky.social,-0.58895,2,negative
friskiedgrrl.bsky.social,-0.8316,1,negative
frogprof.bsky.social,0.7417,1,positive
frogsintrees.bsky.social,0.25,1,positive
fromquahog.com,0.7745,1,positive
fromsouthchicago.bsky.social,-0.7699499999999999,2,negative
frothythesquirrel.bsky.social,0.1779,1,positive
fruitbat1111.bsky.social,0.0,1,neutral
frwildflowers.bsky.social,0.0,1,neutral
fry69.dev,0.565,1,positive
fstuart.bsky.social,0.0,1,neutral
ftdiego619.bsky.social,0.0,3,neutral
ftwaygal.bsky.social,-0.2491,1,negative
ftwdiana.bsky.social,0.098175,4,positive
fubarspeaks.bsky.social,-0.16709999999999997,2,negative
fuffilicious.bsky.social,0.4435,1,positive
fulelo.bsky.social,-0.4215,1,negative
fumagas.bsky.social,-0.4767,1,negative
funglethegnole.bsky.social,-0.8718,1,negative
funmandave.bsky.social,0.3182,1,positive
funny-username1.bsky.social,-0.4215,1,negative
funnysnarkyjoke.bsky.social,0.0,1,neutral
funranium.bsky.social,0.25261666666666666,6,positive
furnesscolin.bsky.social,-0.08805,2,neutral
furryninja.bsky.social,0.13396666666666665,3,neutral
furtivephilologist.bsky.social,-0.8807,1,negative
futurestand.bsky.social,0.39089999999999997,2,positive
fuwatheiberianlynx.bsky.social,0.34,1,positive
fuzzypissykitty.bsky.social,0.4939,1,positive
fvehafric.bsky.social,0.0,1,neutral
fwordleproblems.bsky.social,-0.8074,1,negative
fymmit.bsky.social,0.2023,1,positive
g--0.bsky.social,0.2406,3,positive
g0ldis0dd.bsky.social,-0.6486,1,negative
g85742.bsky.social,0.4404,1,positive
g8erlaw68.bsky.social,-0.3241,1,negative
gaaaaaaaaaaaaavin.bsky.social,0.0,1,neutral
gabbklein.myatproto.social,0.1511,1,positive
gabbysviews.bsky.social,-0.148,2,negative
gabestur.bsky.social,-0.6597,1,negative
gabfeld.bsky.social,-0.5859,1,negative
gabituto.bsky.social,0.32996,5,positive
gabrielgambino.bsky.social,0.4019,1,positive
gabriellehecht.bsky.social,-0.27213333333333334,12,negative
gaean.bsky.social,0.0,1,neutral
gaga-gigi.bsky.social,0.4019,1,positive
gahdm.bsky.social,0.0,1,neutral
gailofficial.bsky.social,-0.5423,1,negative
gailtheal.bsky.social,-0.8655,1,negative
gainesm.bsky.social,0.07680000000000001,2,positive
gaj0724.bsky.social,0.0,1,neutral
gaknar.bsky.social,0.0,1,neutral
galactictiger.bsky.social,-0.82795,2,negative
galarianguy.bsky.social,0.2023,1,positive
galaxydreams70.bsky.social,0.7246,1,positive
galbinuscaeli.bsky.social,-0.575,1,negative
galdireonai.bsky.social,-0.5719,1,negative
galencolwell.bsky.social,0.25,1,positive
galenker.bsky.social,0.0,1,neutral
gallaethamatt.bsky.social,-0.38275000000000003,2,negative
gamercat365.bsky.social,0.0,1,neutral
gaminggal63.bsky.social,-0.7906,1,negative
gammamadonna.bsky.social,-0.4019,1,negative
gamongold.bsky.social,0.0762,1,positive
gamutfeathers.bsky.social,0.7955,1,positive
gander22h.bsky.social,-0.31465,2,negative
gardenia2112.bsky.social,0.27795000000000003,4,positive
garethspenn.bsky.social,0.3612,1,positive
garfieldsghost.bsky.social,0.0,1,neutral
garlaxweaselking.bsky.social,0.4019,1,positive
garpswelt.bsky.social,-0.802,1,negative
garpu.bsky.social,0.0,1,neutral
garretthide319.bsky.social,-0.6209,1,negative
garry1369.bsky.social,-0.5574,1,negative
garthoid.bsky.social,0.0,1,neutral
garwoodmurray.bsky.social,-0.4767,1,negative
garyhageman.bsky.social,0.0,1,neutral
garyselva.bsky.social,-0.6969,1,negative
garza29.bsky.social,-0.21413333333333337,3,negative
gasp-sending-crow.bsky.social,-0.4939,1,negative
gaspingenemyofgod.bsky.social,-0.29311666666666664,6,negative
gasten.bsky.social,-0.1531,1,negative
gastropoda.bsky.social,0.0,2,neutral
gasugasu1984.bsky.social,0.268525,4,positive
gatekeeperken.bsky.social,0.0,1,neutral
gato918.bsky.social,-0.3802,1,negative
gatorstooth.bsky.social,-0.48865000000000003,2,negative
gavinmit.bsky.social,0.0,1,neutral
gavinyamey.bsky.social,0.12379411764705883,17,positive
gayal.bsky.social,0.007500000000000007,2,negative
gayerthanthou.bsky.social,0.17,2,positive
gayfabfourfan.bsky.social,0.060200000000000004,6,neutral
gayleharris.bsky.social,-0.6606,1,negative
gaylekate.bsky.social,-0.6534,2,negative
gaymercam.bsky.social,0.7867,1,positive
gaymerherb.bsky.social,0.2732,1,positive
gayratpunk.bsky.social,0.244,3,positive
gaystation64.bsky.social,0.5051,1,positive
gaz254.bsky.social,0.3182,1,positive
gazz1815.bsky.social,0.0,1,neutral
gbombdiggity.bsky.social,0.0,1,neutral
gbooster291.bsky.social,0.3612,1,positive
gbosslet.bsky.social,0.7046,1,positive
gcm5.bsky.social,0.6249,1,positive
gdalander.bsky.social,-0.34,1,negative
gdaltonbentley.bsky.social,0.49770000000000003,3,positive
gdgollymsmolly.bsky.social,-0.9118,1,negative
geauxgabrielle.blacksky.app,-0.2577,1,negative
gebhardm.eurosky.social,0.4404,1,positive
gedankenzwerg.bsky.social,0.0,1,neutral
geeoflac.bsky.social,-0.03409999999999999,2,positive
geezwillthiswork.bsky.social,-0.7184,1,negative
geigdiham.bsky.social,-0.0387,1,neutral
gelada413.bsky.social,0.3612,1,positive
gemandmoll.bsky.social,0.3382,1,positive
genderroombuilder.bsky.social,0.2732,1,positive
gene47.bsky.social,-0.7003,1,negative
genejenkinson.bsky.social,0.0,1,neutral
generalcatana.bsky.social,-0.8271,1,negative
generally-jenny.bsky.social,-0.4404,1,negative
generalobject.bsky.social,-0.3612,1,negative
genericusername002.bsky.social,-0.3387,1,negative
generowzee.bsky.social,-0.8381,1,negative
genjibear.bsky.social,0.093275,4,positive
genpoe.bsky.social,0.10135,2,positive
gentlemanlydrinker.bsky.social,-0.1431,1,negative
gentlepoet.bsky.social,-0.10115,2,negative
gentlewomanfarmer.bsky.social,-0.0516,1,negative
genxjennifer.bsky.social,0.34635,4,positive
geo1860.bsky.social,-0.811,1,negative
geoffcasavant.bsky.social,0.0,1,neutral
geoffypjohnston.bsky.social,0.022266666666666674,3,positive
geographile.bsky.social,0.07984999999999999,2,negative
geonz.bsky.social,0.0,1,neutral
geopolitical06.bsky.social,0.3859,2,positive
geordieyakka.bsky.social,-0.4003,1,negative
george82much.bsky.social,-0.8934,1,negative
georgejk720.bsky.social,-0.3578,1,negative
georgesmith.bsky.social,0.3111,2,neutral
georgiajess.bsky.social,0.0258,1,neutral
georgiasmum.bsky.social,-0.7003,1,negative
georgiegeeez.bsky.social,-0.148,2,negative
geostomp.bsky.social,-0.2732,1,negative
geoworldpolitical.bsky.social,-0.4019,1,negative
geraldinepiche.bsky.social,0.0772,1,positive
germ3.bsky.social,-0.8718,1,negative
germancucumber1.bsky.social,0.41936666666666667,3,positive
germsandnumbers.bsky.social,0.0,1,neutral
gertrude1907.bsky.social,0.0,1,neutral
geste.bsky.social,0.0,1,neutral
gettinggophery.bsky.social,-0.0516,1,negative
ggard4.bsky.social,-0.34030000000000005,2,negative
ggl25.bsky.social,0.6249,1,positive
ggmagic.bsky.social,0.0,1,neutral
ggobertx.bsky.social,-0.68735,2,negative
ggowe.bsky.social,0.4404,1,positive
ghaffarisafari.bsky.social,-0.8271,1,negative
ghallison1.bsky.social,0.1124,1,positive
ghermy.bsky.social,-0.5423,1,negative
ghost-crab.bsky.social,0.4168,1,positive
ghosthardware05.bsky.social,0.0,1,neutral
ghostofdiscontent.bsky.social,-0.5267,1,negative
ghostofstubarnes.bsky.social,0.3182,1,positive
ghostoftwitter.bsky.social,0.1073,2,positive
giakson.bsky.social,0.6124,1,positive
giallo360.bsky.social,0.0,1,neutral
gibbensauthor.bsky.social,-0.9153,1,negative
gibsonia.bsky.social,-0.10233333333333333,3,neutral
gideon999.bsky.social,-0.296,1,negative
gidgetwidget.bsky.social,0.0,1,neutral
gifella.bsky.social,0.0,1,neutral
gigibones.bsky.social,-0.7579,1,negative
gilfer.bsky.social,0.0,1,neutral
gilles41.bsky.social,0.0,1,neutral
gillianbrockell.com,-0.4133,4,negative
gilliesracer.bsky.social,-0.010799999999999995,3,negative
gilmored85.bsky.social,0.3381,3,positive
gilroygirl18.bsky.social,0.0,1,neutral
ginalolajupiter.bsky.social,0.0,1,neutral
ginamyhill-jones.bsky.social,-0.47130000000000005,2,negative
ginaruiz.bsky.social,0.0,1,neutral
gingerandjacky.bsky.social,0.6467,1,positive
gingerhowell.bsky.social,0.296,1,positive
ginjones.bsky.social,0.3612,1,positive
ginny2233.bsky.social,0.2732,1,positive
ginnyhogan.bsky.social,0.2833,1,positive
giolovesyou.bsky.social,-0.22365,2,negative
gipper2020.bsky.social,-0.128,1,negative
giraffey.bsky.social,0.4404,1,positive
girlsreallyrule.bsky.social,0.0258,1,neutral
giselefd.bsky.social,-0.561,1,negative
giuli.revolutionarygames.co,0.0,1,neutral
givemeathylacine.bsky.social,-0.9451,1,negative
givemesanity.bsky.social,0.9231,1,positive
givemespacetravel.bsky.social,-0.10609999999999997,2,positive
giziti.bsky.social,0.0,1,neutral
gizmodo.com,-0.20025,2,negative
gizmoz.bsky.social,0.2104,2,positive
gizzi-m.bsky.social,-0.5859,1,negative
gjahn.bsky.social,0.3612,1,positive
gjk1970.bsky.social,0.2364,2,neutral
gleebix.bsky.social,0.296,1,positive
glenni.bsky.social,0.0767,1,positive
glitchwing.bsky.social,0.6249,1,positive
globalcatastrophe.bsky.social,0.0,2,neutral
globalnews.ca,-0.33525,2,negative
glooface.bsky.social,0.0,1,neutral
gloriousruby.bsky.social,0.0,1,neutral
glorydayzzz.bsky.social,-0.2263,1,negative
glostermeteor.bsky.social,-0.447,1,negative
gmakp.bsky.social,0.0,1,neutral
gmik69bsky.bsky.social,0.34,1,positive
gmny22.bsky.social,0.5053,1,positive
gms91201.bsky.social,0.25,1,positive
gnomeledy2.bsky.social,0.013566666666666652,3,positive
gnomepickles.bsky.social,-0.918,1,negative
go-dems01.bsky.social,0.0258,1,neutral
go-ezier-and-enjoy.bsky.social,0.5656,1,positive
goatburgler.bsky.social,-0.5574,1,negative
goatest.bsky.social,-0.8765,1,negative
goatsgotohell.bsky.social,0.296,1,positive
godhammer6.bsky.social,-0.7717,1,negative
godhatesyeast.bsky.social,-0.3438,2,negative
godofchunder.bsky.social,-0.296,1,negative
godsrebel.bsky.social,0.0,1,neutral
gogopoet.bsky.social,0.0,1,neutral
gogs-48.bsky.social,-0.128,1,negative
gojigoodra.bsky.social,0.0,1,neutral
gojira1000.bsky.social,0.0,1,neutral
gojira65.bsky.social,-0.33185000000000003,2,negative
gokp.bsky.social,-0.6428,1,negative
goldcountryrich.bsky.social,0.6239,1,positive
goldie1968.bsky.social,-0.295375,4,negative
golikehellmachine.com,0.4939,1,positive
goneril1968.bsky.social,-0.5204,1,negative
gontry.bsky.social,-0.034,1,neutral
gonzaegonza91.bsky.social,0.4191,1,positive
gonzonj.bsky.social,0.0,1,neutral
goodgeorge.bsky.social,0.5994,1,positive
goodonepapa.bsky.social,-0.296,1,negative
goodstephen.bsky.social,0.0,1,neutral
goodtroublebrigade.bsky.social,-0.8349,1,negative
goodwitchglinda.bsky.social,-0.258,5,negative
goonda13.bsky.social,0.3182,1,positive
goonlighting.bsky.social,0.0,1,neutral
goosebiscuits.bsky.social,0.08261999999999999,5,neutral
goosethegander.bsky.social,-0.2732,1,negative
gopickles.bsky.social,-0.4019,1,negative
gopiscomplicit.bsky.social,0.12747142857142857,7,neutral
gordon-eldest.bsky.social,-0.4939,1,negative
gordy-m.bsky.social,0.9082,1,positive
gorhetti.bsky.social,-0.3595,1,negative
goroanoke.bsky.social,-0.30793333333333334,6,negative
gorubenruben.bsky.social,0.0,1,neutral
gossage.bsky.social,-0.5719,1,negative
gotaklew.bsky.social,-0.8553,1,negative
gothamist.com,-0.2418,4,negative
gothicr0se.bsky.social,0.5959,1,positive
gp2k.tikimail.org,-0.1868,2,negative
gpac.bsky.social,0.0,1,neutral
gpadini.bsky.social,0.1027,1,positive
gpike.bsky.social,0.0,1,neutral
gpthacker.bsky.social,0.3182,1,positive
gr8fuldad.bsky.social,0.25,1,positive
grace55.bsky.social,-0.8934,1,negative
graceelf.bsky.social,0.9623,1,positive
gracegeorge23.bsky.social,0.4812,1,positive
graciesbiatch.bsky.social,-0.7003,1,negative
grahamiancummins.bsky.social,-0.13085,2,negative
grameee5.bsky.social,-0.7762,1,negative
grammy1947.bsky.social,-0.32712,5,negative
grammymae.bsky.social,-0.47204999999999997,4,negative
grammymoore.bsky.social,0.0,1,neutral
gramophoneman.bsky.social,0.0,1,neutral
grampasso.bsky.social,0.031549999999999995,4,positive
grandmamalama.bsky.social,-0.36944,5,negative
grandmaonion.bsky.social,0.7783,1,positive
grandpa9.bsky.social,0.6705,1,positive
grandpadavid.bsky.social,0.7003,1,positive
grannyoffhermeds.bsky.social,0.38585,2,positive
grannyzee.bsky.social,-0.7501,1,negative
granogranograno.bsky.social,-0.3612,1,negative
grant2c.bsky.social,0.0,1,neutral
grantsodiosa.bsky.social,0.1618,2,negative
grantwtrent.bsky.social,-0.0772,1,negative
granuailynn.bsky.social,0.09665000000000001,2,positive
grateful-1.bsky.social,0.56245,2,positive
gravekeepr.com,-0.836,1,negative
gravelinfluencer.bsky.social,0.09925,6,positive
graver0byn.bsky.social,0.43035,2,positive
gravygoat.bsky.social,0.812,1,positive
graybitch.bsky.social,0.032325000000000007,4,positive
grbefc.bsky.social,0.5562,1,positive
greatedstrombolli.bsky.social,-0.41325,2,negative
greathands4you.bsky.social,0.3612,1,positive
greavesoflass.bsky.social,0.0,1,neutral
grecianern.bsky.social,0.72745,2,positive
green496.bsky.social,0.19032857142857143,7,positive
greenmamalama.bsky.social,0.0,1,neutral
greensagainstcovid.bsky.social,0.1263,1,positive
greenstraw2026.bsky.social,0.30396666666666666,3,positive
greentrees.bsky.social,-0.2805,1,negative
greg60.bsky.social,-0.18193333333333336,3,negative
gregbester.bsky.social,0.0,1,neutral
gregbpool.bsky.social,-0.1027,1,negative
gregdreishmire.bsky.social,0.0,2,neutral
gregfolkers.bsky.social,0.0,3,neutral
gregfromsask.bsky.social,-0.4019,2,negative
greggjlevine.bsky.social,0.0667,9,positive
gregory-c-leavitt.bsky.social,-0.2732,1,negative
gregoryaight.bsky.social,0.4404,1,positive
gregrichardsnyc.bsky.social,0.0,1,neutral
gregsanderson.bsky.social,-0.1531,1,negative
griffsy.bsky.social,0.6329,3,positive
grillnatty.bsky.social,0.0,1,neutral
grimmrad.bsky.social,0.19096666666666665,3,positive
gringlegrif.com,-0.0258,1,neutral
grngma.bsky.social,0.3612,1,positive
groboudo.bsky.social,-0.3818,1,negative
groda.eu,0.0,1,neutral
grolaw-me.bsky.social,0.14853333333333332,6,neutral
grooveholmes.bsky.social,0.08086666666666666,3,neutral
grosdoriane.bsky.social,0.733,1,positive
grouchyladybug.bsky.social,0.0,1,neutral
growbagman.bsky.social,0.4588,1,positive
growdandelions.bsky.social,0.0,1,neutral
grrrz.bsky.social,0.0,1,neutral
grsmn.bsky.social,0.0,1,neutral
grudgingcloud.bsky.social,0.4019,1,positive
grumpinuts.bsky.social,-0.3612,1,negative
grumpy-bloke.bsky.social,0.5574,1,positive
grumpydoc19.bsky.social,0.0,1,neutral
grumpygrandpa58.bsky.social,-0.0772,1,negative
grumpyoldscientist.bsky.social,-0.5828,1,negative
grumpysue.bsky.social,-0.14075,2,negative
gruntmusic.bsky.social,0.0,1,neutral
gsjphd.bsky.social,0.678,1,positive
gskh1237.bsky.social,0.7269,1,positive
gthanku.bsky.social,-0.128,1,negative
gtjr.bsky.social,0.6124,1,positive
guardian-uk-rss.bsky.social,0.0,1,neutral
guardianofforever.bsky.social,-0.09505,2,negative
guay.bsky.social,0.0,1,neutral
guboya.bsky.social,-0.4001333333333333,3,negative
guccibedpan.bsky.social,-0.533,1,negative
gudmundursteinar.bsky.social,0.1806,2,neutral
guerillawomaning.bsky.social,0.25,1,positive
guhsidung.bsky.social,0.7906,1,positive
guido-is-myname.bsky.social,0.0,1,neutral
guillermo63.bsky.social,0.0,1,neutral
guin30.eurosky.social,0.296,1,positive
guinesspig.bsky.social,-0.28402499999999997,4,negative
guisbeau.bsky.social,-0.1695,1,negative
guitarman66.bsky.social,0.8464,1,positive
guitarnut.bsky.social,0.1806,2,neutral
gull.us,0.05315,2,positive
gullerisback.bsky.social,-0.07327499999999998,4,negative
gundamcel.bsky.social,0.0,1,neutral
gundeloriginal.bsky.social,0.42464999999999997,2,positive
gunnargoldhair.bsky.social,-0.3818,1,negative
guns.bsky.social,0.4588,1,positive
guruvouxdoux.bsky.social,0.4215,1,positive
gussquawks.bsky.social,0.08736666666666666,3,positive
gustavo64.bsky.social,-0.7906,1,negative
guy-beaver61.bsky.social,0.0,1,neutral
guyell.bsky.social,0.7356,1,positive
guyfawkesright.bsky.social,0.33675,2,positive
guyfromthatthing.bsky.social,-0.4981,1,negative
guygoncalves.bsky.social,-0.3818,1,negative
gwenforr.bsky.social,0.0742,1,positive
gwm56.bsky.social,-0.2878,1,negative
gwpda.bsky.social,0.0386,2,positive
gwynplaine2024.bsky.social,-0.1027,1,negative
gypsysoul1968.bsky.social,0.0,1,neutral
h1ghc0ncept.bsky.social,0.0,1,neutral
h2022.bsky.social,-0.4215,1,negative
hachi19.bsky.social,0.0,1,neutral
hackkitten.bsky.social,-0.19660000000000002,2,negative
hacks4pancakes.com,-0.3385,3,negative
haemaker.hae.com,0.0,1,neutral
hairybusiness.bsky.social,0.2228,1,positive
hairydogproductions.com,0.148,2,neutral
hairyevolutionary.bsky.social,-0.46835,2,negative
haiyada1.bsky.social,0.0,1,neutral
hajma.bsky.social,0.0,1,neutral
hakukani.bsky.social,0.4404,1,positive
halfbit.bsky.social,0.0,1,neutral
halibut.bsky.social,-0.09,1,negative
halicon2k.bsky.social,0.0,1,neutral
halloalo.bsky.social,0.0,1,neutral
hamberder.bsky.social,-0.765,1,negative
hamiltonwaverly.bsky.social,0.0,1,neutral
hamkold.bsky.social,0.0,1,neutral
hammancheez.bsky.social,0.5267,1,positive
hammerth-1701.bsky.social,0.0,1,neutral
hamoudjihaj.bsky.social,0.42460000000000003,3,positive
hanadoki-fr.bsky.social,0.5076,1,positive
hanayanagi.kim,-0.31245,2,negative
hangrygannet.bsky.social,0.4215,1,positive
hankp.bsky.social,0.0258,1,neutral
hanksi-art.bsky.social,0.7125,1,positive
hannafate.bsky.social,0.0,1,neutral
hanners64n.bsky.social,0.3503,1,positive
hanssolo4love.bsky.social,0.0,1,neutral
hantaorion.bsky.social,-0.6597,1,negative
hapalochlaena.bsky.social,-0.296,1,negative
hapchem.bsky.social,0.0,2,neutral
hapm.bsky.social,-0.5106,1,negative
happy2001.bsky.social,-0.9393,1,negative
happyfox711.bsky.social,0.04400000000000001,2,negative
happyfunnysillydog.bsky.social,0.4847,1,positive
happymiser.bsky.social,-0.022925,4,neutral
hardciderblues.bsky.social,-0.5574,1,negative
hardcorefentonmudd.bsky.social,0.0,1,neutral
hardrock55.bsky.social,-0.6996,1,negative
hardywallbanger.bsky.social,0.0,1,neutral
harkerthanblack.bsky.social,0.2924,1,positive
harlanhaskins.com,0.2263,1,positive
harlequin97.bsky.social,-0.24889999999999998,2,negative
harlickjen.bsky.social,0.5436000000000001,2,positive
harmlesssolutions.bsky.social,0.0,1,neutral
haroldmillerhmcl.bsky.social,0.0,1,neutral
harperwinter.bsky.social,0.0,1,neutral
harrymaroudas.bsky.social,-0.296,1,negative
harryseaotter.art,0.1695,1,positive
hartmannreport.com,-0.25,1,negative
harvey-normal.bsky.social,0.6369,1,positive
haskell.bsky.social,-0.4767,1,negative
hasrock36.myatproto.social,0.0,1,neutral
hate2badgeryou.bsky.social,0.02805000000000002,2,positive
hatethisbs.bsky.social,-0.8555,1,negative
hatf.cryptoanarchy.network,-0.8934,1,negative
hauntedham.bsky.social,0.0,1,neutral
hauntingly.online,0.5994,1,positive
hauserbua.bsky.social,0.0,1,neutral
havelockvetinari.bsky.social,0.0,1,neutral
haveyouanywool.bsky.social,0.04544999999999999,2,positive
hayden-leveque.bsky.social,-0.0516,1,negative
haydonmp.bsky.social,0.2023,1,positive
hayesdesign.bsky.social,0.0,1,neutral
hazelazureus.bsky.social,0.0,1,neutral
hazie.bsky.social,0.6908,1,positive
hazmatmonkey.bsky.social,0.7269,1,positive
hbc88.bsky.social,0.3818,1,positive
hbeeinc.bsky.social,0.0,1,neutral
hcps26.com,-0.16246,10,negative
headdoc35.bsky.social,-0.4019,1,negative
headquartersnews.bsky.social,-0.5574,1,negative
healinghands65.bsky.social,-0.56595,2,negative
healioid.bsky.social,0.0,1,neutral
healthasiaguy.bsky.social,-0.3182,1,negative
healthlawadamh.bsky.social,-0.513,1,negative
healthpolicywatch.bsky.social,0.6486,1,positive
healthydebate.bsky.social,0.0,1,neutral
heartgest.bsky.social,0.0,1,neutral
heartlesscreatures.bsky.social,-0.07655,2,neutral
heatherfeather.bsky.social,-0.3990666666666667,3,negative
heatherpc.bsky.social,0.0,1,neutral
heavenbound.bsky.social,0.0,1,neutral
hedgelord2.bsky.social,-0.3291,1,negative
hehheh.bsky.social,-0.6705,1,negative
helen121.bsky.social,0.1647,4,neutral
helena-hand-basket.bsky.social,-0.4215,1,negative
helenbranswell.bsky.social,-0.05756,5,negative
helenkennedy.com,-0.4939,1,negative
helenscousin.bsky.social,0.0,1,neutral
helical2024.bsky.social,-0.26745,2,neutral
hellishchildren.bsky.social,-0.0506875,8,negative
hellorangoon.bsky.social,0.07563333333333334,3,neutral
hemlockmimosa.bsky.social,0.0,1,neutral
hempev.bsky.social,0.5559,1,positive
henhulks.bsky.social,-0.6705,1,negative
henningt6.bsky.social,0.5501499999999999,2,positive
henrideskalitz.bsky.social,0.38986,5,positive
heptaglemious.bsky.social,0.0258,1,neutral
herbmorris.bsky.social,0.0,1,neutral
herbwilson.bsky.social,0.0,1,neutral
here2learn2.bsky.social,-0.4767,1,negative
hereticartist.bsky.social,0.0,1,neutral
heretictheorist.bsky.social,0.4019,1,positive
hereweare.bsky.social,0.4871,1,positive
hermes61.bsky.social,0.09585,2,negative
heroic1.bsky.social,0.4404,1,positive
herrlars.bsky.social,-0.2797,4,negative
hersoldier.bsky.social,-0.7213,1,negative
hewscranberry.bsky.social,0.2023,1,positive
hey-itsjay.bsky.social,0.1806,2,neutral
hey-leia.bsky.social,-0.296,1,negative
heyheygoodbye.bsky.social,0.15159999999999998,3,positive
heyitsty3.bsky.social,0.0,1,neutral
heymayt.bsky.social,0.4391,1,positive
heymrwilson1.bsky.social,0.3612,1,positive
heyudeuphus.bsky.social,-0.8402,1,negative
heywoodj.bsky.social,0.0,1,neutral
heyzell.blackskycomra.de,-0.0258,1,neutral
hghwy1.bsky.social,-0.4767,1,negative
hhammerh.bsky.social,-0.2225,1,negative
hhillarious.bsky.social,-0.011215384615384615,13,negative
hholymmack.bsky.social,-0.6597,1,negative
hiegold.bsky.social,-0.1027,1,negative
highlandcoo2.bsky.social,-0.7787,1,negative
highley1958.bsky.social,0.0,1,neutral
hihkatharine.bsky.social,0.0,2,neutral
hiiamclint.bsky.social,0.6637500000000001,2,positive
hikeitup.bsky.social,-0.6727000000000001,2,negative
hikepc.bsky.social,-0.743,1,negative
hikercat.bsky.social,-0.31845,2,neutral
hilarywollis.bsky.social,-0.6908,1,negative
hildegardinspired.bsky.social,-0.8625,1,negative
hilltophammy.bsky.social,0.5157,1,positive
himself132.bsky.social,-0.4417,2,negative
hippieatheart.bsky.social,-0.2023,1,negative
hippolyta70.bsky.social,0.0,1,neutral
hipstersasquatch.bsky.social,-0.4939,1,negative
historyrepeating24.bsky.social,-0.4137,1,negative
historysock.bsky.social,0.2315,1,positive
hjarmstrong.bsky.social,0.0,1,neutral
hkfinan.bsky.social,-0.4466,1,negative
hmandia.bsky.social,0.25,1,positive
hmantegazzi.bsky.social,-0.7343,1,negative
hmcc53.bsky.social,0.0,1,neutral
hmmmmnothankyou.bsky.social,0.0,1,neutral
hmrhoward.bsky.social,0.0,1,neutral
hodofyle.bsky.social,0.0,1,neutral
hoegrell.bsky.social,-0.35205,2,negative
holdontoyourbutts.bsky.social,-0.5859,1,negative
holliwinters57.bsky.social,-0.4939,1,negative
hollowoak.bsky.social,0.0,1,neutral
hollyanderson.bsky.social,0.0,1,neutral
hollyhockcottage.bsky.social,0.0,1,neutral
hollypeppers.bsky.social,0.6357,1,positive
hollywood-hill.bsky.social,0.0,2,neutral
holyshitdaddydamn.bsky.social,-0.7901,1,negative
homes4family.bsky.social,0.0,1,neutral
homoliberans.bsky.social,0.0,2,neutral
hondos.bsky.social,0.3612,1,positive
honeywallbeer.bsky.social,0.048099999999999976,2,positive
hookland.bsky.social,0.0,2,neutral
hoop1975.bsky.social,0.0,1,neutral
hooroousa.bsky.social,-0.003300000000000025,2,positive
hoosiergal44.bsky.social,0.0,1,neutral
hoosiernathaniel.bsky.social,0.0,1,neutral
hope26.bsky.social,0.3612,1,positive
hopea.bsky.social,-0.39566666666666667,3,negative
hopeandhappiness.bsky.social,0.5106,1,positive
hopelaughlove.bsky.social,-0.1909,2,negative
hopelessinamerica.bsky.social,-0.2427,2,positive
hoppgroundkid.bsky.social,0.3818,1,positive
hopstache.bsky.social,-0.148,2,negative
horatiorama.bsky.social,0.1065,1,positive
hordover.bsky.social,-0.9316,1,negative
horridpoplyrics.bsky.social,-0.1779,1,negative
horror4h.bsky.social,0.4168,1,positive
horseknuckler.bsky.social,0.8834,1,positive
horsetrix.bsky.social,-0.0516,1,negative
hortisam.bsky.social,-0.62885,2,negative
hotel-putingrad.bsky.social,0.0,1,neutral
hotelalhamra.bsky.social,0.5104500000000001,2,positive
hough-transform.bsky.social,-0.4728,1,negative
houninym.bsky.social,-0.34,1,negative
house13.bsky.social,0.31845,2,neutral
housesitter.bsky.social,-0.6311,2,negative
houstonchronicle.com,0.0,1,neutral
howabouttomorrow.bsky.social,0.13419999999999999,2,positive
howc114.bsky.social,0.3818,1,positive
howidiotami.bsky.social,0.017875000000000002,4,neutral
howie.schoolbread.com,0.0,1,neutral
howlerson.bsky.social,0.6696,1,positive
howlingbluewolf.bsky.social,0.0,1,neutral
howlyoudoin.bsky.social,0.006300000000000028,2,negative
hpzbh.bsky.social,0.1901,1,positive
hstein.eurosky.social,0.5423,1,positive
htkdem.bsky.social,0.2263,1,positive
hubertlaneite.bsky.social,-0.5838,1,negative
huckdillinger.bsky.social,0.2244,1,positive
huckelcommasean.bsky.social,-0.03555,2,negative
huckleberrymike.bsky.social,0.0,1,neutral
hudconswift.swifties.social,-0.4074,3,negative
hudsonrivercroc.bsky.social,-0.3342666666666667,3,negative
huffpost.com,-0.21075,2,negative
hugh258.bsky.social,-0.45845,2,negative
hugsandtugs.bsky.social,0.2723,1,positive
huisclos25.bsky.social,0.0,1,neutral
hulcricket.bsky.social,-0.4767,1,negative
hulkling-she-her.bsky.social,-0.4497,1,negative
huma.bsky.social,0.38192499999999996,4,positive
humanity101.bsky.social,0.0,1,neutral
humanwolf.bsky.social,0.0,1,neutral
hungrykate.bsky.social,0.0069,1,neutral
huntergreer.bsky.social,-0.5106,1,negative
huntleyhaverstock.bsky.social,0.0,2,neutral
huntthesnark.bsky.social,0.7311,1,positive
hurricaneheidi.bsky.social,-0.09319999999999998,2,negative
hurricanexyz.bsky.social,-0.6597,1,negative
huskyville.bsky.social,0.21405,2,positive
hutchinson-alan.bsky.social,0.0,1,neutral
hydalawn1.bsky.social,0.0,1,neutral
hylja58.bsky.social,0.0,1,neutral
hypoautonomic.bsky.social,0.19276,5,neutral
hzeiner.bsky.social,-0.5423,1,negative
i-am-las-vegas.bsky.social,0.765,1,positive
i-gvf.bsky.social,0.3182,1,positive
i-pappas99.bsky.social,0.0,1,neutral
i-readnews-i-rage.bsky.social,0.8102,1,positive
i270exit1.bsky.social,-0.5848,1,negative
iainsut.bsky.social,-0.5803,1,negative
iajulufo.bsky.social,0.7003,1,positive
iamapyriteking.bsky.social,0.116,18,positive
iamarthurkotb.bsky.social,0.0,1,neutral
iamashleystearns.bsky.social,0.0,1,neutral
iamchrisedward.bsky.social,0.0,1,neutral
iamcurious.bsky.social,0.0,1,neutral
iamderekh.bsky.social,0.2780125,8,positive
iamgroooot.bsky.social,-0.5612999999999999,5,negative
iamhereticali.bsky.social,-0.12855,2,negative
iamkillswitch.bsky.social,0.3527,1,positive
iamlauriew.bsky.social,-0.7319,1,negative
iammarklush.bsky.social,0.755,1,positive
iammenotu.bsky.social,0.31245,2,positive
iammrlamb.bsky.social,0.5448,1,positive
iammudlet.bsky.social,-0.4767,1,negative
iampilgrim.bsky.social,0.4859,1,positive
iamsauerkraut.bsky.social,0.1779,1,positive
iamstb.bsky.social,-0.3818,1,negative
iamthelich.bsky.social,0.6219,3,positive
iamtherog.com,-0.133375,4,negative
iangorrie.bsky.social,-0.2391,2,negative
iangreene.bsky.social,-0.9081,1,negative
ianrpearsall.bsky.social,-0.0516,1,negative
iansimmons1960.bsky.social,0.0,1,neutral
ianthecovington.bsky.social,0.0,1,neutral
ianvg.com,0.308475,4,positive
ianxz.bsky.social,0.0,1,neutral
iarnulfr.bsky.social,0.21885000000000002,2,positive
ibc.bsky.social,0.5267,1,positive
ibex95.bsky.social,-0.1779,1,negative
ibumichele.bsky.social,-0.4767,1,negative
icalasari.illusoria.ca,-0.6697,1,negative
iccorruptpeople.bsky.social,0.0,1,neutral
icefragrance.bsky.social,0.0,1,neutral
ichoosehopenotfear.bsky.social,0.0,1,neutral
icu-b4-uc-me.bsky.social,-0.6597,1,negative
icyprincess.bsky.social,-0.1479,1,negative
idachick.bsky.social,0.0,1,neutral
idahogal1006.bsky.social,-0.3968666666666667,3,negative
idajo.bsky.social,0.0,1,neutral
idamus.bsky.social,-0.3071,1,negative
idasmum.bsky.social,0.5859,1,positive
iddybud.bsky.social,-0.2387,1,negative
ididntclickthat.bsky.social,-0.34,1,negative
idigdna.bsky.social,-0.6554,1,negative
idiokratie.bsky.social,0.0,1,neutral
idioma-chapurreada.bsky.social,0.3612,1,positive
idontnou.bsky.social,-0.03806666666666666,3,negative
idontthinksomate.bsky.social,-0.5965,1,negative
idostats.bsky.social,0.0,1,neutral
idratherbeinmaine.bsky.social,0.0,1,neutral
idsainfo.bsky.social,-0.4868,2,negative
iedamarcondes.com,0.0,1,neutral
ifnotnowwhen.bsky.social,-0.4939,1,negative
igfinite.bsky.social,0.6988,1,positive
iglover.bsky.social,0.0,1,neutral
igrowold.bsky.social,-0.03435000000000002,4,negative
ihatetrump69.bsky.social,0.0,1,neutral
iheartmaps.bsky.social,-0.025050000000000017,2,negative
iheartnoise.bandcamp.com,0.20095,2,neutral
ijeftomi.bsky.social,0.0,1,neutral
ikari-wolf.bsky.social,-0.1531,1,negative
ikf956.bsky.social,0.0,1,neutral
ilcitizen.bsky.social,-0.2584,1,negative
ilikestuff25.bsky.social,-0.8356,1,negative
ilk.org,-0.0951,1,negative
illbebach4.bsky.social,0.2263,1,positive
illinjquillin.bsky.social,0.7177,1,positive
illuminati-ganga.bsky.social,0.296,1,positive
ilovecouy26.bsky.social,0.6884,1,positive
imagardener.bsky.social,-0.836,1,negative
imagine1016.bsky.social,-0.3062,2,neutral
imaginepeace.bsky.social,0.4404,1,positive
imaginerone.bsky.social,-0.3182,1,negative
imbernomics.bsky.social,-0.296,1,negative
immigrant2blusky.bsky.social,0.4404,1,positive
immunoprof.bsky.social,0.4019,1,positive
imtailor.bsky.social,-0.9258500000000001,2,negative
in-distress.bsky.social,0.2294,2,positive
independent.ie,0.0,1,neutral
indie55.bsky.social,0.0,1,neutral
indigopatricia.bsky.social,-0.5237499999999999,2,negative
indigoreflection.bsky.social,0.0,1,neutral
indirectheat.bsky.social,0.4588,1,positive
indyfromspace.bsky.social,-0.27045714285714284,7,negative
indylinda21.bsky.social,-0.05790000000000001,2,negative
indylu.bsky.social,-0.5719,1,negative
ineke10.bsky.social,-0.6639999999999999,4,negative
infectiousdz.bsky.social,-0.9398,1,negative
infectiousjk.bsky.social,0.0258,1,neutral
infinata.bsky.social,0.2263,1,positive
infinitefinite.blog,-0.7227,1,negative
infinitestrings.bsky.social,0.1007,1,positive
infobeautiful.bsky.social,0.0,1,neutral
infomatisk.bsky.social,0.0,1,neutral
infopleaseh.bsky.social,-0.30189166666666667,12,negative
ingognitodorito.bsky.social,0.0,1,neutral
ini4.bsky.social,-0.0258,1,neutral
inqubate.bsky.social,0.39225,2,positive
insaneindamembrane.bsky.social,0.0,1,neutral
insanestraycat.bsky.social,-0.3612,1,negative
inspiteoftrump.com,0.07255,2,positive
insurethefuture.bsky.social,0.0,1,neutral
integrity73.bsky.social,0.3701,1,positive
intentionality4.bsky.social,0.5688500000000001,2,positive
interestedparty.bsky.social,0.0,1,neutral
interstel1ar.bsky.social,-0.5574,1,negative
inthebrineydeep.bsky.social,0.5983,1,positive
intheseshoes.bsky.social,-0.29895,10,negative
introverter.bsky.social,-0.0516,1,negative
invictusghost.bsky.social,-0.432725,4,negative
ioletsgo.gay,-0.43025,2,negative
ipm.bsky.social,0.0,1,neutral
iprovosttom.bsky.social,0.8934,1,positive
ipsae-ipsum.bsky.social,0.064,2,positive
iputadollarin.bsky.social,-0.052200000000000024,2,positive
ira78.bsky.social,0.0,1,neutral
iranmmonitors.bsky.social,0.08629999999999999,2,positive
iranphotos.bsky.social,-0.1779,1,negative
irasciblerascal.bsky.social,0.0,1,neutral
ireadivote.bsky.social,-0.5719,1,negative
irenee51.bsky.social,0.5707,1,positive
irenelomis.bsky.social,0.2068,2,positive
irishfino.bsky.social,-0.8625,1,negative
irishquilter13.bsky.social,0.0772,1,positive
irishrock.bsky.social,-0.4939,1,negative
irishtimes.com,-0.54815,2,negative
irishwhisky24.bsky.social,-0.2023,1,negative
irisnotsiri.bsky.social,-0.22818,5,negative
irisstarrling.bsky.social,0.0,1,neutral
irmam.bsky.social,0.3612,1,positive
irminsulantifa.bsky.social,0.4019,1,positive
irodders.bsky.social,0.2481,1,positive
ironjoebro.bsky.social,-0.6177,1,negative
ironlady1968.bsky.social,-0.1027,1,negative
ironsharky.bsky.social,0.6633,1,positive
ironwolf6464.bsky.social,0.2732,1,positive
irony-enthusiast.bsky.social,0.0,1,neutral
irvingwrites.bsky.social,0.0,1,neutral
isaac-capt2.bsky.social,-0.5106,1,negative
isaacbogoch.bsky.social,0.4404,1,positive
isabelott.bsky.social,0.7964,1,positive
isaiahbishop.bsky.social,0.2235,3,neutral
isdoomimminent.bsky.social,0.6656,1,positive
isgd2bhi.bsky.social,-0.5994,1,negative
ishigh.lol,0.0,1,neutral
ishki1.bsky.social,-0.4215,1,negative
ishtar.bsky.social,0.2980333333333333,3,positive
iskragoch.bsky.social,0.0,1,neutral
islandnana64.bsky.social,-0.7351,1,negative
isogsargent.bsky.social,0.4753,1,positive
isomorphism.net,0.0,1,neutral
isonope.bsky.social,-0.27815,2,negative
isthisrob.bsky.social,-0.2732,1,negative
it-is-emilia.bsky.social,-0.217,3,negative
itismashagain.bsky.social,0.4404,1,positive
itistherealjas.bsky.social,-0.6369,1,negative
itrustscience.bsky.social,0.7693333333333333,3,positive
itsamecc.bsky.social,0.0,1,neutral
itsameitsayou.bsky.social,-0.2023,1,negative
itsasp.bsky.social,-0.296,1,negative
itsbabs.bsky.social,-0.4939,1,negative
itschaosbekind72.bsky.social,0.5106,1,positive
itsecurityninja.bsky.social,0.3818,1,positive
itsgorain.bsky.social,0.33525,2,neutral
itsmetrish.bsky.social,-0.4404,1,negative
itsmtntime.bsky.social,0.5666833333333333,6,positive
itsnotmeaus10.bsky.social,0.6858,1,positive
itsonlybrad.bsky.social,0.2023,1,positive
itspook.com,0.4215,1,positive
iucounu.bsky.social,0.0,1,neutral
ivalaine.bsky.social,0.62295,6,positive
ivorcarr.bsky.social,-0.2063,1,negative
iwanttobecanadian.bsky.social,-0.0906,2,negative
iwcampbell.bsky.social,0.1531,1,positive
iwillnotbesilenced.bsky.social,0.0,1,neutral
ixtumea.bsky.social,-0.16160000000000002,2,positive
iz-dreyer8.bsky.social,0.4753,1,positive
izzieislandheart.bsky.social,-0.70675,2,negative
izzos.net,-0.5420499999999999,2,negative
j0seph08.bsky.social,0.0,1,neutral
j4man.bsky.social,-0.5984,1,negative
jaboese.bsky.social,-0.29485,2,neutral
jac028.bsky.social,0.4404,1,positive
jacabovermyhead.bsky.social,0.0258,1,neutral
jack-shostak.bsky.social,0.4926,1,positive
jackfurrry.bsky.social,-0.4019,1,negative
jackiefromtexas.bsky.social,0.0769,5,negative
jackjoseph.bsky.social,0.0,1,neutral
jackjrswisher.bsky.social,-0.8934,1,negative
jackrunscode82.bsky.social,-0.6139,1,negative
jackschitt.bsky.social,-0.4019,1,negative
jacksez25.bsky.social,-0.6369,1,negative
jacksprat39.bsky.social,0.2732,1,positive
jacktindale.bsky.social,0.0,1,neutral
jackval.bsky.social,-0.2263,1,negative
jacobaugust.bsky.social,0.0,1,neutral
jacqueline99.bsky.social,0.0,1,neutral
jacquep.bsky.social,0.0,1,neutral
jacrowley.bsky.social,0.0,1,neutral
jaculis.bsky.social,-0.34,1,negative
jadeanlazulli.bsky.social,-0.1027,1,negative
jadus.bsky.social,0.0,1,neutral
jae-bond-007.bsky.social,0.1531,1,positive
jahnmarie.bsky.social,0.33575,2,neutral
jailoon.bsky.social,0.0,1,neutral
jailtrump.bsky.social,0.0,1,neutral
jake2404663.bsky.social,0.0,1,neutral
jakeofnotrades.bsky.social,0.296,1,positive
jakereyna.bsky.social,-0.4837,2,negative
jakesdaddio.bsky.social,-0.1779,1,negative
jakevig.bsky.social,-0.926,1,negative
jakewarsaw.bsky.social,0.0,2,neutral
jakobgamertsfelder.bsky.social,0.0,1,neutral
jalata.bsky.social,0.0,1,neutral
jamalo27.bsky.social,0.7003,1,positive
james-thomasson96.bsky.social,-0.4019,1,negative
jamesdoyle1983.bsky.social,-0.1531,1,negative
jamesfromqueensny.bsky.social,0.18495,2,positive
jameskennedy18417.bsky.social,-0.0772,1,negative
jamesmccormick.bsky.social,-0.4723,2,negative
jamesneill.bsky.social,0.5916,1,positive
jamestomk.bsky.social,0.10202,5,positive
jametz.bsky.social,0.4019,1,positive
jamiecbarnett.bsky.social,-0.1511,1,negative
jamiemctrusty.bsky.social,0.12810000000000002,4,positive
jamkam6969.bsky.social,-0.765,1,negative
jan6risingvoice.bsky.social,0.0232,1,neutral
janbellina.bsky.social,-0.3934,2,negative
jandee924.bsky.social,0.0,2,neutral
janderson70.bsky.social,0.0,1,neutral
janedziendobry.bsky.social,0.0,2,neutral
janeen123.bsky.social,-0.9718,1,negative
janehasopinions.bsky.social,-0.1986,2,negative
janeintj.bsky.social,-0.5413,1,negative
janelovesrain.bsky.social,-0.296,1,negative
janereadstruth.bsky.social,-0.3206333333333333,3,negative
janeroehopeful.bsky.social,-0.06773333333333333,3,negative
janet-40.bsky.social,-0.5848,1,negative
janetdegruttola.bsky.social,-0.628,1,negative
janetdonavan.bsky.social,-0.1027,1,negative
janetmaslin.bsky.social,-0.25,1,negative
janettes-999.bsky.social,-0.4199,1,negative
janheeger.bsky.social,-0.3412,1,negative
janieskeie.bsky.social,-0.26335,2,neutral
janinaniniklein.bsky.social,0.0,1,neutral
janinempaisley.bsky.social,-0.34,1,negative
janinesymons.bsky.social,0.41125,2,positive
janism24.bsky.social,-0.69,1,negative
janistravels.bsky.social,-0.8698,1,negative
janmakarta.eurosky.social,-0.121,3,neutral
janniemcjanjan.bsky.social,0.0,1,neutral
janofficial.bsky.social,0.0,1,neutral
janwhit.bsky.social,0.2805,1,positive
janwild.bsky.social,0.0,1,neutral
japantimes.co.jp,-0.53635,2,negative
japhetgaray.bsky.social,0.6597,1,positive
japoniano.bsky.social,0.0,1,neutral
jaqdup.bsky.social,-0.28459999999999996,2,negative
jaredhardd.bsky.social,0.0,1,neutral
jarekfa.bsky.social,0.0,1,neutral
jarjarmusch.bsky.social,0.0,1,neutral
jaruss.bsky.social,0.3182,1,positive
jasonandrade.bsky.social,-0.126,1,negative
jasonavant.bsky.social,0.0,1,neutral
jasonbcarey.bsky.social,0.7351,1,positive
jasoncheathawks.bsky.social,0.3612,1,positive
jasondtx.bsky.social,0.0,1,neutral
jasonemry.bsky.social,0.18374999999999997,2,positive
jasongale.bsky.social,0.4767,1,positive
jasonhaslam.ca,0.8519,1,positive
jasonpaul.bsky.social,-0.09633333333333333,3,negative
jasonthee.bsky.social,0.0,1,neutral
jasonvoorhees1004.bsky.social,0.0,2,neutral
jasperdawn.bsky.social,0.7862,1,positive
jasperillaxo.bsky.social,-0.4215,1,negative
jassyrn.bsky.social,0.4939,1,positive
jauntworksstudio.bsky.social,0.5719,1,positive
javiercenizo.bsky.social,-0.3182,1,negative
jaxsb.bsky.social,-0.2228,1,negative
jay.blan.cc,0.1591,2,positive
jay2theworld.bsky.social,0.1531,1,positive
jayasaxena.com,0.0,1,neutral
jaybiiird.bsky.social,-0.6312,1,negative
jaybut707.bsky.social,-0.18146666666666667,3,negative
jaydeegee.bsky.social,-0.25,1,negative
jayflew.bsky.social,-0.38585,2,neutral
jayge-e.bsky.social,-0.2985,2,negative
jayhay.bsky.social,-0.5574,1,negative
jayjayerjayest.bsky.social,0.0,1,neutral
jayjohns69.bsky.social,0.06209999999999997,3,positive
jaylboh.bsky.social,0.3182,1,positive
jaymarose.bsky.social,-0.0023000000000000013,3,neutral
jaymeruimveld.bsky.social,-0.4019,1,negative
jaynegallaghe20.bsky.social,0.3612,1,positive
jaypee.bsky.social,-0.5096,1,negative
jaysmom.bsky.social,-0.2263,1,negative
jaytrundlealong.bsky.social,-0.4767,1,negative
jazzeddie1234.bsky.social,-0.1806,2,negative
jazzminmin.bsky.social,0.4824,1,positive
jazzrat2000.bsky.social,0.0,1,neutral
jazzyquinn.bsky.social,-0.0883,1,negative
jbackoffjack.bsky.social,-0.8547,1,negative
jbertuglia.bsky.social,-0.3266,2,negative
jbfromdc.bsky.social,0.55435,2,positive
jbpopp.bsky.social,0.8112,1,positive
jbrdtrd.bsky.social,0.3612,1,positive
jbrivers.bsky.social,-0.1239,1,negative
jbrobertson.bsky.social,-0.5423,1,negative
jbshakerman.bsky.social,-0.3818,1,negative
jbsk8andsurf.bsky.social,-0.4404,1,negative
jcbeaches.bsky.social,-0.295625,4,negative
jcbrown.bsky.social,0.011099999999999999,2,positive
jccpunj.bsky.social,-0.13325,2,neutral
jcmcbuff.bsky.social,-0.5719,1,negative
jcreek.bsky.social,-0.1191,2,negative
jcruz-78.bsky.social,0.37855,2,positive
jcs77.bsky.social,-0.2348,2,negative
jctenton.bsky.social,-0.24695,2,neutral
jd1515151.bsky.social,-0.3595,1,negative
jdbassplayer.bsky.social,0.0258,1,neutral
jddinbobo.bsky.social,0.5574,1,positive
jdg727.bsky.social,-0.7177,1,negative
jdgaumer.bsky.social,0.0,1,neutral
jdgoulet.eurosky.social,0.0,1,neutral
jdgunderson.bsky.social,-0.3612,1,negative
jdog001.bsky.social,0.2732,1,positive
jdpennington.bsky.social,0.0,1,neutral
jeanchimera.bsky.social,-0.5728,1,negative
jeaniebuch.bsky.social,-0.4005,1,negative
jeanine123.bsky.social,0.0,1,neutral
jeankrak.bsky.social,0.0,2,neutral
jeannetteg.bsky.to,-0.2755,1,negative
jeanniewarner.bsky.social,-0.5719,1,negative
jeanotwhatimean.bsky.social,-0.4939,1,negative
jeanpoole-az.bsky.social,0.0,1,neutral
jeanthejust.bsky.social,-0.03256666666666664,6,negative
jed28.bsky.social,0.25,1,positive
jedicus.bsky.social,-0.4404,1,negative
jeezusno.bsky.social,0.0,1,neutral
jeffbach.bsky.social,0.0,1,neutral
jeffersonguinea.bsky.social,0.296,1,positive
jefferycowlick.bsky.social,0.20095,2,neutral
jefferytheresister.bsky.social,-0.5106,1,negative
jeffholcomb.bsky.social,0.0,2,neutral
jeffinblue.bsky.social,-0.3071,1,negative
jeffkallman.bsky.social,0.5559,1,positive
jeffmccurry.bsky.social,-0.5423,1,negative
jeffreon.bsky.social,0.3816,1,positive
jeffrey49.bsky.social,-0.17565,2,negative
jeffreylinback.bsky.social,0.0,2,neutral
jeffreyschmeffrey.bsky.social,-0.1027,1,negative
jefftendo64.bsky.social,-0.8519,1,negative
jehscribbler.bsky.social,-0.0772,1,negative
jekllnnhide.bsky.social,-0.1806,2,neutral
jelenawoehr.bsky.social,-0.018633333333333318,3,positive
jen4787.bsky.social,0.3612,1,positive
jenbroome.bsky.social,0.5704,1,positive
jenbunnee.bsky.social,0.5106,1,positive
jencronin.bsky.social,0.872,1,positive
jenjrbskb523.bsky.social,-0.1749,1,negative
jenlucpiquant.bsky.social,0.0,2,neutral
jenmindelen.bsky.social,0.2469,6,positive
jenn-allen.bsky.social,-0.0534,7,negative
jennarndt.bsky.social,0.4455,2,positive
jennerzi.bsky.social,0.0,1,neutral
jennie63.bsky.social,0.38585,2,positive
jenniferbrokaw.bsky.social,0.0,1,neutral
jenniferburchill.bsky.social,0.0,1,neutral
jenniferdevon.bsky.social,0.0,1,neutral
jennifernuzzo.bsky.social,0.125,2,positive
jenniferweeks83.bsky.social,-0.3353,1,negative
jennknut.bsky.social,0.4215,1,positive
jennofark.bsky.social,0.0,2,neutral
jennu.bsky.social,0.0,1,neutral
jennvg.bsky.social,0.0,1,neutral
jenny-algies56.bsky.social,0.0,1,neutral
jennyinexile.bsky.social,0.0,2,neutral
jenoloughlin.bsky.social,0.5719,1,positive
jenospeno.bsky.social,0.4404,1,positive
jenphi.bsky.social,0.0,1,neutral
jerbear56.bsky.social,-0.5093,1,negative
jeremybushey.bsky.social,0.3612,1,positive
jeremybyington.bsky.social,0.3291,1,positive
jeremyfaust.bsky.social,0.35307,10,positive
jeremykasperson.bsky.social,0.3612,1,positive
jermonter.bsky.social,0.10425000000000001,2,negative
jeronimo80.bsky.social,0.0,1,neutral
jerryfuller.bsky.social,0.6814,1,positive
jerrysimo.bsky.social,-0.6249,1,negative
jerrysnodgrass.bsky.social,0.2942,1,positive
jerrytimber.bsky.social,0.0,1,neutral
jerseyjohn1.bsky.social,0.7311,1,positive
jerushajane.bsky.social,0.802,1,positive
jesscraven101.bsky.social,-0.5697,1,negative
jesse41.bsky.social,0.12048181818181818,11,negative
jessedusk.bsky.social,-0.2263,1,negative
jessehawken.bsky.social,-0.09316666666666668,3,negative
jessej468.bsky.social,0.6249,1,positive
jessicagraae.bsky.social,0.1457,2,positive
jessicaperthwa.bsky.social,-0.34,1,negative
jessiegender.bsky.social,-0.34,1,negative
jessp12.bsky.social,0.5814,1,positive
jesspurse.bsky.social,0.09194999999999999,4,positive
jestastrophy.bsky.social,0.0,1,neutral
jesternofool.bsky.social,0.4199,1,positive
jesterofxanadu.bsky.social,-0.11353333333333337,3,negative
jesusitter.bsky.social,0.0,1,neutral
jetaitkens.bsky.social,0.54,1,positive
jetblue711.bsky.social,0.0,1,neutral
jettdash.bsky.social,0.0,1,neutral
jew-c.bsky.social,-0.8047,1,negative
jewelowisdom.bsky.social,-0.3612,1,negative
jfd8.bsky.social,-0.5106,1,negative
jfowles.bsky.social,0.0,1,neutral
jfoxtales.bsky.social,0.5994,1,positive
jgregory.bsky.social,-0.2263,1,negative
jgshrampworth.bsky.social,-0.5106,1,negative
jhessberg.bsky.social,-0.7536,1,negative
jhfry.bsky.social,0.0,1,neutral
jhoppe16.bsky.social,0.0,1,neutral
jhsu802701.bsky.social,0.20503333333333332,3,positive
jhv.bsky.social,-0.24695,2,negative
jiggy-g.bsky.social,0.08475,2,positive
jil-jones-daniel.bsky.social,-0.8176,1,negative
jillaut.bsky.social,0.0,1,neutral
jilliandale.bsky.social,-0.17125,2,negative
jillmotorfreak.bsky.social,-0.0516,1,negative
jim27182.bsky.social,0.128,1,positive
jim584.bsky.social,-0.28175,2,negative
jimalvarez.bsky.social,-0.6151,1,negative
jimandebb.bsky.social,0.58815,2,positive
jimbo1216.bsky.social,0.0,1,neutral
jimbobmcg.bsky.social,0.504,1,positive
jimboromano.bsky.social,0.0,1,neutral
jimbrown.bsky.social,-0.31245,2,neutral
jimclark1950.bsky.social,0.4404,1,positive
jiminiplywood.bsky.social,0.4019,1,positive
jimkjr.bsky.social,-0.8555,1,negative
jimkmm.bsky.social,-0.3903,1,negative
jimmybne.bsky.social,0.6486,1,positive
jimmylabe.bsky.social,0.0,1,neutral
jimmyo13.bsky.social,0.6697,1,positive
jimmytwohands.bsky.social,0.0,1,neutral
jimmywim.bsky.social,-0.1511,1,negative
jimobx.bsky.social,0.0,1,neutral
jimpixelbeard.bsky.social,-0.4019,1,negative
jimpjorps.bsky.social,-0.3818,1,negative
jimprov.sendusyourmoney.com,0.0,1,neutral
jimrissmiller.bsky.social,-0.4939,1,negative
jimschef2025.bsky.social,0.0,1,neutral
jimtheadequate.bsky.social,-0.4767,1,negative
jimtrinca.bsky.social,0.5859,1,positive
jimwhitegnv.bsky.social,0.2202,2,neutral
jingleheimershmidt.bsky.social,0.0,1,neutral
jinjakuma.bsky.social,0.0,1,neutral
jiriki.bsky.social,0.06447500000000002,4,positive
jiselaaah.bsky.social,0.0,1,neutral
jizzydavenport.bsky.social,0.4019,1,positive
jj3ishere.blacksky.app,0.5459499999999999,2,positive
jjarlva.bsky.social,0.0,1,neutral
jjmather.bsky.social,-0.3818,1,negative
jjmjr.bsky.social,0.4404,1,positive
jjonesinpdx.bsky.social,0.6249,1,positive
jjurek.bsky.social,-0.2202,2,negative
jjw.wtf,-0.035924999999999985,4,neutral
jk-myhumbleopinion.bsky.social,-0.4939,1,negative
jkdanthonyian10.bsky.social,-0.296,1,negative
jkellyca.bsky.social,-0.3182,1,negative
jl5325.bsky.social,0.6656,1,positive
jlam5.bsky.social,0.431,1,positive
jlboopster.bsky.social,-0.3182,1,negative
jlms-qkw.bsky.social,-0.08305000000000001,2,positive
jlovley64.bsky.social,0.401,2,positive
jm539581.bsky.social,0.2023,1,positive
jm6566.bsky.social,-0.6447,1,negative
jmarty6263.bsky.social,-0.4151,1,negative
jmcardinalsfan.bsky.social,-0.4939,1,negative
jmcatqueen.bsky.social,0.0,1,neutral
jmcbfc.bsky.social,0.5927,1,positive
jmcrookston.bsky.social,-0.09030714285714285,28,negative
jmgannon.bsky.social,0.1027,1,positive
jmittman.bsky.social,0.4199,1,positive
jmkizer.bsky.social,0.0,1,neutral
jmlafon.bsky.social,0.3869,1,positive
jmorris102.bsky.social,-0.0258,1,neutral
jmullin99.bsky.social,0.1358,2,positive
jnelson75.bsky.social,0.6597,1,positive
jnovkov.bsky.social,0.0516,1,positive
joannefinegan.bsky.social,-0.1779,1,negative
joannerochester.bsky.social,0.6369,1,positive
jockyfox.bsky.social,-0.296,1,negative
jodiemburton.bsky.social,0.3412,1,positive
jodyv.bsky.social,-0.6249,1,negative
joe-ch1p.bsky.social,0.2235,1,positive
joeauerbach.bsky.social,0.0,1,neutral
joebin818.bsky.social,0.0,1,neutral
joecgiles.bsky.social,-0.12143333333333332,3,negative
joedferg.bsky.social,-0.128,1,negative
joefik.bsky.social,0.0,1,neutral
joehesta.bsky.social,0.2732,1,positive
joehumphrey.bsky.social,0.0,1,neutral
joekassel.bsky.social,-0.703,1,negative
joel.klebanoff.com,-0.11315,2,negative
joeldawson.bsky.social,0.0,1,neutral
joelfriedman.bsky.social,-0.21384999999999998,2,negative
joelinbh.bsky.social,-0.1335,1,negative
joemcjoe11.bsky.social,0.5499,1,positive
joeobro.bsky.social,0.6124,1,positive
joepaul1.bsky.social,-0.20395000000000002,2,negative
joerandom.bsky.social,0.064,2,positive
joerandomguy.bsky.social,0.4404,1,positive
joesand.bsky.social,0.8451,1,positive
joeydetroit.bsky.social,0.0,1,neutral
joeyneilsen.bsky.social,0.5267,1,positive
jofromeurope.bsky.social,0.4215,1,positive
john-dewey.bsky.social,0.0,1,neutral
john63kelly.bsky.social,0.0,1,neutral
johnannese.bsky.social,0.0,1,neutral
johnathanperk.bsky.social,-0.2505,1,negative
johnbiotech.bsky.social,0.0,1,neutral
johnfoleybeast.bsky.social,0.0,1,neutral
johnguy105.bsky.social,0.0,1,neutral
johnhelmbold.bsky.social,0.0,1,neutral
johnhook.bsky.social,-0.3781,2,negative
johnhornor.bsky.social,-0.8417,1,negative
johnjado.bsky.social,-0.10616,5,negative
johnlk.bsky.social,0.0,1,neutral
johnlynchid.bsky.social,-0.19795000000000001,2,negative
johnmf.bsky.social,-0.8176,1,negative
johnnypostbadd.bsky.social,0.5106,1,positive
johnnysstash.bsky.social,-0.2787,2,negative
johnr34.bsky.social,0.0,1,neutral
johnrossmd.bsky.social,0.0,1,neutral
johnrya.bsky.social,0.0,1,neutral
johns3785.bsky.social,0.0,1,neutral
johns61.bsky.social,-0.4019,1,negative
johnshopkinssph.bsky.social,0.0258,1,neutral
johnwestar.bsky.social,0.0,1,neutral
jojororo.bsky.social,-0.34,1,negative
jokedaniels.bsky.social,0.0,1,neutral
jokermanpig.bsky.social,-0.296,1,negative
jokr8790.bsky.social,-0.7003,1,negative
jollyholly2.bsky.social,-0.1779,1,negative
jolocktov.bsky.social,-0.6185,2,negative
jomc1703.bsky.social,0.3612,1,positive
jomorrison.medsky.social,0.1027,1,positive
jonabrams.com,-0.296,1,negative
jonarnesen.bsky.social,-0.6486,1,negative
jonathan-ehrich.bsky.social,0.0,1,neutral
jonathanconp.bsky.social,0.09446666666666666,3,negative
jonestheboat.bsky.social,0.5859,1,positive
jonfasman.bsky.social,0.0,1,neutral
jonid.bsky.social,0.5719,1,positive
jonmel83.bsky.social,0.2732,1,positive
jonnybebad.bsky.social,0.27516,5,positive
jonnythatcher.bsky.social,0.3612,1,positive
jonnyw.bsky.social,0.0,1,neutral
jonploug.bsky.social,-0.1601,1,negative
jonquick99.bsky.social,0.4606,1,positive
jonreilly1313.bsky.social,0.0,2,neutral
jonroberts.bsky.social,0.0258,1,neutral
jonrossjan.bsky.social,0.0,1,neutral
jonsam1961b.bsky.social,0.0,1,neutral
jonsekelsky.bsky.social,-0.0258,2,negative
jonteresa.bsky.social,0.296,1,positive
jonterrence.bsky.social,-0.26335,2,negative
jonzoidberg.xyz,0.4404,1,positive
joodburn.bsky.social,0.4939,1,positive
joodlehead.bsky.social,0.0,1,neutral
joostvanneerven.bsky.social,-0.7096,1,negative
joparkerbear.bsky.social,0.4215,1,positive
jopurvis.bsky.social,0.9382,1,positive
jor3lofkrypton.bsky.social,0.6705,1,positive
jordanjamboree.pittbert.gay,0.5994,1,positive
jordanjaunts.bsky.social,-0.8126,1,negative
jordanqato.bsky.social,-0.0572,1,negative
jordie3000.bsky.social,0.0,1,neutral
jorgeliboreiro.bsky.social,-0.4404,1,negative
jorolo3333.bsky.social,0.3902,2,positive
jorts.dad,-0.4767,1,negative
josefazula.bsky.social,-0.6588,1,negative
josephebacon.bsky.social,0.0,1,neutral
josephmaddoxjoyce.bsky.social,-0.8834,1,negative
josetteschoenma.bsky.social,-0.19063333333333332,3,neutral
joseyrider.bsky.social,0.0,1,neutral
joshtpm.bsky.social,0.0,1,neutral
joshuadsarozek.bsky.social,0.8478,1,positive
jossie-the-cat.bsky.social,-0.6082,2,negative
joulesbyrne.bsky.social,-0.34,1,negative
jovialstarfish.bsky.social,-0.005649999999999988,2,positive
joxley.jmoxley.co.uk,0.07835,4,neutral
joyfulwarrior8.bsky.social,-0.296,1,negative
joyjoysilva.bsky.social,0.5574,1,positive
joysuperstar01.bsky.social,0.3612,1,positive
jp262.bsky.social,0.2202,2,neutral
jpaulette.bsky.social,-0.296,1,negative
jpboia.bsky.social,0.0,1,neutral
jpbren2.bsky.social,-0.4215,1,negative
jpclifeguide1.bsky.social,-0.6486,1,negative
jpechie.bsky.social,0.25,1,positive
jpeters2395.bsky.social,0.6808,1,positive
jpjh88.bsky.social,0.4015,1,positive
jpromethusbirdsong.bsky.social,0.5106,1,positive
jpure.bsky.social,-0.807,1,negative
jpweiland.bsky.social,0.012950000000000017,4,neutral
jrheisler.bsky.social,-0.15751666666666667,6,negative
jrhino10.bsky.social,-0.6322,1,negative
jrowootown.bsky.social,-0.7974,1,negative
js604.bsky.social,0.1531,1,positive
jschiema.bsky.social,-0.296,1,negative
jschuster.bsky.social,0.0,1,neutral
jscottcory.bsky.social,0.3134333333333334,6,positive
jsev44.bsky.social,-0.1027,1,negative
jsimmer.bsky.social,0.0,1,neutral
jsoo.refl.club,0.0908166666666667,6,negative
jspumpkins.bsky.social,0.0,1,neutral
jstorm505.bsky.social,-0.4404,1,negative
jswca.bsky.social,-0.3232,2,negative
jsweetli.bsky.social,-0.06364,5,neutral
jt1anglais.bsky.social,0.0,1,neutral
jt3ou123.bsky.social,-0.24695,2,negative
jthayer.bsky.social,0.0,2,neutral
jthp.bsky.social,-0.33430000000000004,2,negative
jtothep.bsky.social,-0.6486,1,negative
jtskiwtr.bsky.social,0.5859,1,positive
jtunes6.bsky.social,-0.3818,1,negative
ju5ticeforall.bsky.social,0.0,1,neutral
juanita2024.bsky.social,-0.5423,1,negative
jubilado251.bsky.social,0.0,1,neutral
jucifer.blacksky.app,-0.16194999999999998,2,positive
judah.bsky.social,0.0,1,neutral
jude-mack.bsky.social,0.0,1,neutral
judgeknut.bsky.social,0.5411,1,positive
judijeo.bsky.social,0.128,1,positive
judithgopnik.bsky.social,-0.0516,1,negative
judithvance.bsky.social,0.0,1,neutral
judyhasthoughts.bsky.social,0.0,1,neutral
judys76.bsky.social,0.5106,1,positive
juhneenhowe.bsky.social,0.3182,1,positive
juicezee.bsky.social,0.0,1,neutral
jujoe.bsky.social,-0.27728,5,negative
jukesgrrl.bsky.social,0.6705,1,positive
julesjenkinsvt.bsky.social,0.6486,1,positive
julesprom.bsky.social,0.24257499999999999,4,positive
juliabricklin.com,0.4003,1,positive
juliadilliard.bsky.social,-0.07827999999999999,5,negative
juliagiantrat.bsky.social,-0.61125,4,negative
julianxvcesar.bsky.social,-0.152,2,positive
juliaraifman.bsky.social,0.21684,5,positive
julieaw.bsky.social,0.4173,1,positive
juliebwriter.bsky.social,0.1806,2,neutral
juliejones.bsky.social,-0.4939,1,negative
juliemielke7.bsky.social,0.0,1,neutral
julienhoez.eu,-0.13515,2,positive
julieokie.bsky.social,0.0386,2,positive
julymkirkpatrick.bsky.social,0.4939,1,positive
jumlo.bsky.social,0.0,1,neutral
jumptotheleft.bsky.social,-0.4767,1,negative
june-6-bug.bsky.social,0.3818,1,positive
junebug1925.bsky.social,0.0,1,neutral
jurahamster.bsky.social,0.0644,1,positive
jurisdoctorwho.bsky.social,0.0,1,neutral
jusgice69.bsky.social,-0.5994,1,negative
jusjules.bsky.social,0.7654,1,positive
juss-do-it.bsky.social,-0.4939,1,negative
just-1-g.bsky.social,-0.6705,1,negative
just-jorj.bsky.social,0.0,1,neutral
just-lu.bsky.social,0.0,1,neutral
justalurkr.bsky.social,-0.10726666666666666,3,neutral
justanotherant.bsky.social,0.1226,1,positive
justanotherguy.bsky.social,0.5719,1,positive
justanothermaleusr.bsky.social,0.2688,2,positive
justbeingme365.bsky.social,-0.296,1,negative
justbekind2all.bsky.social,-0.3616,1,negative
justfara.bsky.social,0.0258,1,neutral
justicetoall.bsky.social,0.0,1,neutral
justinstarren.bsky.social,-0.4788,1,negative
justintyper1.bsky.social,0.5574,1,positive
justjay789.bsky.social,0.1389111111111111,9,positive
justjayess.bsky.social,-0.6486,1,negative
justjonesy.bsky.social,-0.431,1,negative
justksmith.bsky.social,0.0,2,neutral
justmejoepdx.bsky.social,-0.125,2,neutral
justmekirsten.bsky.social,0.0765,1,positive
justthisguy.net,-0.784,1,negative
juvenilebum.bsky.social,0.0,1,neutral
juz.bsky.social,0.0,1,neutral
jvasapolli.bsky.social,0.0,1,neutral
jvipondmd.bsky.social,0.27353333333333335,3,positive
jw1958.bsky.social,0.0,1,neutral
jwatte.bsky.social,0.0,1,neutral
jwhallin.bsky.social,0.6908,1,positive
jwlemon.bsky.social,0.0,1,neutral
jwodziak.bsky.social,0.0,1,neutral
jwpolite.bsky.social,-0.5918333333333333,3,negative
jwski.bsky.social,-0.4588,1,negative
jwt1977.bsky.social,-0.1531,1,negative
jwvld.eurosky.social,0.4404,1,positive
k-ierkegaard.bsky.social,0.2716,1,positive
k3live.bsky.social,-0.0516,1,negative
k80martian.bsky.social,0.2263,1,positive
k9person.bsky.social,0.0,1,neutral
kaboosemoose.bsky.social,-0.1027,1,negative
kacolo.bsky.social,0.6588,1,positive
kadoore.com,-0.6149,2,negative
kafearless.bsky.social,-0.4898,1,negative
kagrox.bsky.social,0.09293333333333335,3,positive
kaidesveteris.bsky.social,-0.3818,1,negative
kaitojapandesign.com,0.5106,1,positive
kajo503.bsky.social,0.0,1,neutral
kakape.bsky.social,0.12829285714285715,28,positive
kalaninut.bsky.social,0.64215,2,positive
kali-ber.bsky.social,0.1779,1,positive
kalmantibs.bsky.social,0.7351,1,positive
kalo.bsky.social,-0.3036,1,negative
kamananui.bsky.social,-0.3545,2,negative
kami.land,0.3158,1,positive
kandjmom.bsky.social,-0.44239999999999996,3,negative
kangoroo17.bsky.social,-0.5103,2,negative
kansasreflector.com,-0.4939,1,negative
kantwistaye.bsky.social,-0.5719,1,negative
kapcape.bsky.social,0.0,1,neutral
kaptruthbetold.bsky.social,-0.5815,1,negative
kar65.bsky.social,0.4199,1,positive
karakoy.bsky.social,0.0,1,neutral
karamcnair.bsky.social,0.6369,1,positive
karatedentist.bsky.social,0.2374,1,positive
kare11.bsky.social,-0.872,2,negative
kareldw.bsky.social,0.0,1,neutral
karenallen45006.bsky.social,0.3612,1,positive
karencox1963.bsky.social,0.0,1,neutral
karencrl.bsky.social,0.0,1,neutral
karengeier.com,-0.25,1,negative
karent.bsky.social,-0.1597,2,negative
karijohn.bsky.social,0.6486,1,positive
karina-anearthling.bsky.social,0.6608,1,positive
karkin64.bsky.social,0.0,1,neutral
karlpettersson.bsky.social,-0.148,2,neutral
karmageddon.bsky.social,0.0,1,neutral
karmaisawoman.bsky.social,0.5229,1,positive
karmaispatient.bsky.social,0.3612,1,positive
karmareminder.bsky.social,0.3182,1,positive
karmasdad.bsky.social,0.0,1,neutral
karunas.bsky.social,-0.128,1,negative
kasettetape.bsky.social,0.7495,1,positive
kaslon2410.bsky.social,0.47300000000000003,3,positive
kat7813.bsky.social,0.0587,6,negative
katakateri.bsky.social,-0.41125,2,neutral
katarakamen.bsky.social,0.0,3,neutral
katdharrison.bsky.social,0.0,1,neutral
kateelliottsff.bsky.social,0.3612,1,positive
katenobriga.bsky.social,0.05103333333333334,3,neutral
kater427.bsky.social,0.4902,1,positive
kateraindrops.bsky.social,-0.3818,1,negative
katersimpson.bsky.social,0.0,1,neutral
katespeace.bsky.social,0.4588,1,positive
kateviolette.com,0.5423,1,positive
katewagner.wehwalt.net,0.0,1,neutral
katewong.bsky.social,0.4019,1,positive
kath-55-1.bsky.social,-0.69,1,negative
katherinemary.bsky.social,-0.07529999999999998,2,positive
katherineparish.bsky.social,-0.1419,1,negative
kathidomalski.bsky.social,-0.2263,1,negative
kathiescall.bsky.social,0.0,1,neutral
kathiincali.bsky.social,0.7351,1,positive
kathleencarson.bsky.social,0.039410000000000014,10,positive
kathleenrmc.bsky.social,-0.8323499999999999,2,negative
kathycerrito.bsky.social,0.6962,1,positive
kathyincanada.bsky.social,0.6705,1,positive
kathyk.bsky.social,0.0,1,neutral
kathyswords.bsky.social,-0.03423333333333333,3,neutral
katie82252.bsky.social,0.0,1,neutral
katieannsorenson.bsky.social,0.2732,1,positive
katiebea.bsky.social,0.04765,2,positive
katieeads.bsky.social,0.0,1,neutral
katiefromsocal.bsky.social,-0.0772,1,negative
katiehowland.bsky.social,0.04186000000000001,10,positive
katiesaurusseven.bsky.social,0.2144,1,positive
katinthestars.bsky.social,-0.1806,2,negative
katnaround.bsky.social,0.9131,1,positive
katrinaravioli.bsky.social,0.296,1,positive
katrinekoenig.bsky.social,0.0,2,neutral
katrinia21.bsky.social,0.0,1,neutral
katskitchen.bsky.social,0.0,2,neutral
katyavdgk.bsky.social,-0.8955,1,negative
katydid1917.bsky.social,-0.2263,1,negative
katydiddance.bsky.social,-0.657,1,negative
katyys.bsky.social,0.08220000000000001,3,positive
katzish.bsky.social,-0.18406,5,neutral
kavehmd.bsky.social,0.4926,1,positive
kaydeeartist.bsky.social,-0.7466,1,negative
kaygoodstadt.bsky.social,0.0,1,neutral
kayiso64.bsky.social,0.0,1,neutral
kayjayra13.bsky.social,0.0,1,neutral
kaylajbryant.bsky.social,-0.296,1,negative
kaylamariah.bsky.social,-0.0010000000000000009,4,positive
kayleadfoot.bsky.social,-0.5574,1,negative
kayll.bsky.social,0.0,1,neutral
kaysid.bsky.social,0.0,1,neutral
kazanee.bsky.social,-0.7003,1,negative
kazzav.bsky.social,0.25,1,positive
kberith.bsky.social,-0.836,1,negative
kbethany.bsky.social,0.4404,1,positive
kbfoodphotos.bsky.social,0.3182,1,positive
kbspangler.com,0.3155,2,positive
kbuts.bsky.social,-0.0516,1,negative
kcaceres.bsky.social,0.0,1,neutral
kchaugh.bsky.social,0.0,1,neutral
kckirsch.bsky.social,0.723,1,positive
kcl71.bsky.social,-0.4871,1,negative
kcmc89.bsky.social,0.5859,1,positive
kebrightbill.bsky.social,0.06057499999999999,8,positive
keechiep.bsky.social,-0.2086,2,negative
keeganc15.bsky.social,0.72475,2,positive
keeliasilvis.bsky.social,0.4273,3,positive
keenan313.bsky.social,-0.1695,1,negative
keepitsane3.bsky.social,0.0801,2,positive
keepreading.bsky.social,0.3182,1,positive
keepthefaithej.bsky.social,0.25044999999999995,2,positive
kefirmadness.bsky.social,-0.2263,1,negative
kegel7.bsky.social,-0.0174,6,neutral
kegelee.bsky.social,0.1754,2,positive
kehbleh.bsky.social,0.035050000000000026,2,positive
keikiokaaina.bsky.social,0.128,1,positive
keithfrankish.com,0.11881666666666664,6,positive
keithhalltaft.bsky.social,-0.1366,2,negative
keithstar1100.bsky.social,0.0,1,neutral
kelanoa.bsky.social,0.0,1,neutral
kellieturner.bsky.social,-0.26335,2,neutral
kelly630.bsky.social,0.4404,1,positive
kellyutykanski.bsky.social,-0.3612,1,negative
kelowna777.bsky.social,-0.4023,1,negative
kelvin1.bsky.social,0.08713333333333334,3,positive
kenbreakingnews.bsky.social,0.5194000000000001,2,positive
kencomplain.bsky.social,0.0,1,neutral
keneakers.bsky.social,-0.7263,1,negative
kenjmiles.bsky.social,-0.3412,1,negative
kenlyon.bsky.social,0.4019,1,positive
kennedymccallister.bsky.social,-0.8795,1,negative
kennethamaya.bsky.social,0.0,1,neutral
kennethgray.bsky.social,0.0,1,neutral
kentindell.bsky.social,0.0,1,neutral
kentremendous.bsky.social,0.6808,1,positive
kentropic.bsky.social,0.3612,1,positive
kenwhite.bsky.social,0.4527,1,positive
kenwood48.bsky.social,0.0,1,neutral
kerri0817.bsky.social,0.0,1,neutral
kerrycornelius.bsky.social,0.8483666666666667,3,positive
kerrylynn.com,0.0,1,neutral
kerthulhu75.bsky.social,0.0,1,neutral
kestell7881.bsky.social,0.0,1,neutral
kestrel-3-7.bsky.social,-0.6705,1,negative
kestrel61.bsky.social,-0.5574,1,negative
ketligahan.eurosky.social,0.3612,1,positive
ketree.bsky.social,-0.3182,1,negative
kev-lucky.bsky.social,-0.1027,1,negative
kevanaponte.bsky.social,-0.3217,1,negative
kevincmurphy.com,0.3612,1,positive
kevinllong.bsky.social,0.0,1,neutral
kevinn58.bsky.social,0.0,1,neutral
kevinnelson84.bsky.social,0.0,1,neutral
kevmoore.bsky.social,0.0,1,neutral
kevthebuilder.bsky.social,-0.36345,2,neutral
keychain60.bsky.social,0.09866666666666667,3,neutral
kfile.bsky.social,-0.4201,3,negative
kfrhoads.bsky.social,0.3612,1,positive
kg1968.bsky.social,0.4939,1,positive
kgadj.bsky.social,0.0,1,neutral
kgandersen.bsky.social,0.15471666666666664,12,positive
kgay2.bsky.social,0.2732,1,positive
kgoak201.bsky.social,0.5777,1,positive
kgrealtor.bsky.social,-0.1886,3,neutral
kgrumbach.bsky.social,0.8126,1,positive
khaake.bsky.social,0.0,1,neutral
khr5.bsky.social,-0.5423,1,negative
khrissraptor.bsky.social,0.0,1,neutral
khwalz.bsky.social,0.0,2,neutral
kianopoly.bsky.social,-0.2081,1,negative
kickinson.bsky.social,-0.5574,1,negative
kieramax.bsky.social,-0.4201,1,negative
kikalark.bsky.social,-0.4767,1,negative
kikime2.bsky.social,0.26275,2,positive
kikokuso.bsky.social,0.0,1,neutral
kilgorestrout.bsky.social,0.0,1,neutral
killrgeek.bsky.social,-0.15213333333333334,3,neutral
kim65.bsky.social,-0.3818,1,negative
kimba6.bsky.social,-0.9001,1,negative
kimberlysaysnope.bsky.social,-0.5719,1,negative
kimbo315.bsky.social,0.36250000000000004,2,positive
kimby7000.bsky.social,0.7157,10,positive
kimoco.bsky.social,-0.2287,2,negative
kimrn81.bsky.social,0.1531,1,positive
kincheloe.bsky.social,0.0,1,neutral
kindagerry.bsky.social,-0.5267,1,negative
kinehora.bsky.social,-0.5849,1,negative
kinesinmotors.bsky.social,-0.5423,1,negative
kingblackbird.bsky.social,-0.7418,1,negative
kinghornbeach.bsky.social,0.033433333333333336,3,negative
kingofviltrumites.bsky.social,-0.34,1,negative
kingtorc.bsky.social,0.0,1,neutral
kinkeeper.bsky.social,0.812,2,positive
kinktodd.com,0.16765,2,neutral
kinniska.bsky.social,0.41895000000000004,2,positive
kip314159.bsky.social,-0.09960000000000001,3,negative
kipwilliams.bsky.social,-0.401,2,neutral
kirkcaldyblue.bsky.social,0.0,1,neutral
kirkmurphy.bsky.social,0.0,2,neutral
kirknall.bsky.social,-0.6486,1,negative
kirtsiders.bsky.social,-0.09866666666666667,3,neutral
kissoff888.bsky.social,0.5061,1,positive
kitanin.bsky.social,0.5994,1,positive
kitchenquarantine.bsky.social,0.0,1,neutral
kitchissippian.bsky.social,0.34,1,positive
kitkatlivves.bsky.social,0.296,1,positive
kitsparks.bsky.social,0.8370500000000001,2,positive
kittenkiss65.bsky.social,0.7251,1,positive
kitty877.bsky.social,0.101125,4,neutral
kitty93.bsky.social,-0.4939,1,negative
kittygonz33.bsky.social,-0.7644,1,negative
kittyliterature.bsky.social,-0.12965,2,negative
kittymurphymtl.bsky.social,-0.4767,1,negative
kiwicami.bsky.social,-0.4234,1,negative
kiwimedic.bsky.social,-0.0387,1,neutral
kiwired.bsky.social,0.0,1,neutral
kjw-nh.bsky.social,0.2732,1,positive
kkinzel.bsky.social,0.2023,1,positive
kkjadams.bsky.social,0.3612,1,positive
klaidlaw.bsky.social,0.1635,1,positive
klausbusse.de,0.2294,2,positive
kleinman.bsky.social,0.35845,4,positive
kloudkat.bsky.social,0.0,1,neutral
klustout.bsky.social,0.1027,1,positive
kmary23.bsky.social,0.0,1,neutral
kmb1025.bsky.social,0.5514,1,positive
kmbrly.bsky.social,0.3182,1,positive
kmeekes.bsky.social,-0.22519999999999998,3,neutral
kmeiri.bsky.social,-0.2755,1,negative
kmichaelpollard.bsky.social,0.4019,1,positive
knautschzone.bsky.social,0.3182,1,positive
knbabyks.bsky.social,-0.7351,1,negative
knightrider77.bsky.social,0.4545,1,positive
knightsmom.bsky.social,-0.6114,1,negative
knishes.bsky.social,-0.2808,1,negative
knitty1kat.bsky.social,0.5848,1,positive
knotfornow.bsky.social,-0.7845,1,negative
know-your-enemies.bsky.social,0.1909,2,neutral
knownames.bsky.social,-0.24916666666666668,3,negative
knowvak.bsky.social,0.3818,1,positive
ko2011.bsky.social,0.3724,1,positive
kobayashimaruu.bsky.social,-0.08895,2,negative
komarovsky.bsky.social,0.19185999999999998,5,neutral
komissaari.bsky.social,-0.1531,1,negative
kontinentalkitties.bsky.social,0.40055,2,neutral
konzun.bsky.social,0.4404,1,positive
koolkankat.bsky.social,-0.539,1,negative
kootenaygirl.bsky.social,0.0,1,neutral
koren-lesthe.eurosky.social,-0.1511,1,negative
korubitto1106.bsky.social,-0.4767,1,negative
kotonoaware.bsky.social,0.0,1,neutral
koutavi.bsky.social,0.8067,1,positive
koz007.bsky.social,0.7645,1,positive
kozochkon.bsky.social,-0.7003,1,negative
kpjordan.bsky.social,0.0,1,neutral
kpsinging.bsky.social,0.0,1,neutral
krankepantzen.bsky.social,0.2815,1,positive
kraznyoktyabr.bsky.social,-0.13108,5,neutral
krazo25.bsky.social,0.0,1,neutral
krelis8219.bsky.social,0.6937500000000001,2,positive
kren007.bsky.social,0.5994,1,positive
krissalee85.bsky.social,0.5574,1,positive
kristenelfwick8647.bsky.social,0.0,1,neutral
kristinfo.bsky.social,0.3182,1,positive
kriswal.bsky.social,-0.5106,1,negative
kroekermartin.bsky.social,0.14239411764705884,17,positive
krosstalk.bsky.social,0.0,1,neutral
krutikakuppalli.bsky.social,-0.04446153846153845,13,positive
kschultze.bsky.social,0.1027,1,positive
ksecus.bsky.social,0.4019,1,positive
kspitler.bsky.social,0.0,3,neutral
kstna.bsky.social,0.0,1,neutral
kswolf.bsky.social,0.296,1,positive
ktompkinsii.bsky.social,-0.5423,1,negative
ktpeters42.bsky.social,0.0,1,neutral
kungfupikachu.bsky.social,0.0,1,neutral
kurtkilgor.bsky.social,-0.9366,1,negative
kuspyl.bsky.social,0.07395000000000002,2,negative
kv417.bsky.social,-0.235975,4,negative
kvconner.bsky.social,-0.154,3,neutral
kvetch.gay,0.3612,1,positive
kvidkula.bsky.social,0.0,1,neutral
kwakyu.bsky.social,0.0,1,neutral
kxan.com,-0.312,2,neutral
kyleberkopes.bsky.social,-0.6765,2,negative
kylegriffin1.bsky.social,0.5574,1,positive
kyleiridian.bsky.social,0.0016250000000000153,8,neutral
kyllrelf01.bsky.social,0.0,1,neutral
kyt-thatsme.bsky.social,-0.024500000000000004,6,neutral
labsp61.bsky.social,-0.4019,1,negative
lacastellana.bsky.social,-0.5977,3,negative
lachstep.com,0.39480000000000004,3,positive
lacompa.bsky.social,0.7339,1,positive
lactone.bsky.social,-0.4391,1,negative
ladiebugqueen.bsky.social,0.0,1,neutral
ladude.bsky.social,0.6249,1,positive
ladybangbang.bsky.social,-0.38415,2,negative
ladycowparsley.bsky.social,0.0,1,neutral
ladydeirdre.bsky.social,0.296,1,positive
ladydkw.bsky.social,0.0,1,neutral
ladyfirehorse.bsky.social,0.35005,2,positive
ladyfoxglove93.bsky.social,-0.005024999999999995,4,positive
ladyinred50.bsky.social,0.4199,1,positive
ladyjek.bsky.social,0.8653,1,positive
ladylettera32.bsky.social,0.32665,2,neutral
ladymondegreene.bsky.social,0.0,1,neutral
ladyoflore.bsky.social,0.5051,2,positive
ladys47.bsky.social,-0.49974999999999997,2,negative
ladyviolalloyd1.bsky.social,-0.6369,1,negative
lafourchette.bsky.social,-0.4588,1,negative
laikalgagarin.bsky.social,-0.713025,4,negative
laikax.bsky.social,0.3612,1,positive
laintrepida.bsky.social,0.25,1,positive
lakdifflanchzed.bsky.social,0.8433,1,positive
lakecounty1975.bsky.social,0.0,1,neutral
lakepeg.bsky.social,-0.9136,1,negative
lakerat61.bsky.social,0.0,1,neutral
lakerider.bsky.social,0.0,2,neutral
lakernurse.bsky.social,0.1901,2,neutral
lalabote.bsky.social,-0.4059,1,negative
lamegandalf.bsky.social,-0.5106,1,negative
lamiwi.bsky.social,-0.5559,1,negative
lampjaded.bsky.social,0.6966,1,positive
lampshadeoh.bsky.social,0.0,1,neutral
lamurphy.bsky.social,0.0,1,neutral
land-snark.bsky.social,-0.1779,1,negative
land26.bsky.social,-0.35650000000000004,2,negative
landbeforetim.myatproto.social,-0.34,1,negative
landpomeranze.bsky.social,0.0,1,neutral
landruc.bsky.social,0.05234999999999998,2,negative
landry76.bsky.social,0.3612,1,positive
landyachty.bsky.social,0.3818,1,positive
laneranger.bsky.social,0.0,1,neutral
lanna-mick.bsky.social,0.0,1,neutral
laplkp.bsky.social,-0.1027,1,negative
lapoodella.bsky.social,0.09505000000000001,4,positive
lardog.bsky.social,0.5106,1,positive
largestandusbsky.bsky.social,0.2732,1,positive
larosalaw.bsky.social,0.0,1,neutral
larryg49.bsky.social,-0.1946,3,neutral
larrylecloshard.bsky.social,-0.4767,1,negative
larrynlarryshow.bsky.social,0.0,1,neutral
larrytmg.bsky.social,-0.3182,1,negative
lartist.bsky.social,0.0,1,neutral
laser3.bsky.social,0.4215,1,positive
lasrina.bsky.social,-0.019066666666666666,3,neutral
lastgreatact.bsky.social,-0.296,1,negative
lastresponder321.bsky.social,-0.4767,1,negative
lat428.bsky.social,0.4404,1,positive
latho17.bsky.social,-0.5574,1,negative
latimeriidae.bsky.social,-0.9165,1,negative
latimes.com,-0.0644,4,negative
lauif.bsky.social,0.0,1,neutral
lauowolf.bsky.social,0.04078,5,neutral
laura-atkinson.bsky.social,0.36755,2,positive
lauraclemens.bsky.social,0.1111333333333333,3,positive
laurad-in-indy.bsky.social,0.2401,1,positive
lauraeh.bsky.social,0.0,1,neutral
lauraleeb.bsky.social,-0.9384,1,negative
lauraleedukeshire.bsky.social,0.0,1,neutral
lauramntsprg.bsky.social,0.0,1,neutral
lauraolin.bsky.social,0.0047000000000000375,2,positive
lauraphillips.bsky.social,-0.5574,1,negative
laurasaurus.bsky.social,-0.05010000000000003,2,positive
laurejmc.bsky.social,0.3182,1,positive
laurelbristow.bsky.social,-0.5334,1,negative
laurenflans.bsky.social,0.0,1,neutral
laurenmeidasa.bsky.social,-0.04113333333333332,3,neutral
laurenscomedysongs.bsky.social,0.0,2,neutral
laurieisblue.bsky.social,0.8402,1,positive
lauriekafka.bsky.social,-0.296,1,negative
laurienp.bsky.social,-0.5022500000000001,2,negative
laurier70.bsky.social,0.6792,1,positive
lauriern120.bsky.social,0.4588,1,positive
lauriewoodner.bsky.social,-0.163,1,negative
lavamonster.bsky.social,-0.4767,1,negative
lavieennui.bsky.social,0.0,1,neutral
laviolaine.bsky.social,0.0,1,neutral
lawriter1.bsky.social,-0.6597,1,negative
lawyerbrent.bsky.social,-0.7645,1,negative
lawyersaurus.bsky.social,0.07730000000000001,9,negative
lazylazyjane.myatproto.social,0.3818,1,positive
lazypyro.bsky.social,-0.5255,1,negative
lbigal.bsky.social,0.7184,1,positive
lchase.bsky.social,0.0,1,neutral
lchupacabra.bsky.social,-0.03,3,neutral
ldermer.bsky.social,0.43125,2,positive
ldhy.bsky.social,-0.9712,1,negative
ldkranz.bsky.social,0.0,1,neutral
ldobsonhughes.bsky.social,0.23255,2,negative
ldog562.bsky.social,-0.79115,2,negative
ldrberi.bsky.social,0.0,1,neutral
leaha11.bsky.social,0.0258,1,neutral
leahfeiger.bsky.social,0.4404,1,positive
leahmcelrath.bsky.social,-0.1027,1,negative
leahshape.bsky.social,0.3182,1,positive
lealeander.bsky.social,-0.765,1,negative
leaninglean.bsky.social,0.5267,1,positive
leanne7908.bsky.social,0.0,1,neutral
learninglaser.bsky.social,0.8326,2,positive
lebt.bsky.social,-0.8928,1,negative
leearizuno.bsky.social,-0.23095000000000002,2,positive
leecingola.bsky.social,-0.3062,2,neutral
leecle.bsky.social,0.0,1,neutral
leefeller.bsky.social,-0.5423,1,negative
leeleykeel.bsky.social,0.1421,2,positive
leerowan.bsky.social,0.11074999999999999,8,positive
leesajernigan.bsky.social,0.4215,1,positive
leesha.bsky.social,-0.3818,1,negative
leetaylorbythesea.bsky.social,0.0772,1,positive
leevalentinesmith.bsky.social,0.0,1,neutral
left-of-west.bsky.social,-0.7351,1,negative
leftvoice.bsky.social,-0.4939,1,negative
leftwardswing.bsky.social,0.5719,1,positive
leftybarner.bsky.social,0.0,2,neutral
leftyvegan.bsky.social,0.0,1,neutral
lefwin.bsky.social,0.5106,1,positive
legaljustice.bsky.social,0.6136,1,positive
legalstuffhilary.bsky.social,0.0,1,neutral
legitimatebuilding.eurosky.social,0.0516,1,positive
leighchevaux.bsky.social,0.20854,5,positive
lelac.bsky.social,-0.025066666666666668,3,neutral
lelapindasie.bsky.social,0.9186,1,positive
lennon-s.bsky.social,0.7579,1,positive
lennyberger.bsky.social,0.3182,1,positive
leopardlynx.bsky.social,0.3612,1,positive
leopardonparade.bsky.social,-0.5423,1,negative
leovongripsholm.bsky.social,-0.39185000000000003,2,negative
lepapillonblue.bsky.social,-0.2093,2,neutral
lerrrgan.bsky.social,0.0,1,neutral
lesbrianna.bsky.social,0.0,1,neutral
leserv.bsky.social,-0.3595,1,negative
lesja.bsky.social,0.0,1,neutral
lesleych.bsky.social,-0.14080000000000004,2,negative
lesleyhustler.bsky.social,-0.25,1,negative
leslie4653.bsky.social,0.0,1,neutral
lesliead717.bsky.social,0.0,1,neutral
leslieandrews.bsky.social,0.2263,1,positive
lesnielbc.bsky.social,-0.29000000000000004,3,negative
letsbepurple.bsky.social,-0.7105,1,negative
letseatnachos.bsky.social,0.09865000000000002,2,negative
letsgetjuicing.bsky.social,-0.4215,1,negative
levdavidoff.bsky.social,0.4215,1,positive
levicoyote.bsky.social,0.0,1,neutral
levin.bsky.social,0.4696,1,positive
lewis1055.bsky.social,-0.6597,1,negative
lewontin.bsky.social,0.0,2,neutral
lewtwin.bsky.social,0.0,1,neutral
lexfundi.bsky.social,0.3182,1,positive
lexi6toes.bsky.social,-0.04896666666666668,3,negative
lexistenti.al,-0.631,1,negative
lexx-moya.bsky.social,-0.7184,1,negative
leyaum.bsky.social,0.4939,1,positive
lgbtqqip2saa.bsky.social,0.3921,2,positive
lhamilton5555.bsky.social,0.4464666666666666,3,positive
lianhansidhe.bsky.social,0.0,1,neutral
liannehy.bsky.social,0.2144,1,positive
liaskwerklooi.bsky.social,0.3543,1,positive
libbybake.bsky.social,0.0,1,neutral
liberalazbirder.bsky.social,0.1806,2,neutral
liberaldemida.bsky.social,-0.37965,2,negative
liberalhoundmom.bsky.social,-0.12587142857142858,7,negative
liberaljimocrat.bsky.social,-0.1027,1,negative
liberalruralmama.bsky.social,-0.1531,1,negative
liberals4liberty.bsky.social,0.0,1,neutral
libertydiesslowly.bsky.social,-0.5574,1,negative
libertyotf0.bsky.social,-0.7634,1,negative
libertyview.bsky.social,0.11447500000000002,4,positive
libkarin.bsky.social,0.5859,1,positive
libraone.bsky.social,0.0,2,neutral
librarian300.bsky.social,-0.8271,1,negative
librariandotbmp.bsky.social,-0.2247,1,negative
librarymode.bsky.social,0.1806,2,positive
lidwina.bsky.social,-0.2674,3,negative
liedetektr.bsky.social,0.0,2,neutral
lieutenantv.bsky.social,0.2999,2,positive
life-of-amon.bsky.social,0.0,1,neutral
lifeinthedesert.bsky.social,0.0,1,neutral
likchan.bsky.social,0.3612,1,positive
like-eike.bsky.social,-0.75515,2,negative
lila7.bsky.social,0.0,1,neutral
lilablau23.bsky.social,0.0,2,neutral
lilbi1l.bsky.social,0.4404,1,positive
lilbigguy.bsky.social,0.0,1,neutral
lilhistorian.bsky.social,0.0,1,neutral
lilhummingbird007.bsky.social,-0.05135,2,neutral
lilienfeld2.bsky.social,0.0,1,neutral
liliumf.bsky.social,0.0,1,neutral
lillians.bsky.social,-0.07084999999999997,2,positive
lillost.bsky.social,-0.1087333333333333,3,negative
lilmermaid17.bsky.social,0.0,1,neutral
lilythekitsune.bsky.social,-0.039599999999999996,2,negative
limbic.bsky.social,-0.8793,1,negative
liminalistic.bsky.social,-0.873,1,negative
lincolnzghost.bsky.social,0.1531,1,positive
lindaaoswald1.bsky.social,0.0,1,neutral
lindaisee.bsky.social,0.3324,1,positive
lindakp.bsky.social,0.0,1,neutral
lindam174.bsky.social,0.3182,1,positive
lindanielsen.bsky.social,-0.16849999999999998,3,negative
lindarn.bsky.social,-0.07599999999999998,2,positive
linjurz.bsky.social,0.3825,2,neutral
linseymarr.bsky.social,-0.1406333333333333,3,negative
linz13.bsky.social,-0.8481,1,negative
lionsfan11318.bsky.social,0.0,2,neutral
lionsleeps4ever.bsky.social,-0.8807,1,negative
lipstickscribbles.bsky.social,0.0,1,neutral
liquidgelcaps.bsky.social,0.4215,1,positive
lirpa413.bsky.social,0.0,1,neutral
lisaandotis.bsky.social,-0.5267,1,negative
lisachildsar.bsky.social,0.0,1,neutral
lisafellaantifa.bsky.social,-0.3724,1,negative
lisalisag1969.bsky.social,-0.45815,2,negative
lisamowmow.bsky.social,0.2017,2,neutral
lisamw.bsky.social,-0.19482500000000003,4,negative
lisasmuffins.bsky.social,-0.004780000000000023,5,negative
lisatea.bsky.social,0.0,1,neutral
lisossoma.bsky.social,0.2263,1,positive
listenbeforeispeak.bsky.social,0.0,1,neutral
litahart72.bsky.social,0.762,1,positive
literallytho.bsky.social,-0.0516,1,negative
litterygeniarse.bsky.social,-0.5707,1,negative
littleangus.bsky.social,-0.5897,1,negative
littlebitred.bsky.social,-0.25,1,negative
littleegg.solo-game.dev,-0.7357,1,negative
littlejimmy115.bsky.social,0.0,1,neutral
littlenomad.bsky.social,-0.33455,2,negative
littleredhenvotes.bsky.social,-0.5763666666666667,3,negative
littlewashita.bsky.social,0.0,1,neutral
littlun007.bsky.social,-0.10711999999999999,5,neutral
litwick.net,-0.25,1,negative
litzz11.bsky.social,0.6892,2,positive
liveonmbc.bsky.social,0.0,2,neutral
livesarah.bsky.social,-0.15055000000000002,4,negative
livinglargeintheus.bsky.social,0.3802,1,positive
lizardky.bsky.social,0.34,1,positive
lizbnz.bsky.social,-0.5137,1,negative
lizdynan.bsky.social,0.1314666666666667,9,positive
lizrenner.bsky.social,0.0,1,neutral
lizszabo.bsky.social,-0.0258,2,negative
lizzard32.bsky.social,0.0,1,neutral
lizziec.bsky.social,-0.3716,1,negative
lizziec222.bsky.social,-0.8533,1,negative
lizzieworldgirl.bsky.social,0.8591,1,positive
ljamesnc.bsky.social,0.0,2,neutral
ljdr48.bsky.social,0.765,1,positive
ljherrero.bsky.social,0.0,1,neutral
lkhatcher.bsky.social,-0.73115,2,negative
lkmalone729.bsky.social,-0.25,1,negative
llama615.bsky.social,0.0,1,neutral
llewellyngray.bsky.social,-0.8689,1,negative
lluxlokii.bsky.social,0.4404,1,positive
llynsey453.bsky.social,0.0,1,neutral
lm100.bsky.social,0.0,1,neutral
lma2024.bsky.social,-0.5106,1,negative
lmason.bsky.social,0.3535333333333333,3,positive
lmfiore.bsky.social,-0.3818,1,negative
lmh82.bsky.social,-0.4819,2,negative
ln-em.bsky.social,-0.765,1,negative
lo-loly.bsky.social,0.0,1,neutral
lobsterlend.bsky.social,0.2732,1,positive
localnotail.bsky.social,-0.3071,1,negative
lockdownyourlife.com,-0.296,1,negative
locutusof.bsky.social,-0.34,1,negative
loganws.bsky.social,-0.296,1,negative
lola-d.bsky.social,0.0,1,neutral
lolalolajoaquin.bsky.social,0.0,1,neutral
lolalvl.bsky.social,0.0,1,neutral
lolatep.bsky.social,0.4199,1,positive
lollioness.bsky.social,0.0,1,neutral
lolodiptera.bsky.social,0.1326,1,positive
lolonana.bsky.social,0.7845,1,positive
lolonurse.bsky.social,0.0,1,neutral
lonelywriteridiot.bsky.social,-0.5563,1,negative
lonewraith28.bsky.social,-0.136075,4,negative
lonnietoft.bsky.social,-0.746,2,negative
looftsabine.bsky.social,0.6124,1,positive
lookingforapath.bsky.social,-0.34,1,negative
loonrman.bsky.social,-0.3595,1,negative
loonspeak.bsky.social,-0.4767,1,negative
loraxthatshit.bsky.social,0.2549666666666666,3,positive
lord-fenwick.bsky.social,0.0,1,neutral
lordeaux.bsky.social,-0.15464999999999998,2,positive
lordkillerbee.bsky.social,0.5845,2,positive
lordofwhales.bsky.social,-0.6597,1,negative
lordpiss.bsky.social,-0.1027,1,negative
lordsamify.bsky.social,0.7978,1,positive
lorennacleary.bsky.social,-0.61045,2,negative
lorenv.bsky.social,-0.7735,1,negative
lorenzo49.bsky.social,-0.6249,1,negative
lorenzofb.bsky.social,0.3612,1,positive
loreweaver-nara.bsky.social,0.7568,1,positive
lorianderson.bsky.social,0.4404,1,positive
loribelle2.bsky.social,-0.3237,1,negative
loriezinnia.bsky.social,-0.8316,1,negative
loriinreallife.bsky.social,0.0,1,neutral
losalus.bsky.social,0.0,1,neutral
lostboylifer.bsky.social,0.0,1,neutral
lostsoul4521.bsky.social,-0.296,1,negative
lotd.bsky.social,-0.1877,1,negative
lotta20241113.bsky.social,0.18455,2,neutral
lotusfalling.bsky.social,-0.7319,1,negative
louaspiringwriter.bsky.social,0.0,1,neutral
loudlong.bsky.social,0.0,1,neutral
louise-ince.bsky.social,0.7393,1,positive
louise007.bsky.social,0.4767,1,positive
louisonlouizic.bsky.social,0.04930000000000001,2,positive
louispeitzman.bsky.social,0.1366,2,neutral
lousywords.com,-0.23835,2,negative
lovedogs8.bsky.social,0.5859,1,positive
lovekat41.bsky.social,0.8316,1,positive
lovekaupo.bsky.social,0.0,1,neutral
lovelyart.bsky.social,-0.1531,1,negative
loveon9.bsky.social,0.4215,1,positive
lovepeacegratitude.bsky.social,-0.8037,1,negative
lovepet6969.bsky.social,-0.30935,2,neutral
lovethispost.bsky.social,-0.09809999999999999,2,positive
lovovmelife.bsky.social,0.2732,1,positive
lower9hollygrove.bsky.social,0.0,1,neutral
lrachev.bsky.social,0.1421,4,positive
lrb.co.uk,-0.144,1,negative
lro70.bsky.social,0.3612,1,positive
ls-on-the-flipfone.bsky.social,0.0,1,neutral
lsaffs.bsky.social,-0.6697,1,negative
lsbridger.bsky.social,0.0,1,neutral
lshtm.bsky.social,-0.7783,1,negative
lteft.bsky.social,0.4404,1,positive
ltl2.bsky.social,0.40264999999999995,2,positive
ltrain80.bsky.social,0.5908,1,positive
lucgumshoe.bsky.social,-0.5267,1,negative
lucibee.bsky.social,0.0189,2,positive
lucifersam.bsky.social,0.3384,1,positive
luckydog59.bsky.social,0.0,1,neutral
luckyeddy.bsky.social,-0.7414000000000001,2,negative
luckymud.myatproto.social,-0.0258,2,neutral
lucyalexander.bsky.social,-0.25,1,negative
lucyarnold.bsky.social,-0.1967125,8,negative
lucykarrys.bsky.social,0.0,1,neutral
lucylady.bsky.social,0.0,2,neutral
luigivercotti.bsky.social,-0.6486,1,negative
luke-givens.bsky.social,0.0,1,neutral
lukebro92.bsky.social,0.014533333333333323,3,negative
lukerussell.bsky.social,-0.7994,2,negative
luminosity.bsky.social,0.0,1,neutral
lummuscain.bsky.social,-0.4215,1,negative
lunalapine.com,0.0,1,neutral
lunaraptor.bsky.social,-0.2124,1,negative
lunarshocked.bsky.social,0.1531,1,positive
lunchpailchris.bsky.social,0.0,1,neutral
lupogato.bsky.social,-0.5994,1,negative
luq73.bsky.social,0.0,1,neutral
lurch442.bsky.social,0.6249,1,positive
lurkerbluesky.bsky.social,-0.3784,1,negative
luv4calif.bsky.social,0.52115,2,positive
luvmy3dogs.bsky.social,-0.4767,1,negative
luwop.bsky.social,-0.3182,1,negative
lwr3628.bsky.social,-0.9292,1,negative
lxxxvi-xlvii-now.bsky.social,0.1531,1,positive
lyan-cat.bsky.social,0.10636666666666668,3,positive
lyle-little.bsky.social,0.0,1,neutral
lyndallterrier.bsky.social,0.11337500000000002,4,neutral
lyndapole.bsky.social,0.0,1,neutral
lynelles.bsky.social,0.6696,1,positive
lynia80.bsky.social,0.0,1,neutral
lynn101.bsky.social,-0.08785000000000001,2,positive
lynnbahta.bsky.social,0.6474,1,positive
lynnbowling.bsky.social,-0.09363333333333333,3,negative
lynniebabe01.bsky.social,-0.6125,1,negative
lynnunderwood.bsky.social,0.11434999999999998,2,positive
lyns84.bsky.social,-0.17,2,negative
lyrahelion.bsky.social,0.42650000000000005,3,positive
lyrelle80.bsky.social,-0.1779,1,negative
m-e72.bsky.social,0.7088,1,positive
m00nstreake.bsky.social,-0.4019,1,negative
m1db.bsky.social,0.4404,1,positive
m1ngthemerciless.bsky.social,-0.4005,1,negative
m4a1960.bsky.social,0.4199,1,positive
m9-prime.bsky.social,0.8625,1,positive
mac2two.bsky.social,-0.5514,1,negative
macawake.bsky.social,0.0,1,neutral
maceovive.bsky.social,0.0,1,neutral
machete.gay,-0.31206,5,negative
machminotaur.bsky.social,-0.0258,1,neutral
machutch.bsky.social,0.13,3,positive
mack11211.bsky.social,0.0,1,neutral
mackayim.bsky.social,0.07878108108108109,37,neutral
macphoenix.com,0.0,1,neutral
macroliter.bsky.social,-0.28595,2,neutral
macroom73.bsky.social,0.0,1,neutral
mactakeshi.bsky.social,0.0,1,neutral
madamedefarge2a.bsky.social,0.7933,1,positive
madamedefargeknits.bsky.social,-0.5574,1,negative
madamehardy.bsky.social,0.1027,1,positive
madcolorist.bsky.social,-0.4084857142857143,7,negative
maddie-says.bsky.social,0.20095,2,positive
madge9800.bsky.social,-0.18750000000000003,2,positive
madgreek.bsky.social,0.0,1,neutral
madgreek2024.bsky.social,-0.729,1,negative
madhat59kenwood.bsky.social,0.1098,1,positive
madhatterfellarina.bsky.social,0.0636,3,neutral
madhattermn.bsky.social,0.4019,1,positive
madhominem.bsky.social,0.0,1,neutral
madhupai.bsky.social,0.0,1,neutral
maebughers.bsky.social,0.04035,2,positive
maelcornic.bsky.social,0.3612,1,positive
maemae48.bsky.social,-0.3818,1,negative
maevedu.bsky.social,0.507,1,positive
mafkr.bsky.social,-0.1531,1,negative
magabuster.bsky.social,0.45125000000000004,2,positive
magastolemymate.bsky.social,0.0,1,neutral
magentarocks.bsky.social,0.0,1,neutral
maggiemae46.bsky.social,-0.5106,1,negative
magicapple.bsky.social,0.4767,1,positive
magicmia.eurosky.social,-0.3366,2,negative
magimilk.bsky.social,0.2023,1,positive
magneticsara.bsky.social,-0.5106,1,negative
magnusxander.bsky.social,0.0,1,neutral
magosbilly.bsky.social,0.4449,1,positive
magpie.tips,0.0,1,neutral
magpieheaven.bsky.social,-0.29936666666666667,3,negative
magsluvs.bsky.social,0.0,1,neutral
magsmac.bsky.social,0.0,1,neutral
magzdilla.bsky.social,0.3182,1,positive
mahfl.bsky.social,-0.25,1,negative
mahoganygaspipes.bsky.social,0.02345,2,positive
mahuga.bsky.social,-0.35695,2,negative
maineboy65.bsky.social,0.0,1,neutral
mainekat.bsky.social,-0.0271,1,neutral
maiopine.bsky.social,0.0814,2,positive
maj0rmattmas0n.bsky.social,0.2732,1,positive
majdefcon1.bsky.social,-0.25,1,negative
majorityunsilenced.bsky.social,0.0,1,neutral
makaleka.bsky.social,0.0,1,neutral
makanaboy.bsky.social,0.34,1,positive
makawa75.bsky.social,0.0,2,neutral
makeamericasane.bsky.social,0.0,1,neutral
makehats.bsky.social,0.0,1,neutral
makingbetterworld.bsky.social,0.4482,1,positive
maks23.bsky.social,0.0,2,neutral
malachy5.bsky.social,0.2023,1,positive
malachydiscontent.bsky.social,0.4939,1,positive
malaclypse.bsky.social,-0.1531,1,negative
malafect.bsky.social,0.4926,1,positive
malcontentnews.bsky.social,0.4767,1,positive
maldenrosselle.bsky.social,0.128,1,positive
malena.bsky.social,0.1915,1,positive
malevolentappendix.bsky.social,-0.36345,2,neutral
malidala.bsky.social,-0.05853333333333335,3,neutral
malinois4me.bsky.social,0.128,1,positive
malipdx.bsky.social,0.1816,2,negative
mallah-sg.bsky.social,0.0,1,neutral
malonespeaking.bsky.social,-0.1698666666666667,3,neutral
malt-dismay.bsky.social,0.0,1,neutral
mamadonnae.bsky.social,0.139075,4,positive
mamahipster.bsky.social,0.0,1,neutral
mamaltp.bsky.social,0.5106,1,positive
mamamouse.bsky.social,0.0,1,neutral
mampdx.bsky.social,0.0,1,neutral
manarkin.bsky.social,0.6124,1,positive
manatr0n.bsky.social,0.0,1,neutral
mancjules.bsky.social,-0.4767,1,negative
mandchoue1984.bsky.social,-0.4767,1,negative
mandianne.bsky.social,-0.5423,1,negative
mandyh59.bsky.social,0.0,1,neutral
mandysmom.bsky.social,0.3612,1,positive
mangobee.bsky.social,-0.891,1,negative
manita41176347.bsky.social,0.0,1,neutral
manitoban.bsky.social,0.0,1,neutral
mannycat.bsky.social,-0.2133,8,neutral
manuel-royal.bsky.social,-0.6369,1,negative
mapleleafsfan.bsky.social,0.3478,2,positive
mapperwocky.bsky.social,0.1984,1,positive
maquisard15.bsky.social,-0.8625,1,negative
maramotto.bsky.social,0.0,1,neutral
marbleliberal.bsky.social,-0.167625,4,neutral
marcellacreates.bsky.social,0.1027,1,positive
marcellograz.bsky.social,0.0,1,neutral
march54.bsky.social,-0.5083599999999999,5,negative
marchie57.bsky.social,0.0258,1,neutral
marciwatson.bsky.social,0.26415,2,neutral
marcosantana.bsky.social,-0.316925,4,neutral
marcosortiz69.bsky.social,-0.3802,1,negative
marcsobel.bsky.social,-0.0572,1,negative
marcuskelson.bsky.social,0.0,1,neutral
marcusnannini.bsky.social,0.2263,1,positive
marcveld.bsky.social,-0.22719166666666665,12,negative
marcwithamouth.com,0.8176,1,positive
mardilink.bsky.social,0.3182,1,positive
maread.bsky.social,-0.7829,1,negative
margaretdumont.bsky.social,0.1316,1,positive
margotjdc.bsky.social,0.0,1,neutral
margotsibley25.bsky.social,-0.2576,6,negative
marguerite00.bsky.social,-0.8057,1,negative
mari-19.bsky.social,-0.6751,2,negative
mariaaragon64.bsky.social,0.6124,1,positive
mariablack.bsky.social,-0.271,12,negative
mariabustillos.com,-0.3612,1,negative
mariafartaroma.bsky.social,-0.6908,1,negative
mariahbrown.bsky.social,0.0,1,neutral
marian719.bsky.social,-0.7269,1,negative
marianbrez.bsky.social,-0.5106,1,negative
marianherra.bsky.social,0.0,1,neutral
mariasale8.bsky.social,-0.631,1,negative
maribean.bsky.social,0.7944,1,positive
marie290.bsky.social,-0.6303333333333333,3,negative
marie48021.bsky.social,0.3182,1,positive
marielza.bsky.social,-0.296,1,negative
mariemoinet.bsky.social,-0.6967,1,negative
marifromky.bsky.social,0.0,1,neutral
marilynjs.bsky.social,0.0,1,neutral
marina2025.bsky.social,0.0,1,neutral
mariodennis.bsky.social,0.1027,1,positive
marisayswah.bsky.social,-0.09625000000000003,2,positive
marjeec.bsky.social,0.0,1,neutral
mark-dingman.bsky.social,0.0,1,neutral
mark-steven.bsky.social,0.0,1,neutral
mark-ungrin.bsky.social,-0.10708,15,negative
mark5221.bsky.social,-0.7096,1,negative
markbjorge.bsky.social,-0.4588,1,negative
markbrazill.bsky.social,0.0,1,neutral
markdavis-md6.bsky.social,-0.7611,1,negative
markelindsay.bsky.social,0.0,1,neutral
markfsu.bsky.social,-0.943,1,negative
markg56.bsky.social,-0.0516,1,negative
markgaybakes.bsky.social,0.4189,2,neutral
markgerardmckee.bsky.social,0.2911,1,positive
markiemodel.bsky.social,0.8176,1,positive
markjacob.bsky.social,-0.2263,1,negative
marklaporta.bsky.social,0.5904,1,positive
markosilberhand.bsky.social,-0.49135,2,negative
marksfca.bsky.social,0.5423,1,positive
marksmithresister.bsky.social,0.0,1,neutral
marksrq1971.bsky.social,0.0,1,neutral
markusenofan.bsky.social,0.6908,1,positive
markuskuehbacher.bsky.social,-0.2255,2,negative
marnier.bsky.social,0.8442,1,positive
maroonphoenix.bsky.social,0.092475,4,neutral
marquitaherald.bsky.social,0.6605,1,positive
marsbennett646.bsky.social,0.7937,1,positive
marsbrown71.bsky.social,0.0,1,neutral
marsha.bsky.social,-0.3818,1,negative
marsrover.bsky.social,0.0,1,neutral
marthaier.bsky.social,0.7143,1,positive
martijnvisser.bsky.social,0.0,1,neutral
martilives.bsky.social,0.0,1,neutral
martinbare.bsky.social,-0.4003,1,negative
martingauvreau1.bsky.social,-0.3535,1,negative
martinkoenigsberg.bsky.social,0.0,1,neutral
martinmckee.bsky.social,-0.0525,1,negative
martinpub.bsky.social,-0.1027,1,negative
martinput.bsky.social,0.16236666666666666,3,positive
marty10.bsky.social,0.19216666666666668,6,positive
martye.bsky.social,0.7108,1,positive
martyg1991.bsky.social,-0.4404,1,negative
martylemert.bsky.social,0.0,1,neutral
martyrye62.bsky.social,-0.36345,2,neutral
maru9999.bsky.social,-0.07875714285714285,7,negative
marushka-t.bsky.social,-0.4767,1,negative
marvinogravel.bsky.social,-0.8555,1,negative
marvinrando.bsky.social,0.0,2,neutral
marvintheandriod.bsky.social,0.0,1,neutral
marvls1.bsky.social,0.4184,1,positive
marwoodwithnail.bsky.social,0.2732,1,positive
mary-quitecontrary.bsky.social,0.7269,1,positive
maryangelafitz.bsky.social,-0.8036,1,negative
maryannak.bsky.social,0.3197,1,positive
marycrainne24.bsky.social,-0.8316,1,negative
maryh58.bsky.social,-0.34,1,negative
marylou-ber.bsky.social,-0.7772,1,negative
marymacdougall.bsky.social,0.403,3,positive
marythetrainer.bsky.social,-0.7778,1,negative
marytomallen.bsky.social,0.5983,1,positive
maryv409.bsky.social,-0.2732,2,positive
masaenfurecida.bsky.social,0.0,1,neutral
mashfanficchick.bsky.social,0.08545000000000003,2,positive
masochist666.bsky.social,0.0,1,neutral
massdisillusion.bsky.social,0.36705,2,positive
massyankee.bsky.social,0.0,1,neutral
matchatea420.bsky.social,-0.6908,1,negative
mateohh.bsky.social,0.0,1,neutral
materialculture.bsky.social,-0.1779,1,negative
mathiastck.bsky.social,0.4588,1,positive
matsniffo.bsky.social,0.7279,1,positive
matt-lab-wreck.bsky.social,0.47550000000000003,2,positive
mattchamberlain42.bsky.social,0.7845,1,positive
mattgill.me,-0.4903,2,negative
matthew2411.bsky.social,0.5562,1,positive
matthewbudman.bsky.social,0.0,1,neutral
matthewjohnson.bsky.social,-0.21436666666666668,3,negative
matthewmatthew.bsky.social,0.04346666666666665,3,positive
matthewtriponey.bsky.social,-0.4215,1,negative
matti.aleve.me,-0.5994,1,negative
mattjohnson.bsky.social,0.6249,1,positive
mattkoz.bsky.social,0.0,1,neutral
mattmetcalf.bsky.social,0.0,1,neutral
mattrified.bsky.social,0.0,1,neutral
mattstevens.bsky.social,-0.5859,1,negative
matyd.bsky.social,-0.1316,1,negative
maudewallace.bsky.social,0.4019,1,positive
maudhd.bsky.social,0.0,1,neutral
mausingen.bsky.social,-0.7184,1,negative
mavisgl.bsky.social,0.3612,1,positive
mavislee.bsky.social,0.8772,1,positive
maxellxlii.bsky.social,-0.4003,1,negative
maxietheohtaku.bsky.social,-0.177,1,negative
maximusjohnson.bsky.social,-0.4767,1,negative
maxkriegervg.bsky.social,0.18451666666666666,6,neutral
maxmax.bsky.social,0.0,1,neutral
maxp94.bsky.social,0.0,2,neutral
maxpapillon.bsky.social,0.1742,1,positive
maxwellshabbsby.bsky.social,0.0,1,neutral
maybeday.bsky.social,0.0,1,neutral
mayfairlady.bsky.social,-0.4767,1,negative
maynardgkrebs.bsky.social,-0.296,1,negative
mazakeen.bsky.social,0.5824,1,positive
mb77921.bsky.social,0.0,1,neutral
mbanon38.bsky.social,-0.7845,1,negative
mbcampbell360.bsky.social,0.7264,1,positive
mbdeitz.bsky.social,0.3182,1,positive
mbkplus.bsky.social,0.28555,2,positive
mbonner.bsky.social,0.6908,1,positive
mcatherinel.bsky.social,0.68,1,positive
mcbiohazard.bsky.social,0.9457,1,positive
mcbridetd.bsky.social,-0.033716666666666666,6,neutral
mcenkidu.bsky.social,0.6635,2,positive
mcgheerl.bsky.social,-0.7717,1,negative
mck123.bsky.social,0.3612,1,positive
mcnutcase.bsky.social,-0.3412,1,negative
mcpixelchick.bsky.social,0.0,1,neutral
mcsweeney.bsky.social,-0.1877,1,negative
mdcmartinus.bsky.social,0.4019,2,positive
mdfarmer.bsky.social,-0.7964,1,negative
mdibo324.bsky.social,0.75005,2,positive
mdicey.bsky.social,0.0,1,neutral
mdjohns5.bsky.social,-0.5574,1,negative
mdmeyer718.bsky.social,-0.3182,1,negative
mdon114.bsky.social,0.3182,1,positive
mdouglaswray.bsky.social,-0.9016,1,negative
mdwallach.bsky.social,0.5719,1,positive
meanderingwa.bsky.social,0.0,1,neutral
meatmechsuit.bsky.social,0.4019,1,positive
mecha-sheep.bsky.social,-0.010599999999999998,2,negative
med84.bsky.social,0.0,1,neutral
mediabusters6.bsky.social,0.4776,1,positive
medickimw.bsky.social,0.0,1,neutral
meepmeepboxer.bsky.social,-0.7712,1,negative
meertext.bsky.social,-0.0516,1,negative
meg1955.bsky.social,-0.6908,1,negative
megajimmy.bsky.social,-0.4939,1,negative
megalu.bsky.social,0.8244,1,positive
meghannpie.bsky.social,0.2401,1,positive
megnumbers.bsky.social,0.2023,1,positive
megueyb.bsky.social,0.4389,1,positive
meidastouch.com,-0.005950000000000011,4,positive
melba75.bsky.social,-0.5719,1,negative
melhathnofury.bsky.social,0.23576666666666668,3,neutral
melisa23.bsky.social,-0.27115,2,negative
melissaf.bsky.social,0.0,2,neutral
melissajohns.bsky.social,0.0,1,neutral
melissas.bsky.social,0.0,1,neutral
melissawoodruff.bsky.social,-0.4588,1,negative
mellowspirit.bsky.social,0.8271,1,positive
mellziland.bsky.social,0.12924999999999998,2,positive
melodyleelacy.bsky.social,0.56355,2,positive
melodyschreiber.com,0.04184642857142856,28,positive
melodyvonhawk.bsky.social,-0.6249,1,negative
melora72.bsky.social,0.03325,2,negative
melsrn.bsky.social,0.8594,1,positive
melthemartian.bsky.social,-0.1786,1,negative
meme-ifesto.bsky.social,0.6956,1,positive
memnetpurrpic.bsky.social,0.0,1,neutral
memphisbelle1114.bsky.social,0.1383,2,neutral
memphismary.bsky.social,0.0644,1,positive
mendaciumpugnator.bsky.social,-0.25,1,negative
meng54.bsky.social,0.4019,1,positive
meowchacho.bsky.social,-0.6705,1,negative
meowingtonight.bsky.social,0.638,1,positive
mequantum.bsky.social,0.0,1,neutral
mercime.bsky.social,0.0,1,neutral
mercoglianos.bsky.social,-0.2287,2,neutral
mercurialme.bsky.social,0.7351,1,positive
meribel123.bsky.social,0.7809,1,positive
mern.bsky.social,0.0,1,neutral
merseysippi.bsky.social,0.044475,4,neutral
merusheel.bsky.social,0.7177,1,positive
metabeth.bsky.social,-0.274,1,negative
metagross376.bsky.social,-0.6597,1,negative
metaphysician.bsky.social,-0.8271,1,negative
metavulture.com,0.7654,1,positive
methowgal.bsky.social,0.0,1,neutral
metisse.bsky.social,0.06379999999999997,4,negative
metoxil.bsky.social,0.0258,1,neutral
metta4u2.bsky.social,-0.34769999999999995,3,negative
mewhoisi.bsky.social,0.6597,1,positive
mfairma.bsky.social,-0.9093,1,negative
mfbrodie.bsky.social,-0.6705,1,negative
mfelps.bsky.social,0.0,1,neutral
mfeustle.bsky.social,0.0,1,neutral
mfgang.bsky.social,0.0,1,neutral
mfrederickm.bsky.social,0.0772,1,positive
mfriedmannola.bsky.social,-0.5574,1,negative
mfsteve.bsky.social,0.0,1,neutral
mfwic1667.bsky.social,-0.44055,2,negative
mgb5000.bsky.social,0.0,1,neutral
mgreenaw.bsky.social,0.6249,1,positive
mgryan.bsky.social,0.8313,1,positive
mhaberman00.bsky.social,0.6705,1,positive
mhathaway.bsky.social,0.0,1,neutral
mhcjj.bsky.social,0.0,1,neutral
mhortai.bsky.social,0.128,1,positive
mi-forest.bsky.social,0.4738,1,positive
miaganga.bsky.social,0.0,1,neutral
miaspeople.bsky.social,0.4939,1,positive
michael-dent.bsky.social,-0.5106,1,negative
michael-hoerger.bsky.social,0.0534,1,positive
michaelbruceschaub.bsky.social,-0.6908,1,negative
michaelcaley.bsky.social,-0.134175,4,negative
michaelerb.bsky.social,-0.0516,1,negative
michaelfromearth.bsky.social,0.0,1,neutral
michaelismad.bsky.social,-0.5093833333333334,6,negative
michaeljjohnson.bsky.social,0.5267,1,positive
michaellafond.substack.com,0.3078,1,positive
michaeloberg.bsky.social,0.0516,1,positive
michaelruminer.bsky.social,0.3182,1,positive
michaelsheffield.bsky.social,0.21010000000000004,2,negative
michaelspins.bsky.social,0.0,1,neutral
michaelstrode.bsky.social,0.0,1,neutral
michaelthornton.bsky.social,-0.6662,1,negative
michele39.bsky.social,-0.1779,1,negative
michelewatches.bsky.social,-0.296,1,negative
michellerv.bsky.social,0.0,1,neutral
michellestringer.bsky.social,0.0,1,neutral
michiwagner4.bsky.social,0.0,1,neutral
mick7even.bsky.social,-0.2997,2,negative
mickey23.bsky.social,-0.7717,1,negative
microgorilla.com,0.0,1,neutral
microrave.bsky.social,0.0,1,neutral
middleaudio.bsky.social,0.1531,1,positive
middlerage.bsky.social,-0.0958,7,negative
midgey1.bsky.social,0.0,1,neutral
midnightsheep.bsky.social,-0.126025,4,negative
migrainechat.bsky.social,-0.2839333333333333,3,negative
miguelpanini.bsky.social,0.16565,2,positive
mike-in-the-box.bsky.social,-0.9217,1,negative
mike-teevee-1971.bsky.social,0.0,1,neutral
mike0243.bsky.social,-0.6379,2,negative
mikeadventure365.bsky.social,0.0,1,neutral
mikebusniak.bsky.social,0.6696,1,positive
mikecherry.bsky.social,0.40015,2,positive
mikedaily.bsky.social,-0.024300000000000016,2,negative
mikedessner.bsky.social,-0.4939,1,negative
mikeescapee.bsky.social,0.0,1,neutral
mikefeeer.bsky.social,0.4738,1,positive
mikeginmd.bsky.social,0.6369,1,positive
mikehoney.bsky.social,-0.03066,10,positive
mikeinmmt.bsky.social,0.023324999999999985,4,positive
mikeintlh.bsky.social,-0.296,1,negative
mikelangello.bsky.social,0.25,1,positive
mikemontreal.bsky.social,-0.4696,2,negative
mikeparwana.bsky.social,0.2263,1,positive
mikepipper.bsky.social,0.0,1,neutral
mikesbadtweets.bsky.social,0.0,1,neutral
mikestivala.bsky.social,0.242,1,positive
mikevlasic.bsky.social,-0.5091,2,negative
mikewilsoninoz.bsky.social,0.0,1,neutral
mikusa.bsky.social,0.0,1,neutral
miladylilburn.bsky.social,0.4019,1,positive
milanasanovic.bsky.social,0.4939,1,positive
mildenby.bsky.social,-0.4404,1,negative
mildlyreal.bsky.social,0.0,1,neutral
mile-high-rob.bsky.social,-0.1027,1,negative
miley-crisis.bsky.social,0.0,1,neutral
milkpork.bsky.social,0.0,1,neutral
millie29.bsky.social,-0.18358,5,negative
miload.bsky.social,0.4002,1,positive
milokei.bsky.social,0.0,1,neutral
milominder.bsky.social,0.0,1,neutral
milonews.bsky.social,-0.35969999999999996,6,negative
mimerss.bsky.social,0.4218,2,positive
mimi-31.bsky.social,0.0,1,neutral
mimikyuute.bsky.social,-0.4404,1,negative
mimirwolv.bsky.social,0.0,1,neutral
mimis66.bsky.social,0.5072,2,positive
mindlessgonzo.bsky.social,0.0,1,neutral
mindstalk.bsky.social,0.7003,1,positive
mineboom.bsky.social,0.06924999999999998,2,negative
miner44.bsky.social,0.7365,1,positive
mini-katze.bsky.social,-0.1416666666666667,3,negative
miniaci.co.uk,0.5851,1,positive
minibradcooper.bsky.social,-0.28485,2,neutral
minibubbly.bsky.social,-0.204,6,negative
minjilee.bsky.social,0.0,1,neutral
minnesotajo.bsky.social,-0.5257999999999999,2,negative
minstronemonster.bsky.social,0.4374,2,neutral
mintyjulep.bsky.social,-0.2728,1,negative
minutello1.bsky.social,-0.1511,1,negative
minutesdrag.bsky.social,-0.1372,2,negative
mir-scs.bsky.social,0.0,1,neutral
miraoffthewall.bsky.social,0.0,1,neutral
miriamvg.bsky.social,-0.17313333333333336,3,negative
miriparhelion.bsky.social,-0.5249,3,negative
mirror.co.uk,0.0258,1,neutral
mirrorman.bsky.social,0.0,2,neutral
mirrorthestars.bsky.social,0.0,1,neutral
mirthdal.bsky.social,0.3167,1,positive
mirvphy.bsky.social,0.4404,1,positive
mischaauer.bsky.social,-0.5106,1,negative
mishacopyninja.bsky.social,0.1901,1,positive
mishjt.bsky.social,-0.3182,1,negative
missannthrope66.bsky.social,0.6124,1,positive
missbee3.bsky.social,-0.1531,1,negative
missboots.bsky.social,0.0,1,neutral
missdfies.bsky.social,0.0,1,neutral
missfrijole.bsky.social,-0.4134,2,neutral
misskachoob.bsky.social,-0.04636666666666667,3,negative
missrollergirl.bsky.social,0.4995,1,positive
mister-jesse.bsky.social,0.6696,1,positive
mister-nico.bsky.social,0.3919,1,positive
misterliberty.bsky.social,0.0,1,neutral
mistermulligan.bsky.social,0.0,1,neutral
misterz03.bsky.social,0.0,1,neutral
misterz777.bsky.social,-0.8150666666666666,3,negative
mistressmatisse.bsky.social,-0.5106,1,negative
mistym.bsky.social,0.032350000000000004,10,neutral
mitch2266.bsky.social,-0.5423,1,negative
mithras.bsky.social,0.5106,1,positive
mitzi35.bsky.social,0.6486,1,positive
mizmaxgordon.bsky.social,0.0,1,neutral
mizoguchifan.bsky.social,0.3182,1,positive
mizzimadailynews.substack.com,0.0,1,neutral
mjelectriz.bsky.social,0.0,1,neutral
mjfgates.bsky.social,0.6814,1,positive
mjfree.bsky.social,0.509575,4,positive
mjgerdes.bsky.social,0.2411,1,positive
mjjseagull.bsky.social,0.1027,1,positive
mjordan102.bsky.social,-0.4404,1,negative
mjprieve.bsky.social,-0.4215,1,negative
mjshanklin.bsky.social,0.0,1,neutral
mkatepaski.bsky.social,0.0,1,neutral
mkennick.bsky.social,0.0,1,neutral
mkg-sd.bsky.social,-0.5106,1,negative
mkm2024.bsky.social,0.0,1,neutral
mkweber.bsky.social,-0.7588,1,negative
mky603.bsky.social,-0.34,1,negative
mlco.bsky.social,0.21075,2,neutral
mlecin.bsky.social,-0.3215,2,positive
mleeds2048.bsky.social,0.4019,1,positive
mlk-nside67.bsky.social,-0.43095,4,negative
mlmartello.bsky.social,-0.7713,1,negative
mlmcg.bsky.social,0.0,1,neutral
mlyp.bsky.social,-0.4939,1,negative
mmcdonough89.bsky.social,-0.04600000000000001,2,negative
mmchol.bsky.social,-0.012037499999999987,8,negative
mmgram.bsky.social,-0.2057,1,negative
mmkeefe.bsky.social,0.7059,1,positive
mmmadcccow.bsky.social,0.578,1,positive
mmmvegas.bsky.social,-0.6688,1,negative
mmosyl.bsky.social,0.0,1,neutral
mmwritesmore.bsky.social,0.19390000000000002,2,negative
mnasca.bsky.social,0.05135,2,neutral
mnguy23.bsky.social,0.128,1,positive
moar2ax.bsky.social,-0.23835,2,negative
mobiusstripper.bsky.social,0.0,1,neutral
mobluegrasskev.bsky.social,-0.0258,1,neutral
mochene.bsky.social,0.4215,1,positive
modeka.bsky.social,0.0,1,neutral
moderatelyangry.bsky.social,0.0,1,neutral
modernista64.bsky.social,0.4939,1,positive
moderntrumpet.bsky.social,-0.4696,2,negative
modopyr.bsky.social,-0.5719,1,negative
modschowdotcom.bsky.social,0.6705,1,positive
modusvivendi.bsky.social,0.0,2,neutral
moeberg.bsky.social,0.0,1,neutral
moetif.bsky.social,-0.4515,1,negative
mogen001.bsky.social,0.7184,1,positive
moggsee.bsky.social,0.8555,1,positive
mohawk2.bsky.social,0.0,1,neutral
mohawkthebigkahuna.bsky.social,-0.9068,1,negative
mojo-iv.bsky.social,-0.2263,1,negative
mojobaby.bsky.social,-0.836,1,negative
mojoxer.bsky.social,-0.09562,5,neutral
mokapon.bsky.social,0.0,1,neutral
molee1.bsky.social,0.8673,1,positive
molesen.bsky.social,0.0,1,neutral
molestando.bsky.social,0.2235,1,positive
mollemitkompott.bsky.social,-0.4404,1,negative
molliemcintyre05.bsky.social,0.6597,1,positive
mollyr0se.bsky.social,-0.8779,1,negative
molynj.bsky.social,0.539,1,positive
mombshell.bsky.social,0.0,1,neutral
momimlookingfor.bsky.social,-0.6908,1,negative
mommamia.bsky.social,0.21075,2,neutral
mommom-dayton.bsky.social,0.3182,1,positive
mommyisaperson.bsky.social,0.0,1,neutral
momoftwo.bsky.social,0.0,1,neutral
momosmomma.bsky.social,0.296,1,positive
monaliza.fyi,-0.2263,1,negative
monasmanager.bsky.social,0.2911,1,positive
mondaynyquil.bsky.social,-0.1899,2,positive
monetpainter.bsky.social,0.0,1,neutral
monettc.bsky.social,0.4404,1,positive
mongusta.bsky.social,0.02612500000000001,4,negative
monicacarmean.com,0.05023333333333333,3,positive
monik222.bsky.social,0.2928,1,positive
monkeyarmy.bsky.social,0.6369,1,positive
monkeyphil.bsky.social,0.1901,1,positive
monkeyscat.bsky.social,-0.2263,1,negative
monster3579.bsky.social,-0.652,1,negative
monstoor.bsky.social,0.29219999999999996,2,negative
monstrousregiment.bsky.social,-0.4481,1,negative
montealto.bsky.social,0.1969,2,positive
montyreborn.bsky.social,0.0,1,neutral
moodybkues1973.bsky.social,0.1806,2,positive
moodyloner.bsky.social,-0.5677,1,negative
moofu2.bsky.social,0.0,1,neutral
mookie74-78.bsky.social,0.5574,1,positive
moonwink03.bsky.social,0.07045,4,neutral
moonyriot.dftba.social,0.0,1,neutral
moosemuddler.bsky.social,0.836,1,positive
mopbucket.bsky.social,-0.5305,2,negative
moralsbeforemoney.bsky.social,0.6369,1,positive
morecords.bsky.social,0.0,1,neutral
morganelliott.bsky.social,0.6927,1,positive
moriamarmalade.bsky.social,0.8074,1,positive
moritakaishidaart.bsky.social,-0.3905,1,negative
morj797.bsky.social,0.0,2,neutral
morrisgirl.bsky.social,0.296,1,positive
mosesherrera.bsky.social,-0.2263,1,negative
moseyingalong.bsky.social,-0.7184,1,negative
mosssphagnum.bsky.social,0.12055,2,positive
mossworm.bsky.social,0.12130000000000002,2,negative
mostlymidmodern.bsky.social,0.0,1,neutral
mostlytruenews.bsky.social,-0.44885,2,neutral
motherjones.com,-0.5475,1,negative
motorctyninja.bsky.social,0.11035,2,positive
motorcycleman.bsky.social,0.0258,1,neutral
mountainhung.bsky.social,-0.656,1,negative
mountainrooster.bsky.social,0.0,1,neutral
mouserincincy.bsky.social,0.0772,1,positive
mouthyrenegade.bsky.social,0.0,1,neutral
moviefanforever.bsky.social,0.0,3,negative
moviemonkee.bsky.social,-0.4883,1,negative
movinmountains.bsky.social,0.5844,2,positive
mp-willow.bsky.social,0.20484999999999998,2,negative
mpillwax.bsky.social,-0.1875,1,negative
mprnews.org,-0.5849,1,negative
mpw81.bsky.social,0.0,1,neutral
mpzrd.bsky.social,0.3612,1,positive
mr-el-guapo.bsky.social,0.4003,1,positive
mrahmergamer.bsky.social,0.0,1,neutral
mraulston.word.expert,0.5994,1,positive
mrblifil.bsky.social,0.0,1,neutral
mrbutterchicken.bsky.social,0.1506,2,negative
mrcathands.bsky.social,0.4753,1,positive
mrdavidwhitley.bsky.social,-0.15195000000000003,2,positive
mrfengi.bsky.social,0.6369,1,positive
mrfuzzyfart.bsky.social,0.8481,1,positive
mrhappyonbsky.eurosky.social,0.0,1,neutral
mrjackpots.bsky.social,0.0,1,neutral
mrl53.bsky.social,0.0,3,neutral
mrlgh.bsky.social,0.18045,2,positive
mrmbb.bsky.social,0.0,1,neutral
mrneu.bsky.social,-0.7717,1,negative
mrnotsoniceguy.bsky.social,-0.3454,2,neutral
mrpaulymac.bsky.social,-0.0772,1,negative
mrrobby.bsky.social,-0.2553,2,neutral
mrsallnut.bsky.social,0.5994,1,positive
mrsblocking.bsky.social,-0.0516,1,negative
mrsdeborahlynn.bsky.social,-0.6705,1,negative
mrsedgesuga.bsky.social,0.3818,1,positive
mrsfanster.bsky.social,0.4404,1,positive
mrshiddedoopants.bsky.social,-0.4118,1,negative
mrspingu.bsky.social,0.0258,1,neutral
mrsquirrel.bsky.social,-0.7351,1,negative
mrtmdc.bsky.social,0.0,1,neutral
mrtoads.bsky.social,-0.7647,1,negative
mrxexon.bsky.social,0.0,1,neutral
ms.now,0.4939,1,positive
msbak.bsky.social,-0.0595,2,positive
msbluewednesday.bsky.social,-0.4767,1,negative
mschipnicks.bsky.social,-0.6249,1,negative
mschiz.bsky.social,0.4574,1,positive
msdianan.bsky.social,0.5106,1,positive
msdobalina.bsky.social,-0.9136,1,negative
mseraphimsl.bsky.social,0.0,1,neutral
msfuturehope.bsky.social,0.0,1,neutral
msgeegee.bsky.social,-0.7269,1,negative
mshopoff.bsky.social,-0.296,1,negative
msintexas.bsky.social,-0.1531,1,negative
msmercy.bsky.social,-0.4404,1,negative
msnowreports.bsky.social,-0.6369,1,negative
mspyeinthesky.bsky.social,0.0,3,neutral
mssmithy.bsky.social,0.0,1,neutral
mstkindeed.bsky.social,0.0,1,neutral
msviking.bsky.social,0.4019,1,positive
msvki.bsky.social,-0.3595,1,negative
msz0.bsky.social,-0.2263,1,negative
mtaggie.bsky.social,0.4588,1,positive
mtar925.bsky.social,0.4939,1,positive
mtc111.bsky.social,0.4404,1,positive
mtdomain.bsky.social,0.8452,1,positive
mtfromcc.bsky.social,-0.41355,2,negative
mtlgazette.bsky.social,-0.0258,2,neutral
mttyc.bsky.social,0.0,1,neutral
muchogatos.bsky.social,0.0,1,neutral
muddycubed.bsky.social,0.0,1,neutral
muellershewrote.com,0.1027,1,positive
muggly.bsky.social,0.0,2,neutral
mulish.bsky.social,-0.1027,1,negative
multiverseandy.bsky.social,0.0,1,neutral
mumbojimbo.bsky.social,0.2617,1,positive
munchflower.bsky.social,0.0,1,neutral
mungonna8.bsky.social,0.28676666666666667,3,positive
muppetbaby68.bsky.social,0.4019,1,positive
muralgoblin.bsky.social,0.0772,1,positive
murkishate4rele.bsky.social,-0.4939,1,negative
murmalerm.bsky.social,0.0,1,neutral
murmorana.bsky.social,0.4927,1,positive
murray.senate.gov,0.3182,1,positive
murshedz.bsky.social,0.3612,1,positive
murtoz.bsky.social,-0.5719,1,negative
museumofscience.bsky.social,-0.5655,3,negative
mushotoku.org,0.5154666666666666,3,positive
musicmike39.bsky.social,-0.0685,2,positive
musictplove.bsky.social,0.4389,1,positive
muskraker.bsky.social,0.0,1,neutral
mustangrick.bsky.social,-0.2263,1,negative
mute-speaker.bsky.social,0.3182,1,positive
mvbrat10.bsky.social,0.1934,1,positive
mvonehr.bsky.social,0.2869,1,positive
mwbru.bsky.social,-0.1165,2,negative
mwcpodcast.bsky.social,0.3612,1,positive
mwoodpen.bsky.social,0.3365,1,positive
mwritergirl.bsky.social,-0.7947,1,negative
mwstephens.bsky.social,-0.25,1,negative
mx0x20wednesday.bsky.social,0.0,1,neutral
mxburbank.bsky.social,-0.3195,1,negative
mxcassierobinson.bsky.social,-0.7615,1,negative
mxfctr.bsky.social,-0.5106,1,negative
mxmnmau.bsky.social,0.7066,1,positive
my2cnz.bsky.social,0.0,1,neutral
myaidog.bsky.social,0.7992,1,positive
mybumper.bsky.social,-0.477,2,negative
mycams.eurosky.social,0.0,1,neutral
myedison.bsky.social,-0.34,1,negative
myfathersdaughter2.bsky.social,0.68515,2,positive
myfathersson32.bsky.social,-0.4201,1,negative
mymodellingphotos.bsky.social,0.8338,1,positive
mymystery.bsky.social,-0.6808,1,negative
mypearls75.bsky.social,0.6597,1,positive
myralevysf.bsky.social,0.4404,1,positive
myreen.bsky.social,0.5267,1,positive
myrna-lee-59.bsky.social,0.0,1,neutral
mystiansky.bsky.social,0.09,1,positive
mysticquilts.bsky.social,0.0,1,neutral
mysticrhythms87.bsky.social,-0.8834,1,negative
myvillanera.bsky.social,0.0,1,neutral
nachyocheese.bsky.social,0.0715777777777778,9,neutral
nacrespirale.cpesr.fr,0.0,1,neutral
nadaclu.bsky.social,0.4404,1,positive
nadiabr.bsky.social,-0.9133,1,negative
nadjalind.bsky.social,-0.08895000000000003,2,positive
nagashisho27.bsky.social,-0.9136,1,negative
naggingcoronet.bsky.social,-0.7913,2,negative
nailbomb3.bsky.social,0.2831333333333333,3,positive
nailclipping.bsky.social,0.4588,1,positive
naldrichsibley2.bsky.social,0.0,1,neutral
namastelamb.bsky.social,0.685,1,positive
nametoolong.bsky.social,-0.11982499999999999,4,positive
nanakim.bsky.social,0.1806,2,neutral
nanalurocks.bsky.social,0.6695,1,positive
nananancy.bsky.social,0.0,1,neutral
nancyannn.bsky.social,0.0520125,8,positive
nancymaine24.bsky.social,0.6808,1,positive
nancyspantsbelt.bsky.social,-0.4939,1,negative
nanocyborgasm.bsky.social,0.3612,1,positive
naoagw.bsky.social,-0.6595,1,negative
naomhkilda.bsky.social,0.14875,2,neutral
napagirl65.bsky.social,0.4902,1,positive
napalmnacey.bsky.social,-0.23835,2,negative
narzoth.bsky.social,0.0258,1,neutral
nashishereforit.bsky.social,-0.4023,1,negative
natalee53.bsky.social,0.765,1,positive
nataliek.bsky.social,-0.27752,5,negative
natedorsey60l.bsky.social,0.9134,1,positive
nateparkinson.bsky.social,-0.12535999999999997,5,positive
natezb.bsky.social,0.6435,1,positive
nathan-c.bsky.social,0.1862,1,positive
nathanielshawn.bsky.social,-0.4215,1,negative
nathanrmcgrew.bsky.social,0.0,2,neutral
nationaleers.bsky.social,-0.5719,1,negative
nativeson13.bsky.social,0.0,2,neutral
nativetexan4.bsky.social,0.0,1,neutral
nato-enthusiast.bsky.social,0.6597,1,positive
naturalwanderer.bsky.social,0.0,1,neutral
nature.com,-0.40149999999999997,4,negative
nauga54.bsky.social,0.0,1,neutral
navikater.bsky.social,0.0,1,neutral
navinpokala.bsky.social,0.23195000000000002,2,positive
nazgulhead.bsky.social,0.0,1,neutral
nbcnews.com,-0.3781111111111111,9,negative
nbcwashington.com,-0.05135,2,neutral
nbdyimpt.bsky.social,-0.23754999999999998,2,negative
nbrockmann.bsky.social,0.8807,1,positive
ncbears.bsky.social,-0.0031,1,neutral
ncjen.bsky.social,0.3715,2,neutral
ncmc1994.bsky.social,0.0,1,neutral
ncpix2009.bsky.social,0.0,1,neutral
nctwadumela.bsky.social,0.14586666666666667,3,neutral
nczeitgeist.bsky.social,0.6369,1,positive
ndrichter.bsky.social,0.0,1,neutral
nealfinne.bsky.social,0.06879999999999999,6,positive
nealh80.bsky.social,-0.29295,2,negative
necklacesandwich.bsky.social,0.0,1,neutral
necromaunzer.bsky.social,0.4767,1,positive
nedgilmore.bsky.social,0.8271,1,positive
need9lives.bsky.social,-0.4939,1,negative
neglectsound.bsky.social,0.148375,4,neutral
neighborscott.bsky.social,0.765,1,positive
neilcook15.bsky.social,-0.5423,1,negative
neiot.bsky.social,0.02784000000000001,5,neutral
nejm.org,0.0,1,neutral
nemo616.bsky.social,0.0,1,neutral
nenad73.bsky.social,0.0,1,neutral
neolithicsheep.bsky.social,0.17552666666666666,15,positive
neonne.bsky.social,-0.7964,1,negative
neophytecatomn.bsky.social,0.0,1,neutral
neptunelover.bsky.social,-0.1779,1,negative
neptunethedog.bsky.social,0.0,1,neutral
neptuniandemocracy.bsky.social,0.0,1,neutral
nerdyleatherworker.bsky.social,0.0,1,neutral
nessaann.bsky.social,-0.25,1,negative
nessagray.bsky.social,0.19369999999999998,4,negative
netalexx.bsky.social,0.0,1,neutral
netfortius.bsky.social,-0.8313,1,negative
netmojo.ca,-0.3818,1,negative
neurodevkathy.bsky.social,0.8065,1,positive
neuronniekay.bsky.social,0.3856,3,positive
nevernyx.bsky.social,-0.5615,1,negative
nevertrumper2012.bsky.social,-0.9448,1,negative
newblue25.bsky.social,0.044266666666666656,3,positive
newdealer.bsky.social,0.0,1,neutral
newgeoffrey.bsky.social,-0.296,1,negative
newgranarchist.bsky.social,0.0,1,neutral
newnarrative.bsky.social,0.17,2,neutral
newnavigate.bsky.social,0.0,1,neutral
news.rte.ie,-0.022949999999999998,4,positive
news.sky.com,-0.15293333333333334,3,neutral
newsanalysis.com,0.0768,3,positive
newscientist.com,-0.743,1,negative
newsfromtheleft.bsky.social,0.0,1,neutral
newsguard.bsky.social,0.0,1,neutral
newsguy.bsky.social,0.02143333333333332,3,negative
newslit.org,-0.7213,1,negative
newsound.bsky.social,0.2553,2,neutral
newsramp.com,-0.7118,1,negative
newsthump.com,0.2287,2,neutral
newswithpat.bsky.social,0.0,1,neutral
newtown83.bsky.social,0.0,1,neutral
newworldodor.bsky.social,0.0,1,neutral
newyorker.com,-0.3182,1,negative
newyorkshitty.bsky.social,0.0,2,neutral
nexjql.bsky.social,0.5411,1,positive
nfredp.bsky.social,0.0,1,neutral
ng1978.bsky.social,0.0,3,neutral
niais.bsky.social,-0.8156,1,negative
nialldeacon.com,-0.10915,2,neutral
nibberdoo.bsky.social,0.0,1,neutral
nic348.bsky.social,0.0,1,neutral
nick-73.bsky.social,-0.5106,1,negative
nick-pettigrew.bsky.social,-0.6705,1,negative
nick.ceo,0.4215,1,positive
nickalps.bsky.social,0.0,1,neutral
nickcomino.bsky.social,0.0,1,neutral
nickdemark.bsky.social,0.4019,1,positive
nickjbrumfield.bsky.social,0.4404,1,positive
nickkatz.bsky.social,0.0,1,neutral
nickonicki.bsky.social,-0.3182,1,negative
nicksomethinggreek.bsky.social,0.0,1,neutral
nickturse.bsky.social,0.0,1,neutral
nicky.wiki,0.7964,1,positive
nickywoolf.bsky.social,0.0772,1,positive
nicolamlow.bsky.social,0.20095,2,neutral
nicolemarie.bsky.social,0.3182,1,positive
nicoleminet.bsky.social,0.3612,1,positive
nidula.bsky.social,0.017566666666666692,3,negative
niftymitch.bsky.social,-0.006933333333333347,3,positive
nigelcallaghan.bsky.social,0.2377,2,positive
nigelwhitfield.uk,0.0,1,neutral
night911ca.bsky.social,-0.7819,2,negative
nightbiker58.bsky.social,0.4881,1,positive
nightfallgemini.bsky.social,-0.5994,1,negative
nigihaya.bsky.social,0.0,2,neutral
nik-l.bsky.social,0.0,1,neutral
nik-ster.bsky.social,-0.5994,1,negative
nikkijaussie.bsky.social,0.0,1,neutral
nikkiuk.bsky.social,-0.19965,2,negative
nilskumkar.bsky.social,0.0,1,neutral
nimblenewt.bsky.social,0.3182,1,positive
nimmo1492.bsky.social,-0.5267,1,negative
nimueniem.bsky.social,0.4404,1,positive
ninalottanumbers.bsky.social,0.20685,2,positive
ninjafrog.bsky.social,0.25,1,positive
ninjamonkky.bsky.social,0.0,1,neutral
nintendopro03.bsky.social,0.35365,2,positive
niq.aeli.net,0.05453333333333335,3,positive
nisreenalwan.bsky.social,-0.19515000000000002,2,negative
nite-owl.bsky.social,-0.4019,1,negative
nj-turtle.bsky.social,-0.7712,1,negative
njbbari3.bsky.social,0.11537560975609756,41,positive
njm4.bsky.social,0.0,1,neutral
nkinneweng.bsky.social,-0.276,1,negative
nlh2.bsky.social,0.4299,1,positive
nmcclernan.bsky.social,-0.13834999999999997,2,positive
nmfr.bsky.social,0.0,1,neutral
nmm7.bsky.social,-0.3182,1,negative
nmmtns.bsky.social,0.296,1,positive
no-thank-u.bsky.social,0.14927142857142855,7,positive
no1011.bsky.social,0.0,1,neutral
no1raddad.bsky.social,-0.5574,1,negative
noahs-arc0602.bsky.social,0.04192,5,positive
nobodyabovethelaw.bsky.social,0.1027,1,positive
nobodys-darling.bsky.social,0.0,1,neutral
noctilucence1.bsky.social,0.2023,1,positive
nodanaonlyjules.bsky.social,0.4215,1,positive
nodpisigma.bsky.social,0.6249,1,positive
noelf79.bsky.social,-0.25756666666666667,3,negative
nofascistforum.bsky.social,0.0,1,neutral
noflexalllex.bsky.social,0.25,1,positive
nogoodatthis.bsky.social,-0.128,1,negative
noiseysprite.bsky.social,-0.29995,2,negative
nojiveturkey.bsky.social,0.3612,1,positive
nokiaclown.bsky.social,-0.6771,2,negative
nomadicbelle.bsky.social,-0.23835,2,neutral
nomeka.bsky.social,0.5905,2,positive
nometahere.bsky.social,0.3919,1,positive
nomoreguff.bsky.social,-0.4939,1,negative
nomoretrolls.bsky.social,0.6369,1,positive
nonessentialworker.bsky.social,0.0,1,neutral
nonnaknows.bsky.social,-0.8844,1,negative
nonnarama.bsky.social,0.7068,2,positive
nonnieida.bsky.social,0.4215,1,positive
nonosguy.bsky.social,0.3818,1,positive
noorlovelace.bsky.social,-0.5106,1,negative
nora.zone,-0.4767,1,negative
noradical.bsky.social,0.8591,1,positive
norapaterson.bsky.social,-0.33695,2,negative
normalcitizenvt.bsky.social,0.3182,1,positive
normalleigh53.bsky.social,-0.15445,2,negative
normcharlatan.bsky.social,-0.12387500000000001,4,negative
normp.bsky.social,0.6407,1,positive
norsetom.bsky.social,0.0,1,neutral
northbayted.bsky.social,-0.6597,1,negative
northern-man.bsky.social,0.0,1,neutral
northernpoppet.bsky.social,0.6901,1,positive
northernrainforest.bsky.social,0.0,1,neutral
northernrednekk.bsky.social,-0.01815,2,positive
northernsnowdog.bsky.social,0.0,1,neutral
northjules.bsky.social,0.3182,1,positive
northwestbylines.co.uk,0.4939,1,positive
nortygirl.bsky.social,0.21075,2,neutral
nosleepnseattle.bsky.social,0.0,1,neutral
nostromojones.bsky.social,0.7003,1,positive
not-a-handmaid.bsky.social,-0.25285,2,positive
nota-bot.bsky.social,0.0,1,neutral
notafanoftrump.bsky.social,0.03593333333333332,3,positive
notamateurhour.bsky.social,-0.431,1,negative
notaproblem91.bsky.social,-0.4404,1,negative
notcrazyintexas.bsky.social,0.0,1,neutral
notdawnie.bsky.social,0.0,1,neutral
notdred.bsky.social,0.07655,2,positive
notelkz.net,0.2553,2,neutral
nothoted.bsky.social,0.3382,1,positive
noticky.bsky.social,0.029299999999999993,2,negative
notidefix.bsky.social,0.0,1,neutral
notimetowaste.bsky.social,-0.5569500000000001,2,negative
notinvented.bsky.social,-0.7059,1,negative
notjustdna.bsky.social,0.2161,7,positive
notkaspeck.bsky.social,0.1531,1,positive
notlikewe.bsky.social,-0.5267,1,negative
notmydeath.bsky.social,0.4939,1,positive
notmymonkeymon.bsky.social,0.34001111111111115,9,positive
notnikii.bsky.social,0.7896,1,positive
notputin.bsky.social,-0.296,1,negative
notrebecca.bsky.social,-0.28563333333333335,3,negative
nottodayfatsatan.bsky.social,0.0,1,neutral
notus.com,-0.296,1,negative
notyournegro.blacksky.app,0.0,1,neutral
nouveaux-horizons.bsky.social,-0.4767,1,negative
novapsyche444.bsky.social,0.100475,4,neutral
novasolis.bsky.social,0.4939,1,positive
novi-6.bsky.social,0.0,1,neutral
nowherefromgirl.bsky.social,-0.1779,1,negative
nowtense.bsky.social,0.0,1,neutral
noyou.bsky.social,0.0,1,neutral
npr.org,-0.21738333333333335,6,neutral
nryangauthor.bsky.social,-0.7964,1,negative
nsightful.bsky.social,0.0,1,neutral
nstenhouse.bsky.social,-0.4393,2,negative
nuclearanthro.bsky.social,-0.3243,4,negative
nudsy.bsky.social,0.0,1,neutral
numabiena.bsky.social,-0.4005,1,negative
numb.comfortab.ly,0.0,2,neutral
numberoneashe.bsky.social,-0.1007,1,negative
nunesgoat.bsky.social,-0.21614999999999998,2,negative
nuniabizznezz.bsky.social,-0.7351,1,negative
nurse-nomad.bsky.social,0.6032,1,positive
nurseforlife.bsky.social,0.0,1,neutral
nursegenius1019.bsky.social,0.0975,4,positive
nursejill66.bsky.social,0.0,1,neutral
nutsandgum.bsky.social,-0.45055,2,negative
nutsandhappy.bsky.social,-0.7692,1,negative
nutshellgulag.bsky.social,0.2732,1,positive
nvpoole.bsky.social,-0.5106,1,negative
nwc.one,-0.6917,1,negative
nwinsborough.bsky.social,0.5514,1,positive
ny-news.bsky.social,0.0,1,neutral
nycgeo.bsky.social,0.0,1,neutral
nycsteeler.bsky.social,0.0,1,neutral
nydeliveryguy.bsky.social,-0.34,1,negative
nydoc.bsky.social,-0.7901,1,negative
nyetalia.bsky.social,-0.25805,2,negative
nytimes.com,-0.08762777777777779,18,negative
nytopinion.nytimes.com,-0.802,1,negative
nytpitchbot.bsky.social,0.7906,1,positive
nytupelo7.bsky.social,0.7139,1,positive
nywonk.bsky.social,-0.5719,1,negative
ob1rebel.bsky.social,-0.29415,2,neutral
obearwan-kenobi.bsky.social,-0.2504,6,negative
obg99.bsky.social,0.0,1,neutral
object.works,0.0,1,neutral
oblomova.bsky.social,-0.2787,2,negative
observablereality.bsky.social,-0.1779,1,negative
observer-de.bsky.social,0.0,1,neutral
observer-effect.bsky.social,0.6369,1,positive
observingangel.bsky.social,0.8126,1,positive
obsidianguillotine.bsky.social,-0.7574,1,negative
obv8.bsky.social,-0.7845,1,negative
ocanannain.bsky.social,-0.5267,1,negative
ocasapiens.bsky.social,-0.11405,2,neutral
occupyaustralia.bsky.social,-0.2617,1,negative
occupyshasta.bsky.social,0.7867,1,positive
ocicatsnowleopard.bsky.social,0.2039,4,positive
ockinger.bsky.social,0.007177777777777771,9,positive
oclan.bsky.social,0.0,1,neutral
oclsc.bsky.social,-0.5106,1,negative
octavius32.bsky.social,0.4574,1,positive
octobermystic.bsky.social,-0.38894999999999996,2,negative
odaat2005.bsky.social,0.8777,1,positive
oden-gjallarhornet.bsky.social,-0.07543333333333331,3,negative
odocoileus.bsky.social,0.4215,1,positive
odysseus93.bsky.social,0.2075,1,positive
off-dutch.bsky.social,0.0,2,neutral
officialrodneyk.bsky.social,-0.5574,1,negative
offlately2.bsky.social,-0.26496666666666663,3,negative
ogfattcatt.bsky.social,-0.4767,1,negative
ogfrenchy.bsky.social,0.0,1,neutral
oggie.bsky.social,0.0772,1,positive
ogmcduck.bsky.social,0.0,1,neutral
ognimthegreat.bsky.social,0.0,1,neutral
ogredragon.bsky.social,-0.1909,2,neutral
oh-that-karen-f.bsky.social,-0.7717,1,negative
oh.heyw.tf,-0.6808,1,negative
ohgoditsneph.bsky.social,0.0516,1,positive
ohhellnocanada.bsky.social,-0.4811,2,negative
ohiosundevil.bsky.social,0.0772,1,positive
ohmbudsman.com,-0.2263,1,negative
ohpipedown.bsky.social,0.0,1,neutral
oilgaschemicals.bsky.social,-0.05887500000000001,4,negative
oiltrashscot.bsky.social,-0.296,1,negative
okay7.bsky.social,-0.5106,1,negative
okaynova.bsky.social,0.0,1,neutral
okcbluedot.bsky.social,-0.0772,1,negative
okieatty.bsky.social,0.0,1,neutral
okitwas.bsky.social,0.0,1,neutral
oklahomacowboy.bsky.social,0.6369,1,positive
oksadsack1944.bsky.social,-0.1779,1,negative
old-traveller.bsky.social,0.6124,1,positive
oldandmoldier.bsky.social,-0.6486,1,negative
oldchickopinions.bsky.social,-0.85595,2,negative
oldehippi.bsky.social,0.0,1,neutral
oldenaturalist.bsky.social,-0.005081818181818177,11,negative
oldguywithdogs.bsky.social,-0.4404,1,negative
oldhoundderby.bsky.social,-0.5423,1,negative
oldjedimaster.bsky.social,0.48785,2,positive
oldmanjim77.bsky.social,0.3412,1,positive
oldpappythomas.bsky.social,0.0,2,neutral
oldpostie.bsky.social,-0.1759,1,negative
oldsdedalus.bsky.social,-0.128,1,negative
oldstoney1957.bsky.social,0.0,1,neutral
olduncledave.bsky.social,0.0258,1,neutral
oldyvette.bsky.social,0.32445,2,positive
oledanielson.bsky.social,-0.4023,1,negative
oleichristensen.eurosky.social,0.0,1,neutral
olenargy.bsky.social,-0.6908,1,negative
olepal.bsky.social,0.3307,1,positive
oliviagoddess.bsky.social,0.4847333333333333,3,positive
oliviawaite.com,0.7893,1,positive
oltmannd.bsky.social,0.0,1,neutral
olym1976.bsky.social,-0.1027,1,negative
olympiadonna.bsky.social,0.0,1,neutral
omahas.bsky.social,-0.7912,1,negative
omendreamer.bsky.social,-0.3089,1,negative
omfproductions.bsky.social,0.3182,1,positive
onbehalfofhefool.bsky.social,0.0,2,neutral
onbetamelijkevrouw.bsky.social,0.0,1,neutral
one-eyedlibrarian.bsky.social,-0.8271,1,negative
one-ill.bsky.social,-0.0258,1,neutral
onecaliberal.bsky.social,-0.17864545454545455,11,negative
onedandelion.bsky.social,-0.5267,1,negative
onedaysomeday.bsky.social,0.0,1,neutral
onedogsopinion.bsky.social,-0.12405,2,neutral
oneeyeonthereich.bsky.social,-0.6442666666666667,3,negative
onegrenouille.bsky.social,0.26348000000000005,5,positive
onegrenouille.myatproto.social,-0.30116666666666664,3,negative
oneiroi22.bsky.social,-0.6114,1,negative
onelane.org,0.0,1,neutral
oneofthegoodpauls.bsky.social,-0.0572,1,negative
onesharpknife.bsky.social,0.743,1,positive
onestpress.onestnetwork.com,-0.11717272727272726,11,neutral
onetinsoldier61.bsky.social,0.4939,1,positive
onetiredlady.bsky.social,0.3612,1,positive
oneveteransoath.bsky.social,0.4404,1,positive
onewhitelight.bsky.social,0.3804,1,positive
onewhoknows2.bsky.social,-0.4023,1,negative
onewillfall.bsky.social,-0.4086,1,negative
onewordlong.bsky.social,0.0,1,neutral
onitetsuo.bsky.social,0.0,1,neutral
onlyfunnybusiness.bsky.social,-0.23835,2,neutral
ononokomachi1.bsky.social,-0.18984444444444443,9,negative
onthistangent.eurosky.social,0.32863333333333333,3,positive
ontine.bsky.social,0.7579,1,positive
oolong2025.bsky.social,0.4404,1,positive
opaleidolon.bsky.social,-0.15522,5,negative
opalescentopal.bsky.social,-0.6249,1,negative
opb.org,-0.8481,1,negative
openerv.bsky.social,-0.7935,1,negative
oplopanax.ca,-0.34935,2,positive
opmat.bsky.social,0.0,1,neutral
opposition-soldier.bsky.social,0.0,1,neutral
opposition22.bsky.social,-0.6114,1,negative
ops4life.bsky.social,-0.04012500000000002,4,negative
oraclesoul.bsky.social,-0.6705,1,negative
oracularhades.com,0.0,1,neutral
oracy.bsky.social,-0.2787,2,neutral
orangedeflector.bsky.social,0.0,2,neutral
orangeplus.bsky.social,0.3818,1,positive
orangepuffs.bsky.social,0.6249,1,positive
orbitron81.bsky.social,0.3291,1,positive
orchid-pixie.bsky.social,0.0,1,neutral
orchidlover.bsky.social,0.0,1,neutral
oregonian.com,0.3953,2,neutral
orhusby.bsky.social,0.0,1,neutral
originalzuzu.bsky.social,0.3612,1,positive
originofsymmetry.bsky.social,-0.765,1,negative
origrcmtns.bsky.social,0.2304,4,positive
origwolfepack.bsky.social,0.6269,1,positive
orlabarry.bsky.social,0.0,1,neutral
orlamccool.bsky.social,-0.8555,1,negative
orlanmay.bsky.social,0.7087,1,positive
ornithologistgames.bsky.social,-0.5859,1,negative
orphanannie1958.bsky.social,0.29390000000000005,2,positive
osbeachwalker.bsky.social,-0.28775,2,negative
oscar-lucinda.bsky.social,-0.6249,1,negative
oscuro-nube.bsky.social,0.1706,2,neutral
osintradar.bsky.social,-0.24695,2,neutral
oskyfact.bsky.social,-0.4019,1,negative
oso-peligroso.bsky.social,0.0,2,neutral
oswaldphaygood.bsky.social,-0.5423,1,negative
otismax11.bsky.social,0.0,1,neutral
otlee.bsky.social,0.5994,1,positive
otrodia.bsky.social,-0.3062,2,negative
otrosdias.bsky.social,-0.05095,14,neutral
otterhat.bsky.social,0.1531,1,positive
ottocr.at,-0.14060000000000003,2,positive
ottokt.bsky.social,-0.2787,2,neutral
ouijoy.bsky.social,-0.5106,1,negative
ouinne.bsky.social,0.39546666666666663,3,positive
ouisiem.bsky.social,0.296,1,positive
ouizyinvt.bsky.social,0.0,1,neutral
ourflagmeansbeth.bsky.social,-0.03979999999999998,3,negative
outinmyshop.bsky.social,0.0065333333333333354,3,neutral
outofcontent.bsky.social,0.2944,1,positive
outrider1.bsky.social,-0.38285,2,negative
ouzelum-bird.bsky.social,0.6623,1,positive
overdone.bsky.social,0.0,1,neutral
overit22.bsky.social,0.0,1,neutral
overthebs.bsky.social,-0.32745,2,negative
ovoid.bsky.social,0.296,1,positive
owallstromer.bsky.social,-0.8385,2,negative
owillis.bsky.social,0.13413999999999998,5,positive
oxcub311.bsky.social,-0.28535,2,neutral
oyasin.bsky.social,0.1695,1,positive
ozaukeedemocrats.bsky.social,-0.7162,1,negative
ozhole.bsky.social,0.0,1,neutral
ozkhowlng.bsky.social,-0.028900000000000006,6,negative
p1dg1n.bsky.social,-0.3818,1,negative
p2start.bsky.social,-0.0772,1,negative
p3nny.bsky.social,-0.08895,2,neutral
pacamp.bsky.social,0.5411,1,positive
pacificbeachgal.bsky.social,-0.0772,1,negative
paddlingphotog.bsky.social,0.1139,1,positive
padreilpadrone.bsky.social,-0.886,1,negative
pageafterpagelife.bsky.social,-0.25,1,negative
paintedsky.ca,-0.128,1,negative
paisleynclouds.bsky.social,-0.5719,1,negative
paisliegiraffe.bsky.social,0.14985,2,negative
paleofuture.bsky.social,0.0258,1,neutral
pallelli.bsky.social,0.0,3,neutral
palmadadatteri.bsky.social,-0.796,1,negative
palmspringscalvin.bsky.social,0.0,1,neutral
pamacious.bsky.social,0.3133714285714286,7,positive
pamc84.bsky.social,-0.4516,2,negative
pammork.bsky.social,0.1134,1,positive
pamnashes.bsky.social,0.5709,1,positive
pamwickham.bsky.social,0.0,1,neutral
panaccindex.bsky.social,0.39596,5,positive
pancakesnbcn.bsky.social,0.0,1,neutral
pandawithav.bsky.social,-0.42435,2,neutral
pandemiccenter.bsky.social,-0.30555,2,neutral
panicatnabisco.bsky.social,0.0,1,neutral
pantsawe.borasky.com,-0.32553333333333334,3,negative
papachile.bsky.social,0.2732,1,positive
papaesoco.bsky.social,-0.34,1,negative
paperammunition.com,0.2023,1,positive
papootx.bsky.social,0.4404,1,positive
paradiddletriplets.bsky.social,-0.1531,1,negative
paradox-a.bsky.social,-0.128,1,negative
paraguaijin.bsky.social,0.64515,2,positive
parakeet.work,0.0386,2,positive
paranoia123.bsky.social,-0.6249,1,negative
parisdaguerre.bsky.social,0.7717,1,positive
parkpennington.bsky.social,0.0,1,neutral
parrow-ham.bsky.social,0.92,1,positive
partyglouberman.bsky.social,0.3875,1,positive
passem.bsky.social,-0.23185,2,negative
passionpants.bsky.social,0.0,1,neutral
pastapete.bsky.social,0.9538,1,positive
pastapilled.myatproto.social,-0.6711,1,negative
pasteldreamer.bsky.social,0.8602,1,positive
pastelponylady.bsky.social,0.1531,1,positive
pastybot.bsky.social,0.2732,1,positive
paswissa.bsky.social,-0.6597,1,negative
pat-cindy.bsky.social,-0.4716,2,negative
pat-snyder.bsky.social,0.2396,1,positive
patchworkmouse.bsky.social,0.0,1,neutral
patham21.bsky.social,-0.4767,1,negative
pathogenomenick.bsky.social,0.11315,2,positive
pathoplexus.org,0.6705,1,positive
patiencespade.bsky.social,-0.2183,1,negative
patientmakt.bsky.social,0.42115,2,positive
patigallardo.bsky.social,0.743,1,positive
patmelo.bsky.social,-0.0258,1,neutral
patmfitz.bsky.social,0.63,1,positive
patmorr.bsky.social,0.0,2,neutral
patpouncey.bsky.social,-0.4939,1,negative
patriciaabm.bsky.social,0.34,1,positive
patriciaanne.bsky.social,0.4215,1,positive
patricjreynolds.bsky.social,0.4939,1,positive
patrick6669.bsky.social,0.296,1,positive
patrickcan1.bsky.social,-0.4404,1,negative
patrickcanning.bsky.social,-0.2755,1,negative
patrickd314.bsky.social,-0.07655,2,negative
patrickdevaney.bsky.social,0.4019,1,positive
patrickdotweb.bsky.social,-0.3182,1,negative
patrickkoppes.bsky.social,0.0,1,neutral
patricklancaster.bsky.social,0.0,1,neutral
patrickndg.bsky.social,0.6784,1,positive
patrickneithard.bsky.social,0.0,1,neutral
patronvet81.bsky.social,0.4404,1,positive
patsox23.bsky.social,0.1604,1,positive
patter.bsky.social,0.6369,1,positive
patti3333.bsky.social,-0.4215,1,negative
patticake3.bsky.social,-0.7332,1,negative
pattyanne49.bsky.social,-0.25439999999999996,2,negative
pattyharbison.bsky.social,0.0701,1,positive
pattytrelles.bsky.social,0.0,1,neutral
paul-in-ottawa.bsky.social,0.836,1,positive
paul-paulie-pb.bsky.social,-0.0772,1,negative
paul.ofthenorth.ca,0.5574,1,positive
paulapooh.bsky.social,-0.296,1,negative
paulblinkhorn.bsky.social,0.0,1,neutral
paulcallahanmv.bsky.social,0.8166,1,positive
pauleichhorn.bsky.social,0.4168,1,positive
paulframe85.bsky.social,0.47685,2,positive
paulgus.bsky.social,0.0,1,neutral
paulhosking.bsky.social,0.0763,1,positive
paullander.bsky.social,0.296,1,positive
paulobro.bsky.social,0.0,1,neutral
paulr78.bsky.social,0.3612,1,positive
paulrevere2.bsky.social,0.30595,2,positive
paulrhodes.bsky.social,0.4019,1,positive
paulsandars.bsky.social,0.0772,1,positive
pault00.bsky.social,-0.08440000000000003,2,negative
paulvandermeer.bsky.social,0.5574,1,positive
paulyd25.bsky.social,0.7506,1,positive
pavsmith.bsky.social,-0.2732,1,negative
paws4justice.bsky.social,0.0772,1,positive
paytmitch.bsky.social,-0.6671,1,negative
pb2436.bsky.social,0.0,1,neutral
pbinct.bsky.social,0.0,1,neutral
pbnc.bsky.social,-0.6705,1,negative
pbnewman.bsky.social,0.4939,1,positive
pbnurj.bsky.social,-0.3612,1,negative
pbpencraft.bsky.social,-0.5118,1,negative
pbsnews.org,-0.10078000000000001,10,neutral
pcccar.bsky.social,-0.8074,1,negative
pcollirigger.bsky.social,-0.18043333333333333,3,neutral
pcoop1960.bsky.social,0.06785000000000002,2,negative
pdutill.bsky.social,0.07994999999999997,2,negative
pdwschmidt.bsky.social,0.3182,1,positive
peaceflowerusa.bsky.social,-0.2732,1,negative
peacehopeubuntu.bsky.social,0.0,1,neutral
peaceloveandcats.bsky.social,0.4929,1,positive
peacerosetj.bsky.social,-0.6002,1,negative
pearlfuhr.bsky.social,0.0,1,neutral
pebblesnbambam.bsky.social,0.0,1,neutral
peckhamdog.bsky.social,-0.6275,1,negative
peculiarsusan.bsky.social,0.3182,1,positive
pecunium.bsky.social,-0.2838,3,neutral
pedalbackwards67.bsky.social,0.0,1,neutral
pedde.bsky.social,-0.2023,1,negative
pedidoc13.bsky.social,0.0,1,neutral
pedinska.bsky.social,0.30004,5,positive
pednpsy.bsky.social,0.0,1,neutral
pedsaly.bsky.social,0.0,1,neutral
peg7.bsky.social,-0.4939,1,negative
pegdeg.bsky.social,0.2202,2,neutral
peggystuart.bsky.social,0.0,1,neutral
pegofnevada.bsky.social,0.45175,2,positive
pegrr.bsky.social,-0.4678,1,negative
peiferlabunc.bsky.social,-0.372575,4,negative
pell.portland.or.us,0.0,1,neutral
pembaucador.bsky.social,0.6322,1,positive
penbird42.bsky.social,0.5267,1,positive
penbucket.bsky.social,0.5975,1,positive
penelopejmorrow.bsky.social,-0.516,1,negative
penguinsentinel.bsky.social,0.6036,1,positive
pennylaneheart317.bsky.social,0.6124,1,positive
pennypebs.bsky.social,-0.24896666666666667,3,neutral
peopledied2vote.bsky.social,0.0,1,neutral
peoplehavethepower.bsky.social,0.7378,1,positive
peoriabummer.bsky.social,-0.296,1,negative
peppermintjack.bsky.social,0.1591,2,positive
pepperqi.bsky.social,-0.5911500000000001,2,negative
pepsodent.bsky.social,0.3818,1,positive
perchesinthesoul.bsky.social,-0.4404,1,negative
perfectpour.bsky.social,0.1779,1,positive
perfectrose2024.bsky.social,-0.1590529411764706,17,negative
perksnl.bsky.social,0.2591,1,positive
persist-and-resist.bsky.social,0.010000000000000002,2,positive
pete-17.bsky.social,-0.4479,1,negative
peteferg.bsky.social,-0.1779,1,negative
petefowler.bsky.social,0.76955,2,positive
petegrif.bsky.social,0.0742,1,positive
petekeg-sbreath.bsky.social,0.0,1,neutral
peteralee.bsky.social,-0.0418,1,neutral
peterchristianhall.bsky.social,-0.4767,1,negative
peterhotezmdphd.bsky.social,0.296,1,positive
peterlucier.bsky.social,-0.6486,1,negative
peterrabbitt.bsky.social,0.0,1,neutral
petersealy.bsky.social,-0.7712,1,negative
peterswimm.com,0.0,1,neutral
peterthebaffled.bsky.social,-0.4767,1,negative
petethefeet65.bsky.social,-0.8207,1,negative
petisia.bsky.social,-0.296,1,negative
petitdictionnaire.bsky.social,-0.0301,2,negative
petitfeu.bsky.social,0.0,1,neutral
petitwallaby.bsky.social,0.09584999999999999,2,negative
petrachor.bsky.social,-0.7383,2,negative
petrarca.bsky.social,-0.1386,1,negative
petrishriekandgo.bsky.social,0.6369,1,positive
petruscrinitus.bsky.social,0.0,1,neutral
petsi.bsky.social,0.0644,1,positive
peyre.bsky.social,0.0386,2,neutral
pfiore8.bsky.social,-0.08420000000000001,7,negative
pfish.zone,0.4927,1,positive
pfroe.bsky.social,0.2732,1,positive
pghdlo.bsky.social,0.0,1,neutral
pghlifelonglearner.bsky.social,-0.1779,1,negative
pguist.bsky.social,-0.5423,1,negative
pharmboy81.bsky.social,0.0258,1,neutral
phealthy.bsky.social,0.24605,2,neutral
phetch.bsky.social,-0.337,2,negative
phgoldstein.bsky.social,0.4019,1,positive
phil-hoosierfan.bsky.social,0.0,1,neutral
philip-mach.bsky.social,-0.2665,1,negative
philipcball.bsky.social,-0.3182,1,negative
philipfrankenfeld.bsky.social,-0.743,1,negative
phillewis.bsky.social,0.0,1,neutral
philliefan99.bsky.social,-0.1779,1,negative
phillip-rees.bsky.social,0.2023,1,positive
phillycheryl.bsky.social,-0.25,1,negative
philosophygirl.bsky.social,-0.2484,1,negative
philthebrit.bsky.social,0.0,1,neutral
phlebas.bsky.social,0.0,1,neutral
phoenixg75.bsky.social,0.5049,2,positive
phonakins.com,0.0644,1,positive
photokathlake.bsky.social,0.0,1,neutral
photoman1.bsky.social,-0.33165,2,negative
phranklindb.bsky.social,0.0,1,neutral
phsometimes.bsky.social,-0.12313333333333332,6,negative
phucdontrump.bsky.social,-0.7256,1,negative
phuckculture.bsky.social,0.2625,1,positive
phyllishistorian.bsky.social,-0.3818,1,negative
physiciandemocracy.medsky.social,0.0,2,neutral
physicsmatt.bsky.social,0.5106,1,positive
pianodancerina.bsky.social,-0.7336,1,negative
picardonhealth.bsky.social,-0.5240750000000001,4,negative
pickledbeez.bsky.social,0.5256,1,positive
picklesofthecanoe.bsky.social,0.077075,4,neutral
piegoblin.bsky.social,0.5106,1,positive
pieholepete.bsky.social,-0.6115,1,negative
pieps5.bsky.social,0.6369,1,positive
pighand.bsky.social,-0.23403333333333332,3,negative
pileofgarbage.net,0.0,1,neutral
pillsbury37.bsky.social,0.019100000000000006,4,neutral
pinatapunch.bsky.social,-0.48645000000000005,2,negative
pinballwizards.bsky.social,-0.4215,1,negative
pind.bsky.social,-0.5562,1,negative
pinebarprince.bsky.social,-0.7994,1,negative
pinkicaruthers.bsky.social,0.4019,1,positive
pipapuenemu.bsky.social,0.0,1,neutral
piperjosh.com,0.0,1,neutral
pipofpifo.bsky.social,0.0,1,neutral
piratebill.bsky.social,0.0,1,neutral
piratecafe.bsky.social,-0.7003,1,negative
pismoelizabeth.bsky.social,0.011233333333333317,3,neutral
pixelatedboat.bsky.social,-0.1027,1,negative
pj-evans.bsky.social,-0.14021999999999998,5,neutral
pjacobs.bsky.social,-0.34,1,negative
pjbickel.bsky.social,0.7003,1,positive
pjdesno.bsky.social,0.0,1,neutral
pjeffe.bsky.social,0.0,1,neutral
pjkyboo72.bsky.social,0.4199,1,positive
pjm2sqpaul.bsky.social,0.023550000000000015,2,positive
pjobphd.bsky.social,0.2202,2,neutral
plaguepoems.bsky.social,0.3569538461538461,13,positive
plainnjames.bsky.social,0.1366,2,neutral
plainsdriftwood.bsky.social,0.0,1,neutral
planeta-jagobah.eurosky.social,0.0,1,neutral
plannedtheride.bsky.social,0.05283333333333334,3,negative
plantlvr.bsky.social,0.4404,1,positive
platinumque.bsky.social,-0.5994,1,negative
pleah.bsky.social,-0.6369,1,negative
plentynuff.bsky.social,0.34,1,positive
plumbermike40.bsky.social,0.5574,1,positive
pluribus-unum.co,0.0,1,neutral
plutobro.bsky.social,0.43525,2,positive
pmacmaster.bsky.social,-0.1531,1,negative
pmcconnolly.bsky.social,0.7342,1,positive
pminde.bsky.social,0.0,1,neutral
pmmcdaniel.bsky.social,0.0,1,neutral
pmnewman60.bsky.social,0.3612,1,positive
pmspeir.bsky.social,0.0,1,neutral
pndrp.bsky.social,0.0,1,neutral
pnumbers.bsky.social,-0.5106,1,negative
pnutsgrama.bsky.social,0.0,1,neutral
pnw4democracy.bsky.social,0.4767,1,positive
pnwpirate.bsky.social,0.0,1,neutral
poetaureate.bsky.social,0.1084,2,positive
pogo22.bsky.social,0.69,1,positive
pogoge.bsky.social,0.0,1,neutral
pokebrain1.bsky.social,0.0,1,neutral
pokerrph.bsky.social,-0.8335,1,negative
polakmo.bsky.social,-0.5574,1,negative
polarbeardad.bsky.social,0.0,1,neutral
policyg.bsky.social,-0.4576,1,negative
politicalgardener.bsky.social,-0.4767,1,negative
politically.bsky.social,-0.3412,1,negative
politicalnash.bsky.social,-0.8221,1,negative
politicshealth.bsky.social,-0.1951666666666667,3,negative
polittlecat.bsky.social,0.0,1,neutral
pollycurley.bsky.social,0.0,1,neutral
polyonymous.bsky.social,0.2348,2,positive
polyparadigm.bsky.social,0.0,1,neutral
poohbearcorner.bsky.social,-0.0286,2,neutral
poopscoop.bsky.social,-0.25,1,negative
pootissandvich.bsky.social,0.0,1,neutral
popbase.tv,0.1636,2,positive
popcrave.com,-0.11315,2,neutral
popeimpious.bsky.social,0.2975,1,positive
poppyhaze.bsky.social,0.0,1,neutral
populuxe.blacksky.app,0.7783,1,positive
porchwizer.bsky.social,-0.5936,1,negative
porkypiglet.bsky.social,0.7003,1,positive
porradavfr.bsky.social,-0.1027,1,negative
portiamcgonagal.bsky.social,0.0,1,neutral
portlandval.bsky.social,0.37860000000000005,3,positive
portlyporty.bsky.social,-0.4767,1,negative
portuguesegirl77.bsky.social,0.0,1,neutral
possltho.bsky.social,0.0,1,neutral
possumacquainter.bsky.social,-0.3753,2,neutral
posteratu.bsky.social,0.0516,1,positive
postivedeviancern.bsky.social,0.9549,1,positive
potatofarmer2000.bsky.social,0.0,1,neutral
poultrygeistowo.bsky.social,-0.1027,1,negative
pourkinator.bsky.social,0.0516,1,positive
powderchowder.bsky.social,0.7281,1,positive
powerfromspace1.bsky.social,-0.7184,1,negative
powerful.crabf.art,0.6908,1,positive
poweristruth.bsky.social,0.5848,1,positive
ppasture.bsky.social,0.4215,1,positive
pplonsker.bsky.social,-0.6249,1,negative
pppgrifter.bsky.social,-0.13455,2,negative
pqpolitics.bsky.social,-0.0412222222222222,9,positive
pr-babe.bsky.social,0.8519,1,positive
prabinov42.bsky.social,0.0,1,neutral
prairiecrab.bsky.social,0.5499,1,positive
prairiegirl.bsky.social,-0.06783333333333334,3,neutral
prasad.bsky.social,0.10880000000000001,2,negative
praying4peace.bsky.social,0.260175,8,positive
prayingmantes.bsky.social,0.0,1,neutral
preparedseniors.bsky.social,0.1838,1,positive
prettylight10.bsky.social,0.2577,1,positive
prezcamacho.bsky.social,0.0,1,neutral
priestessofdada.bsky.social,0.6925,1,positive
primeimages.bsky.social,-0.508,1,negative
primordial.bsky.social,0.8573,1,positive
primosecundo.eurosky.social,-0.8122,1,negative
prince61.bsky.social,0.3802,1,positive
princesillybilly.bsky.social,0.0,1,neutral
prmurp.bsky.social,-0.8818,1,negative
probierlab.bsky.social,-0.5574,1,negative
probr0.bsky.social,0.2263,1,positive
processanalyzer.bsky.social,-0.62715,2,negative
processdriven.bsky.social,0.0,1,neutral
prodigiouspurpl.bsky.social,0.8516,1,positive
produkshun.bsky.social,0.6597,1,positive
prof-christmas.bsky.social,0.6486,1,positive
profbardlaw.bsky.social,0.0386,2,positive
profdevisridhar.bsky.social,-0.0516,1,negative
profdolfi.bsky.social,0.69,1,positive
professionalgamer.bsky.social,-0.29646666666666666,3,negative
professorrecipes.substack.com,0.0,1,neutral
profgp.bsky.social,-0.6408,1,negative
profmasseygo.bsky.social,0.3612,1,positive
profstevegriffin.bsky.social,0.0,1,neutral
progalaskan.bsky.social,-0.7828,1,negative
progressiv.bsky.social,0.25,1,positive
progressiveweirdo.bsky.social,0.0,2,neutral
progsrock.bsky.social,0.6249,1,positive
proofneeded.bsky.social,0.5994,1,positive
proptermalone.bsky.social,-0.13089411764705883,17,negative
prosediva.bsky.social,0.0,1,neutral
prototypecube.bsky.social,0.32505,2,negative
proudsocialistd.bsky.social,-0.33966666666666673,3,negative
provokediscussion.bsky.social,0.0,2,neutral
provokethought.bsky.social,0.0,1,neutral
ps9714.bsky.social,0.4939,1,positive
psgarak.bsky.social,-0.022499999999999992,2,negative
psychosisfuzzball.bsky.social,-0.28925,6,neutral
ptuller.bsky.social,-0.1401,2,positive
public4ph.bsky.social,-0.8628,1,negative
publichealthguy1.bsky.social,0.0516375,8,negative
puckthepilot.bsky.social,0.0,1,neutral
puhjaymas.bsky.social,-0.6635,1,negative
pukarocks.bsky.social,0.0,1,neutral
punagreen.bsky.social,-0.6597,1,negative
punalady.bsky.social,0.4902,1,positive
punchupnotdown.bsky.social,0.6369,1,positive
punder.bsky.social,-0.4588,1,negative
punisheddebil.bsky.social,-0.7717,1,negative
punkhistorian.bsky.social,-0.11606000000000001,5,neutral
punkrockscience.bsky.social,-0.4558,2,negative
punkymaysnark.bsky.social,-0.5994,1,negative
puregoldj.bsky.social,-0.5574,1,negative
purelycurious.bsky.social,0.5859,1,positive
purplebandanna.bsky.social,0.0,1,neutral
purpleheather8.bsky.social,0.6124,1,positive
purplesoullotus.bsky.social,0.4588,1,positive
putawomanincharge.bsky.social,-0.4201,1,negative
puttingwaffle.bsky.social,0.0,1,neutral
puzzle-dad.bsky.social,-0.1027,1,negative
pwhickey.bsky.social,-0.11002857142857143,7,neutral
pymundgenealogy.bsky.social,0.4404,1,positive
pyrholidon.bsky.social,0.4767,1,positive
pyxelpye.bsky.social,0.0,1,neutral
pzmyers.bsky.social,0.765,1,positive
q9f.bsky.social,0.0,2,neutral
qakl.bsky.social,-0.042899999999999994,2,negative
qbits4u.bsky.social,0.34,1,positive
qdriver.bsky.social,-0.9067,1,negative
qitqat-bd.bsky.social,-0.7184,1,negative
qrow92.bsky.social,0.5175,1,positive
qtainpfaulkes.bsky.social,-0.7269,1,negative
quadling.bsky.social,0.0,1,neutral
quantockian.bsky.social,0.0,1,neutral
quarantegan.bsky.social,-0.031475,4,negative
quarrier.bsky.social,0.0,1,neutral
queenfellobia.bsky.social,0.4939,1,positive
queenmab99.bsky.social,0.0,1,neutral
queenofland.bsky.social,0.2954333333333334,3,positive
queenomni.bsky.social,0.2244,1,positive
queerash.bsky.social,0.6053999999999999,2,positive
queercatclub.bsky.social,0.8448,1,positive
queergold.bsky.social,0.296,1,positive
queerkitty.bsky.social,-0.3677,2,negative
querdcast1.bsky.social,0.0,1,neutral
quetzali56.bsky.social,-0.005149999999999988,2,positive
quick-geezer.bsky.social,-0.7184,1,negative
quickfire.bsky.social,0.0,1,neutral
quickschnell.bsky.social,0.0,1,neutral
quilterace.bsky.social,-0.7783,1,negative
quilterjude.bsky.social,-0.1806,2,negative
quin664.bsky.social,-0.3182,1,negative
quinnae.com,-0.4939,1,negative
quinntheeskimo.bsky.social,0.3612,1,positive
quitecontrary09.bsky.social,0.0,1,neutral
quixotetheidiot.bsky.social,0.2732,1,positive
qzwsxedc.bsky.social,-0.5574,1,negative
r7plays.bsky.social,-0.7836,1,negative
raantuva.blacksky.app,-0.43096666666666666,3,negative
rabagast.bsky.social,-0.3089,1,negative
rabbijill.bsky.social,0.0,1,neutral
rabbitoh.bsky.social,-0.4754,1,negative
rabidcormorant.bsky.social,0.0,1,neutral
rabidinsomnia.bsky.social,-0.4939,1,negative
rachelmaria55.bsky.social,-0.3597,1,negative
racingbikes.bsky.social,0.0,1,neutral
radgrapes.bsky.social,0.09559999999999996,2,positive
radianthostility.bsky.social,0.1027,1,positive
radiobill.bsky.social,0.0,1,neutral
radioman49.bsky.social,0.0,1,neutral
radiostatik.bsky.social,-0.4767,1,negative
raedeeton.bsky.social,0.3182,1,positive
rafanelly.bsky.social,0.0,1,neutral
raffaelecastagno.com,0.0,1,neutral
ragedwolves.bsky.social,-0.4374,1,negative
rahawahaile.bsky.social,-0.5574,1,negative
rahvin.bsky.social,0.5106,1,positive
rainbow1969.bsky.social,-0.1779,1,negative
rainbowdaesh.bsky.social,0.4019,1,positive
rainofterra.gay,-0.4588,1,negative
rainorshine99.bsky.social,0.32506,5,positive
rainsend.bsky.social,-0.1779,1,negative
raisedbyvoles.bsky.social,0.0,1,neutral
raisedonradio.bsky.social,0.0,1,neutral
raittafan.bsky.social,0.0,1,neutral
raized-by-nerdz.bsky.social,0.0,1,neutral
rajaru.bsky.social,0.0,1,neutral
ralivan.bsky.social,-0.6486,1,negative
ralphgot.bsky.social,-0.7717,1,negative
raltieri.bsky.social,0.0,1,neutral
rami.spaceaustralia.com,-0.7003,1,negative
ramsandhoosiers.bsky.social,0.0,1,neutral
ranchoapocalypto.bsky.social,0.0,1,neutral
randomalbertan.bsky.social,-0.6209,1,negative
randy1211.bsky.social,-0.2924,1,negative
rangersfan80.bsky.social,-0.875,1,negative
rankednews.bsky.social,-0.3612,1,negative
ranryu.bsky.social,0.5574,1,positive
ransone8.bsky.social,0.7717,1,positive
ranworth63.bsky.social,0.0,1,neutral
rapbastardz.bsky.social,0.12664,5,positive
rapidwriter.bsky.social,0.0,1,neutral
raptorama.bsky.social,-0.039599999999999996,4,neutral
raptorskulls.bsky.social,0.34,1,positive
rastawolf.bsky.social,-0.128,1,negative
rasushrestha.bsky.social,0.1027,1,positive
ratchetology.bsky.social,-0.2732,1,negative
rationalsapien.bsky.social,0.3612,1,positive
ratman1967.bsky.social,-0.4019,1,negative
ratnegative.bsky.social,0.2263,1,positive
ratskradmt.bsky.social,-0.296,1,negative
raudvik.bsky.social,-0.8555,1,negative
raulpudd.bsky.social,0.0,1,neutral
ravenalessia.bsky.social,0.70645,2,positive
ravenbearer.bsky.social,0.02134999999999998,2,negative
ravenlasagna.bsky.social,0.0,1,neutral
raxkingisdead.bsky.social,0.7159,1,positive
raybadberry.bsky.social,0.0,1,neutral
raymondnorman.bsky.social,0.04723333333333333,3,negative
raywolf.bsky.social,-0.33695,2,negative
raywoodson5.bsky.social,0.1366,2,neutral
razzball.bsky.social,-0.6597,1,negative
rbozo.bsky.social,-0.5994,1,negative
rbradenm.bsky.social,0.7783,1,positive
rbreich.bsky.social,-0.836,1,negative
rbsnst.bsky.social,0.0,1,neutral
rbtec.bsky.social,0.21075,2,neutral
rcc4377.bsky.social,-0.1027,1,negative
rcoshow.bsky.social,-0.2023,1,negative
rdoch82.bsky.social,0.5171,1,positive
rdrpharmacist.bsky.social,0.0,1,neutral
rds773.myatproto.social,0.14472222222222222,9,positive
reader1970.bsky.social,0.0,1,neutral
readertabitha.bsky.social,0.6249,1,positive
readwellalaska.bsky.social,0.6249,1,positive
realbenisons.bsky.social,0.2975,1,positive
realcaptaindanger.bsky.social,-0.2263,1,negative
realdonnawest.bsky.social,-0.6992,1,negative
realdrnefario.bsky.social,-0.13419999999999999,2,negative
realgregcruser.bsky.social,0.3612,1,positive
realhotgirlsith.bsky.social,-0.3182,1,negative
realitycheck01.bsky.social,0.2287,2,neutral
realitysbitch.bsky.social,-0.5267,1,negative
realjessicahughes.bsky.social,0.5454666666666667,3,positive
realkaryotic.bsky.social,0.296,1,positive
realkjt.bsky.social,0.0,1,neutral
realligeia.bsky.social,-0.5106,1,negative
realmajority.bsky.social,-0.5719,1,negative
realmovieev.bsky.social,0.4019,1,positive
realmrmom.bsky.social,0.5994,1,positive
realnorac.bsky.social,0.4215,1,positive
realnosferatu.bsky.social,-0.10115,2,neutral
realphilgold.bsky.social,0.0,1,neutral
realsirlansalot.bsky.social,0.4019,1,positive
realskeptico.bsky.social,0.4939,1,positive
realtuckfrumper.bsky.social,-0.06090000000000001,17,neutral
rebeccascientist.bsky.social,-0.07724999999999999,2,positive
rebussy.bsky.social,-0.0516,1,negative
reclaimingkaren.bsky.social,-0.298025,4,negative
redcrystal66.bsky.social,0.4404,1,positive
redeye1054.bsky.social,-0.3182,1,negative
redletrcrusader.bsky.social,-0.296,1,negative
redmondgeek.bsky.social,0.1531,1,positive
redrumink.bsky.social,-0.3384,1,negative
redthread25.bsky.social,0.27725999999999995,5,positive
redwhiteandshoe.bsky.social,0.0,1,neutral
redwingz24.bsky.social,0.7926,1,positive
redwoodgirl.bsky.social,0.0387,1,neutral
redwoodhat.bsky.social,-0.5267,1,negative
reedermt.bsky.social,0.15445,2,positive
reeseer83.bsky.social,0.4404,1,positive
reexamineall.bsky.social,-0.6249,2,negative
referencehs.bsky.social,-0.8316,1,negative
regis-greene.bsky.social,0.2596,1,positive
regmanator.bsky.social,-0.9136,1,negative
regreader.bsky.social,0.3612,1,positive
regular-joe.bsky.social,-0.7345,1,negative
reidangela.bsky.social,0.047362499999999995,16,negative
reidleleedle.bsky.social,0.0,1,neutral
reinashae.bsky.social,-0.4023,1,negative
reincarnated7x.bsky.social,-0.3293,7,negative
reindeerarebetter.bsky.social,0.1443,3,neutral
reiska67.bsky.social,0.4404,1,positive
rejacc.bsky.social,0.4404,1,positive
reluctantamerican.bsky.social,-0.5106,1,negative
rem.bsjky.team,0.07281428571428572,7,positive
remimulegend.bsky.social,0.4404,1,positive
remoburton.bsky.social,0.2732,1,positive
remoter.bsky.social,-0.32985,2,neutral
reneea.bsky.social,-0.29207500000000003,4,negative
reneedodson.bsky.social,-0.042666666666666665,3,neutral
reneelascala.bsky.social,-0.32765,2,negative
reneestephen.bsky.social,-0.0258,1,neutral
renewcp.bsky.social,-0.34,1,negative
reobinwagon.bsky.social,-0.25,1,negative
repdangoldman.bsky.social,-0.05714999999999998,2,positive
replierocelot.bsky.social,0.5106,1,positive
repugnantson.bsky.social,-0.4043,1,negative
rescanous.bsky.social,-0.053775,4,negative
researchette.bsky.social,-0.0516,1,negative
resiliencebeast.bsky.social,0.2522,1,positive
resiprocity.bsky.social,0.5859,1,positive
resistancer.bsky.social,0.6249,1,positive
resister999.bsky.social,0.0,1,neutral
resistmagafascism.bsky.social,0.0,2,neutral
resistor2025bull.bsky.social,-0.26335,2,neutral
resistorgohome.bsky.social,-0.5994,1,negative
resistsaj.bsky.social,-0.26335,2,negative
resisttyranny2025.bsky.social,-0.6305,1,negative
retinco.bsky.social,-0.3597,1,negative
retired-lib.bsky.social,0.0,1,neutral
retired-medic62.bsky.social,-0.296,1,negative
retiredlawyer.bsky.social,-0.8402,1,negative
retiredrph.bsky.social,0.4588,1,positive
retiredvagabond.bsky.social,0.07673333333333336,3,positive
retiredwhitelady.bsky.social,0.0,1,neutral
retirementready.bsky.social,0.0,1,neutral
retpallyjil.bsky.social,-0.3818,1,negative
reubenhub.bsky.social,-0.45625000000000004,2,negative
reuelz.bsky.social,-0.6486,1,negative
reunionisland.bsky.social,0.0,1,neutral
reuters.com,-0.10931428571428571,28,neutral
revbirder.bsky.social,-0.1779,1,negative
revbug.bsky.social,-0.11639999999999999,3,positive
reverend-moonshine.bsky.social,0.9585,1,positive
reverendjesus.com,-0.0516,1,negative
reverseyourmind.bsky.social,0.0,1,neutral
revoltoso.bsky.social,-0.5106,1,negative
revolver45.bsky.social,0.4585,1,positive
rexhuppke.bsky.social,-0.3468,1,negative
reyaadawnmtg.bsky.social,-0.6344,1,negative
rfcapsmoustache.bsky.social,0.0,1,neutral
rgforrest.bsky.social,-0.55975,2,negative
rgingersoll.bsky.social,-0.4404,1,negative
rgleadow.bsky.social,0.03841428571428571,7,negative
rgrdgr.bsky.social,0.3724,1,positive
rhcmuts.bsky.social,-0.1729,2,negative
rhetoricpj.bsky.social,0.4404,1,positive
rhetttougeaux.bsky.social,0.0,1,neutral
rhoadrunner.bsky.social,0.659,1,positive
rholmes.bsky.social,0.0,2,neutral
rhondawolfson.bsky.social,0.263075,4,positive
rhonnie-72.bsky.social,0.3456666666666666,3,positive
rhyf53.bsky.social,0.0,1,neutral
rhythmfiction.bsky.social,0.0,1,neutral
rhythmnation.bsky.social,0.0,1,neutral
ri.oldfolkshome.org,0.2732,1,positive
rica.bsky.social,-0.25,1,negative
richardg42.bsky.social,0.12605,2,positive
richardlaya.bsky.social,0.0,1,neutral
richardlordtoad.bsky.social,0.0,1,neutral
richardnowels.bsky.social,0.0,1,neutral
richardsever.bsky.social,0.0,1,neutral
richgers.bsky.social,-0.5848,1,negative
richhull.bsky.social,0.0,1,neutral
richkiss1955.bsky.social,-0.4389,1,negative
richkoski.bsky.social,0.0,1,neutral
richmondjon.bsky.social,0.0,1,neutral
rickdaly.bsky.social,0.0,1,neutral
rickehling.bsky.social,-0.4588,1,negative
rickgladwin.bsky.social,-0.6597,1,negative
rickhavoc.bsky.social,0.1531,1,positive
rickincanadia.bsky.social,0.0,1,neutral
rickwhist.bsky.social,0.7901,1,positive
rickzuzow.bsky.social,0.0,1,neutral
riem.bsky.social,0.2023,1,positive
rifka.bsky.social,0.0,1,neutral
riftproto.bsky.social,0.48109999999999997,2,positive
rigamarock.bsky.social,0.0,1,neutral
riggsveda.bsky.social,0.0,1,neutral
riker.eurosky.social,0.0386,2,positive
rikibeth.bsky.social,0.007874999999999993,8,negative
rikiwilchins.bsky.social,-0.6486,1,negative
rimaanabtawi.bsky.social,0.07395454545454545,11,neutral
ringoburns.bsky.social,-0.33525,2,negative
ringtheory.bsky.social,0.4588,1,positive
riodylan.bsky.social,0.1779,1,positive
riolu.gay,0.0,1,neutral
rios1221.bsky.social,0.0,1,neutral
riotsquirrel.bsky.social,-0.5688,1,negative
riparian2.bsky.social,0.0,1,neutral
ripple-b.bsky.social,0.34,1,positive
riptide360.bsky.social,0.0,1,neutral
risajb.bsky.social,-0.7003,1,negative
risefromtheashes.bsky.social,0.0,1,neutral
risingsonncalman.bsky.social,0.0,1,neutral
risklady.bsky.social,0.8196,1,positive
ritchie.bsky.social,0.07689999999999998,3,neutral
ritterteufeltod.bsky.social,-0.5574,1,negative
riverfire.bsky.social,0.2023,1,positive
rivi999-999.bsky.social,0.0,2,neutral
rizzyricardo.bsky.social,0.6486,1,positive
rj.rjhuneke.com,0.0,1,neutral
rjdeal.bsky.social,-0.7951,1,negative
rjharris816.bsky.social,0.06924999999999999,6,positive
rjrobin22.bsky.social,-0.25045,2,negative
rkfatheree.bsky.social,0.3106666666666667,6,positive
rknight0415.bsky.social,-0.33805,2,positive
rlab53.bsky.social,-0.2263,1,negative
rlcrislir05.bsky.social,-0.4404,1,negative
rlights25.bsky.social,-0.4588,1,negative
rlush.bsky.social,0.74405,2,positive
rmano.bsky.social,-0.1531,1,negative
rmappleby.uk,0.872,1,positive
rmartin401.bsky.social,0.3612,1,positive
rmcarpiano.medsky.social,-0.2953,5,negative
rmorgenstern.bsky.social,0.0,1,neutral
rmspinafore.bsky.social,0.0,1,neutral
rmspuhler.bsky.social,-0.26115,2,negative
roadmyth.bsky.social,0.0,1,neutral
roadreclaimed.bsky.social,-0.3066,2,negative
rob-baron.bsky.social,0.0,1,neutral
rob-jp.bsky.social,-0.4404,1,negative
rob-sheridan.com,-0.3793,1,negative
rob9735.bsky.social,0.34,2,positive
roballemachtig.eurosky.social,-0.3612,1,negative
robbryntaylor.bsky.social,0.0,1,neutral
robcruickshank.bsky.social,-0.3412,1,negative
roberams.bsky.social,-0.3243,2,negative
robertaecks.bsky.social,0.0,1,neutral
robertbohan.bsky.social,-0.53174,10,negative
robertgalbraith.bsky.social,0.2291,1,positive
robertharrison70.bsky.social,0.0,1,neutral
robertherbert.bsky.social,-0.804,1,negative
robertinoz57.bsky.social,0.0,1,neutral
robertjeff57-58.bsky.social,-0.25464000000000003,5,negative
robertodoyle.bsky.social,-0.2263,1,negative
robertscotthorton.bsky.social,0.0588,1,positive
robertshirk.bsky.social,0.7645,1,positive
robgirvan.bsky.social,-0.1531,1,negative
robin-uk.bsky.social,0.4714,1,positive
robinaubrecht.bsky.social,0.5319,1,positive
robinbobcat.bsky.social,0.013800000000000007,4,neutral
robinindfw.bsky.social,0.0101,1,neutral
robinwilde.me,0.961,1,positive
robjersey123.bsky.social,-0.2023,1,negative
robtownsend.bsky.social,0.1806,2,positive
robwright78.bsky.social,0.0,1,neutral
robzienc.bsky.social,0.0129,1,neutral
rochaa.bsky.social,-0.2922,1,negative
rocketdog56.bsky.social,0.0,1,neutral
rockhill.bsky.social,-0.3182,1,negative
rockin-ronnie12.bsky.social,0.0,1,neutral
rockinforever.bsky.social,0.5106,1,positive
rockmegarden.bsky.social,0.0,4,neutral
rockney.bsky.social,0.431,1,positive
rockymountaincat.bsky.social,-0.6089,1,negative
rockymountviews.bsky.social,-0.2235,3,neutral
rockymtnrambler.bsky.social,-0.4767,1,negative
rockyuphill.bsky.social,0.267305,20,positive
rodgilbert.bsky.social,0.0,1,neutral
rodneysrh.bsky.social,-0.8316,1,negative
rodolf8.bsky.social,-0.743,1,negative
rodstro88.bsky.social,-0.5984,1,negative
roeastm.bsky.social,0.0,1,neutral
roelgrif.eurosky.social,0.4404,1,positive
roereman.bsky.social,0.0,2,neutral
rogeralien.bsky.social,-0.0516,1,negative
rogeratl.bsky.social,-0.1531,1,negative
rogergrow.bsky.social,-0.5423,1,negative
rogerjohn1102.bsky.social,-0.5423,1,negative
rogerresists.bsky.social,-0.62735,2,negative
rogerthat---ex-x.bsky.social,-0.2296,2,negative
rogerwagnermdphd.bsky.social,0.14814,5,neutral
rogue-ace.bsky.social,0.0,1,neutral
rogueresistknitter.bsky.social,0.0,2,neutral
rogueyankee.bsky.social,0.4939,1,positive
roim1945.bsky.social,0.4404,1,positive
rokazen.bsky.social,-0.3597,1,negative
rokkinrobin55.bsky.social,-0.6908,1,negative
rollingnscratching.bsky.social,-0.1609,2,neutral
rolypeck.bsky.social,0.0,1,neutral
romaa13.bsky.social,-0.006183333333333328,6,negative
rombergrabbit.bsky.social,-0.6429,1,negative
ronague.bsky.social,0.2732,1,positive
rondorland.bsky.social,-0.401,2,neutral
ronhay.bsky.social,-0.0772,1,negative
ronicats.bsky.social,0.4389,1,positive
ronniemac55.bsky.social,-0.5106,1,negative
rookie31st.bsky.social,0.0,1,neutral
rookiesinc.bsky.social,-0.08895,2,negative
roonster13.bsky.social,0.0,1,neutral
roperlou.bsky.social,0.3612,1,positive
roriborealis.bsky.social,0.0,1,neutral
roseblosum.bsky.social,-0.307075,4,negative
roseblue87.bsky.social,0.7089,1,positive
rosecrucian.bsky.social,0.0,1,neutral
rosesbloom24.bsky.social,-0.38344285714285714,7,negative
rosiesdigs.bsky.social,-0.2924,1,negative
roslynn.bsky.social,-0.9419,2,negative
rossbyjove.bsky.social,-0.2584,1,negative
rossengineer.bsky.social,-0.54575,2,negative
rosvo1.bsky.social,0.0,1,neutral
rosyrain.bsky.social,0.4756,1,positive
rotorbabe25.bsky.social,0.4939,1,positive
rototudor.bsky.social,-0.5423,1,negative
roughlandslm.bsky.social,0.7263,1,positive
roux23.bsky.social,0.1531,1,positive
rowanresists.bsky.social,-0.0772,1,negative
rowls.bsky.social,0.4019,1,positive
rowzat.bsky.social,-0.296,1,negative
roxydog11.bsky.social,0.0,1,neutral
roylonergan.bsky.social,0.9169,1,positive
roysaywhatnow.bsky.social,-0.8305,1,negative
royusn.bsky.social,0.0,1,neutral
rramjet.bsky.social,-0.5595,1,negative
rsbshine.bsky.social,0.0,1,neutral
rsk-1m.bsky.social,0.064,2,neutral
rsmith670.bsky.social,0.0,1,neutral
rsquared.bsky.social,0.0,1,neutral
rstoller35.bsky.social,-0.1561,1,negative
rszasz.saxonco.com,0.8225,1,positive
rteefact.bsky.social,0.0,1,neutral
rtmlepage.bsky.social,0.22432,5,positive
ruadhmairi.bsky.social,0.6361,1,positive
rubierockett.bsky.social,0.69,1,positive
rubydea.bsky.social,-0.5267,1,negative
rubyjoules.bsky.social,0.0,1,neutral
ruddrudd.bsky.social,-0.1415,1,negative
rudelyvangelder.bsky.social,0.0,1,neutral
rudetuesday.bsky.social,-0.1027,1,negative
rudybuick.bsky.social,0.1806,2,neutral
rudyromeiro.bsky.social,0.0,1,neutral
ruffnreddy.bsky.social,0.1877,1,positive
ruhamah07.bsky.social,-0.296,1,negative
rulen613.bsky.social,0.1406,1,positive
rulesdontwork.bsky.social,0.0,1,neutral
runandbun.bsky.social,0.09304999999999997,2,positive
runethehorse.bsky.social,0.0,1,neutral
runsonveg.bsky.social,0.079,1,positive
ruprecht-monkeeboy.bsky.social,0.4404,1,positive
rushstreetblues.bsky.social,0.802,1,positive
russ41.bsky.social,-0.8126,1,negative
russellisler.com,-0.2023,1,negative
russelltim151.bsky.social,-0.8625,1,negative
rustee1320.bsky.social,-0.5267,1,negative
rustyzipper.bsky.social,0.541,1,positive
ruth25.bsky.social,0.4199,1,positive
ruthhb.bsky.social,0.4215,1,positive
ruthkub.bsky.social,0.4019,1,positive
ruviewer.bsky.social,0.0,1,neutral
rvawonk.bsky.social,-0.19575,10,negative
rvleshrac.bsky.social,-0.02744999999999999,2,negative
rvps2001.bsky.social,-0.5994,1,negative
rwalters69.bsky.social,-0.7717,1,negative
rwillemann.bsky.social,-0.8519,1,negative
rwruedii.bsky.social,0.15566,5,neutral
rwxbss.bsky.social,0.08564999999999999,2,positive
rxdavid.bsky.social,-0.1421,3,negative
ryanhisner.bsky.social,0.0,1,neutral
ryanmarino.bsky.social,0.08665,8,neutral
ryanomari.bsky.social,-0.08895,2,negative
ryanradia.com,0.394,1,positive
ryansforbeson.bsky.social,-0.7744,1,negative
rygraham.bsky.social,0.3382,1,positive
ryphttrasc.bsky.social,0.4019,1,positive
s-griobhtha.bsky.social,0.22325,4,positive
s0rrysorry.bsky.social,-0.287,1,negative
saandress.bsky.social,-0.4767,1,negative
sabazinus.bsky.social,0.7156,1,positive
sachiamaragiri.bsky.social,-0.8176,1,negative
sactosteve.bsky.social,-0.4389,1,negative
sadiemayhem.bsky.social,0.3612,1,positive
sadworld.bsky.social,0.08945,2,positive
safeamericapac.bsky.social,0.2023,1,positive
safetyinnumbers.bsky.social,0.0512904761904762,21,positive
sago1950.bsky.social,0.2908,1,positive
sahling.bsky.social,0.0,1,neutral
sahtra.bsky.social,0.2787,1,positive
sail2it.bsky.social,0.0,1,neutral
sailebed.bsky.social,-0.713,1,negative
saileesue.bsky.social,-0.34,1,negative
sailingsteve.bsky.social,0.5859,1,positive
sailordarcy.bsky.social,0.0,1,neutral
sailormichael.bsky.social,0.4019,1,positive
sailorrooscout.bsky.social,0.37948482142857143,112,positive
saintbridge.bsky.social,0.1806,2,neutral
saintstephen1.bsky.social,0.0,1,neutral
sakselznick.bsky.social,0.3969666666666667,3,positive
sal12.bsky.social,0.0,2,neutral
salarta.bsky.social,-0.4404,1,negative
salazarkat.bsky.social,0.6597,1,positive
sallyoo.bsky.social,0.1731666666666667,3,positive
sallyrose.bsky.social,-0.5719,1,negative
salmontoro.bsky.social,-0.11854999999999999,2,negative
saloonmen.bsky.social,0.3612,1,positive
saltoearth.bsky.social,-0.1956,2,positive
saltwaterair-2.bsky.social,-0.7125,1,negative
saltybitchables.bsky.social,-0.03548666666666667,15,negative
salvey1.bsky.social,0.16616,5,positive
sam1am4bg.bsky.social,-0.1185666666666667,3,negative
samcrut.bsky.social,0.0,1,neutral
samierens.bsky.social,0.6346,5,positive
sammysmoot1212.bsky.social,0.0,1,neutral
sammythecat.bsky.social,-0.4734625,8,negative
samoyuhd.bsky.social,0.0,1,neutral
sampaine.bsky.social,-0.5478,1,negative
samplank.bsky.social,-0.12824999999999998,2,negative
samsokol42.bsky.social,-0.8807,1,negative
samstribling1.bsky.social,0.0,1,neutral
samwilson.bsky.social,0.5423,1,positive
sandriina.bsky.social,-0.4019,1,negative
sandrorossi.bsky.social,-0.45175,2,negative
sandverge.bsky.social,0.0,1,neutral
sandy2950.bsky.social,0.8704,1,positive
sandynikond700.bsky.social,-0.296,1,negative
sandyp.bsky.social,0.624,1,positive
sanho.bsky.social,0.5267,1,positive
sanmarcos.bsky.social,0.0,1,neutral
sanne27.bsky.social,0.0,1,neutral
sansbkitsu.bsky.social,0.027500000000000024,2,negative
sansnom.bsky.social,-0.1472166666666667,6,neutral
santa-guy.bsky.social,0.0,1,neutral
santinimore.bsky.social,-0.5841,1,negative
sapienswell.bsky.social,0.0,1,neutral
sappermorton.bsky.social,0.0,1,neutral
sapphiravi.bsky.social,-0.7398,1,negative
sarabeddoeseal.bsky.social,-0.34,1,negative
sarabjustone.bsky.social,0.09375999999999998,10,positive
sarahb1863.bsky.social,0.39737999999999996,5,positive
sarahbeanne.bsky.social,0.171,1,positive
sarahbirdnerd.bsky.social,0.0,1,neutral
sarahcconner.bsky.social,-0.5574,1,negative
sarahinitaly.bsky.social,0.0,1,neutral
sarahkarlin-smith.bsky.social,0.0,1,neutral
sarahkirchberger.bsky.social,0.6486,1,positive
sarahkorse.bsky.social,0.0,1,neutral
sarahsunfire.bsky.social,0.8126,1,positive
saramussen.bsky.social,0.31845,2,neutral
saraswati2301.bsky.social,0.0,1,neutral
sarcasmoultrablam.bsky.social,-0.3218,1,negative
saredra.bsky.social,0.0,1,neutral
saremche.bsky.social,-0.667,1,negative
sarjen.bsky.social,0.6908,1,positive
saschavykos.bsky.social,-0.4533666666666667,3,negative
sashalyn.bsky.social,0.6249,1,positive
saskboy.bsky.social,0.3818,1,positive
saskiapopescu.bsky.social,-0.7351,1,negative
sassyceo.bsky.social,0.0,1,neutral
sassyvan.bsky.social,-0.3804,1,negative
satelllteoflove.bsky.social,-0.6872,1,negative
saturnexalted.bsky.social,-0.7967,1,negative
saturnvf1.bsky.social,0.6892,1,positive
saudaderachel.bsky.social,-0.33014,5,negative
saunieindiego.bsky.social,0.0,2,neutral
savage-t.bsky.social,-0.4767,1,negative
savageoldbastard.bsky.social,-0.5661,1,negative
savingdemocracy101.bsky.social,-0.29885,2,neutral
savvycammom.bsky.social,0.6369,1,positive
sawbuzz.bsky.social,-0.9169,1,negative
sbagen.bsky.social,0.2718,1,positive
sbharvey.bsky.social,0.0,1,neutral
sbs-news-bot.bsky.social,-0.36755,2,neutral
scared66.bsky.social,0.0,1,neutral
scarletp1792.bsky.social,-0.6739,1,negative
scarpino.bsky.social,0.11317272727272729,11,positive
scarredempire.bsky.social,0.7096,1,positive
scarsandhearts.bsky.social,-0.26571999999999996,5,negative
scarysota.bsky.social,0.0,1,neutral
scavamungus.bsky.social,-0.4939,1,negative
schadenfreude4u.bsky.social,0.3182,1,positive
schaller67.bsky.social,-0.8172,1,negative
schimelsal.bsky.social,0.1683222222222222,9,positive
schlaflosinberlin.bsky.social,0.0,1,neutral
schlotrvlr.bsky.social,-0.4767,1,negative
scholarlycowboy.bsky.social,0.4404,1,positive
schoolpsych21.bsky.social,0.4939,1,positive
schountz.bsky.social,-0.4804,1,negative
schraderopolis.bsky.social,0.1531,1,positive
schrodingersleft.bsky.social,-0.4329,1,negative
sciam.bsky.social,-0.18389999999999998,11,negative
scicommic.bsky.social,0.5623333333333334,3,positive
science.org,0.2732,1,positive
sciencelizard.bsky.social,0.4125,2,positive
sciencemonkey.bsky.social,0.0,1,neutral
scif1fan.bsky.social,-0.6486,1,negative
scifantasy.bsky.social,0.5859,1,positive
scipionow.bsky.social,-0.5423,1,negative
scirocker.bsky.social,0.0,1,neutral
sckitupbttrcp.bsky.social,0.090275,4,positive
scobiwan2.bsky.social,0.3182,1,positive
scootertramp.bsky.social,0.7133,1,positive
scootrbum.bsky.social,0.0,1,neutral
scootypuff.bsky.social,-0.296,1,negative
scopestownlib.bsky.social,0.0,1,neutral
scornflakegrrrl.bsky.social,-0.5423,1,negative
scorpiono.blacksky.app,0.0,2,neutral
scorpiopibble.bsky.social,0.0,1,neutral
scotclose.com,-0.3182,1,negative
scotnational.bsky.social,-0.2263,1,negative
scottedgar.bsky.social,0.2663,2,positive
scottetaylor.bsky.social,-0.2401,2,positive
scottevans.bsky.social,-0.8942,1,negative
scottfree4.bsky.social,0.0,1,neutral
scottie51.bsky.social,0.0,1,neutral
scottk63.bsky.social,-0.19943333333333335,3,neutral
scottolson.bsky.social,0.6369,1,positive
scottstein.bsky.social,0.296,1,positive
scottthrasher.bsky.social,0.0,1,neutral
scottyklink.bsky.social,0.6705,1,positive
scoundrel2.bsky.social,-0.5574,1,negative
scouseraffa.bsky.social,0.7709,1,positive
scout0914.bsky.social,-0.7579,1,negative
scoutsaber.bsky.social,0.34,1,positive
scrambledbrainz.bsky.social,-0.0172,3,neutral
scrappydoob.bsky.social,-0.75,1,negative
screach-owl70.bsky.social,-0.3434,2,neutral
scruffmonkey.bsky.social,0.7506,1,positive
scruffyr.bsky.social,0.1806,2,neutral
scrumfy.bsky.social,0.5423,1,positive
sctideprince.bsky.social,0.4552,1,positive
scubastacy.bsky.social,0.0,1,neutral
sd4972.bsky.social,0.0,1,neutral
sdparris.bsky.social,-0.7178,1,negative
seamiracles.bsky.social,0.29295,2,positive
sean05evans.bsky.social,-0.7783,1,negative
seancarpenter.bsky.social,0.6714,1,positive
seancj.bsky.social,-0.23023846153846156,13,negative
seanlegg.bsky.social,-0.4333,1,negative
seansatori.bsky.social,0.0386,2,positive
seanselvig.bsky.social,-0.03484999999999999,2,positive
seasidegp.bsky.social,0.15722,5,positive
seasidesandwitch.bsky.social,-0.5719,1,negative
seattleblue.bsky.social,0.4712,1,positive
seattletimes-rss.bsky.social,-0.05114999999999997,2,positive
seayou.bsky.social,0.0,1,neutral
sebnembw.bsky.social,0.0,1,neutral
secbuff.com,0.6249,1,positive
secretagent39.bsky.social,0.0,1,neutral
secretsandspies.bsky.social,0.2023,1,positive
secretwanderer.bsky.social,0.36352,5,positive
seearekay.bsky.social,0.29635,2,positive
seed2bloom.bsky.social,0.3182,1,positive
seemtoggle.bsky.social,-0.2188,1,negative
seentoomuch.bsky.social,0.0,1,neutral
seeyouican.bsky.social,0.0,1,neutral
sekkiyah.bsky.social,0.2732,1,positive
sekoku.bsky.social,0.3182,1,positive
selectric.space,0.20895,2,negative
selekta312.bsky.social,0.3182,1,positive
selfdrivinghumans.bsky.social,0.3609,3,positive
selinjaaana.bsky.social,-0.9544,1,negative
seltsames.bsky.social,0.2481,1,positive
semireflection.bsky.social,-0.5719,1,negative
semjockey.bsky.social,-0.2732,1,negative
semperloquatius.bsky.social,0.0,1,neutral
sempersincerus.bsky.social,0.0,1,neutral
semprephi.bsky.social,-0.4215,1,negative
senador32.bsky.social,0.296,1,positive
senatenightmares.bsky.social,0.0,1,neutral
seniorcanadian.bsky.social,0.4262,2,positive
senna70.bsky.social,-0.41925,2,neutral
senorblanxo.bsky.social,0.1806,2,positive
sentimentalist.bsky.social,0.0,1,neutral
seosamh.bsky.social,-0.8555,1,negative
septemberrising.bsky.social,-0.1695,1,negative
seratnin33.bsky.social,-0.4215,1,negative
serehfas.bsky.social,0.4654400000000001,5,positive
serenaindenver.bsky.social,-0.296,1,negative
serenakyle.bsky.social,0.6249,1,positive
serendipityinfl.bsky.social,0.128,1,positive
serene-chaos.bsky.social,0.03513333333333335,3,positive
serenemalcontent.bsky.social,0.0,1,neutral
serenity77.bsky.social,0.0,1,neutral
serenitycalls.bsky.social,-0.2263,1,negative
serienya.bsky.social,0.0,1,neutral
servelan.newsie.social.ap.brid.gy,0.0,1,neutral
service-worker.bsky.social,-0.4039,1,negative
sethabramson.bsky.social,-0.7096,1,negative
sethanikeem.bsky.social,-0.2874,1,negative
sevencloud.bsky.social,-0.5423,1,negative
sevenohthree.bsky.social,0.0,2,neutral
sevenstarhand.bsky.social,-0.8225,1,negative
sewgirlsew.bsky.social,-0.3612,1,negative
sewin.bsky.social,0.0,1,neutral
sewsimply.bsky.social,0.06103333333333333,3,positive
seyberspace.bsky.social,0.0,2,neutral
sfchronicle.com,-0.1027,2,negative
sfcsly.bsky.social,0.0,1,neutral
sferrara.bsky.social,0.3022,1,positive
sff180.bsky.social,0.0027,1,neutral
sfrick.bsky.social,-0.7297,1,negative
sfshlv.bsky.social,0.13501999999999997,5,neutral
sg1954.bsky.social,0.0,1,neutral
sgadarian.bsky.social,0.19435,2,neutral
shadow4me.bsky.social,0.5859,1,positive
shadowdwolf.bsky.social,-0.8316,1,negative
shadowops.bsky.social,-0.1289,7,positive
shadowstar2025.bsky.social,-0.0258,1,neutral
shadowwordpain.bsky.social,-0.2263,1,negative
shadyscientician.bsky.social,0.4199,1,positive
shaggy1.bsky.social,0.64495,2,positive
shainzona.bsky.social,0.0,1,neutral
shake1n1bake.bsky.social,-0.62425,2,negative
shamrockchickens.bsky.social,0.0,1,neutral
shamrocksmom.bsky.social,0.3506,1,positive
shanahstone.bsky.social,0.3818,1,positive
shanikom.bsky.social,-0.0772,1,negative
shanoprogressive.bsky.social,-0.20413333333333336,3,neutral
sharkgirl23.bsky.social,0.6808,1,positive
sharkyshark10.bsky.social,0.148,2,positive
sharoncarbine.bsky.social,0.4609,2,positive
sharoneaton.bsky.social,-0.1779,1,negative
sharongt.bsky.social,-0.7269,1,negative
sharonjohnston.bsky.social,0.1468,6,positive
sharonsf.bsky.social,-0.4019,1,negative
sharpcloud.bsky.social,0.4704,2,positive
shartymcscrote.bsky.social,-0.25,1,negative
shawmrosen.bsky.social,0.6369,1,positive
shawnaleeg.bsky.social,-0.4939,1,negative
shawnpb.bsky.social,0.0,1,neutral
shawshankexemption.bsky.social,-0.7608,1,negative
shay3322.bsky.social,-0.3597,1,negative
shayleesbibi.bsky.social,-0.2023,1,negative
shazbear.bsky.social,0.0,1,neutral
shazzab.bsky.social,0.0,1,neutral
sheclawya.bsky.social,0.0,1,neutral
sheconomy.bsky.social,0.0,1,neutral
shedamb.bsky.social,0.4574,1,positive
sheerjenius.bsky.social,0.4135,1,positive
sheherhurts.bsky.social,-0.4588,1,negative
sheilaginhb.bsky.social,0.0,1,neutral
shel81.bsky.social,0.1791,3,positive
shell4747.bsky.social,-0.2732,1,negative
shelleybueche.bsky.social,0.0,1,neutral
shellieh.bsky.social,0.0,1,neutral
shellprince.bsky.social,0.5859,1,positive
sheltiedad.bsky.social,0.7351,1,positive
shenanigans.bsky.social,-0.28595,2,neutral
sheologian.bsky.social,-0.1468,3,neutral
sher12.bsky.social,0.0,1,neutral
sheralovesskeletor.bsky.social,0.30205,2,positive
sherel.bsky.social,-0.3162,2,positive
shernova.bsky.social,0.0,1,neutral
sherry2.bsky.social,-0.6461,1,negative
sherry6767.bsky.social,0.0,1,neutral
sherryjustice.bsky.social,0.7777,1,positive
sheryl2030.bsky.social,-0.3786,1,negative
shevawn.bsky.social,-0.4989,2,negative
shiftykitsune.bsky.social,-0.5423,1,negative
shigsby.bsky.social,0.0,1,neutral
shinnodar.bsky.social,0.2609,1,positive
shinxter.bsky.social,-0.34,1,negative
shirefox.bsky.social,0.4199,1,positive
shirosune.bsky.social,0.1591,2,neutral
shislandinfo.bsky.social,-0.0258,1,neutral
shitocracy.bsky.social,0.6884,1,positive
shivvy.bsky.social,-0.5445,2,negative
shmorg17.bsky.social,0.0,1,neutral
shoepea.bsky.social,-0.4404,1,negative
sholahoon.bsky.social,0.1908,2,negative
shortandstout1.bsky.social,0.296,1,positive
shrink-e-dink.bsky.social,0.0,1,neutral
shubhamtr.bsky.social,-0.4767,1,negative
shuilian.bsky.social,-0.1069,3,negative
shyone2910.bsky.social,-0.2244,1,negative
sialnez.bsky.social,0.0,1,neutral
siameselover3.bsky.social,-0.4588,1,negative
siamesemom.bsky.social,0.0243,5,positive
siarapita.bsky.social,0.20903333333333332,3,positive
sickandtiered.bsky.social,-0.05494999999999997,2,negative
sickofthisbs77.bsky.social,-0.5423,1,negative
siderea.bsky.social,0.5994,1,positive
sidewalkpirate.bsky.social,0.3182,1,positive
sidfinancy.bsky.social,0.7495,1,positive
sidneyroughdiamond.bsky.social,0.0,1,neutral
sidseven.bsky.social,-0.5859,1,negative
sifighter.bsky.social,0.3182,1,positive
sightmagazine.bsky.social,-0.0516,1,negative
sigridsmith.bsky.social,-0.1027,1,negative
silencedoogoode.bsky.social,0.2012,2,positive
silenceredux.bsky.social,0.0,1,neutral
silent-observer-9.bsky.social,0.0,1,neutral
silkabelli.eurosky.social,0.12040000000000001,3,neutral
silkflame.bsky.social,0.0,1,neutral
silvawolves.bsky.social,-0.3252,1,negative
silverarrows47.bsky.social,0.0,1,neutral
silverhazel.bsky.social,0.0,1,neutral
simminggrandma.bsky.social,0.034050000000000025,2,positive
simon-blone.bsky.social,0.023274999999999997,4,positive
simonee.bsky.social,-0.4651,1,negative
simonharrington.bsky.social,0.0,1,neutral
simonjdickie.bsky.social,-0.2732,1,negative
simonplittle.ca,0.2023,1,positive
simonpostsdog.bsky.social,0.0,1,neutral
simple-dreamer.bsky.social,-0.466,1,negative
simplycommonsense.bsky.social,0.0,1,neutral
simplygurn.bsky.social,-0.4767,1,negative
simplyrain.bsky.social,0.4926,1,positive
simplythee.bsky.social,0.0,1,neutral
simpson-ian.bsky.social,0.12786666666666666,21,neutral
sinatradaniels.bsky.social,0.0,1,neutral
sinboy.bsky.social,0.7264,1,positive
sinbrujula.bsky.social,-0.0772,1,negative
sinfoid.bsky.social,0.5499,1,positive
singerindy.bsky.social,0.7964,1,positive
singkell.bsky.social,0.0,1,neutral
sinisternails1.bsky.social,-0.3736,1,negative
sinkerman.bsky.social,-0.5106,1,negative
sinmam.bsky.social,0.0,1,neutral
siobhanftb.bsky.social,0.6597,1,positive
sionxxii.bsky.social,0.0,2,neutral
siouxsiew.bsky.social,0.4555909090909091,11,positive
sir10lee-knot.bsky.social,0.2584,1,positive
sirbobofambler.bsky.social,-0.26820000000000005,2,negative
sirensplight.bsky.social,-0.005275000000000002,4,positive
sirnotappearing.bsky.social,-0.27115,2,neutral
sissydonhadit.bsky.social,0.8074,1,positive
sisyphus-d.bsky.social,0.0,1,neutral
sixarmedsweater.bsky.social,0.0,1,neutral
sixxtoo.bsky.social,-0.296,1,negative
sjack24.bsky.social,0.3612,1,positive
sjbof.uk,-0.128,1,negative
sjkell.bsky.social,0.5451,2,positive
ska7rhythm.bsky.social,0.0,1,neutral
skamantha.bsky.social,-0.4563,1,negative
skarjune.bsky.social,-0.9056,1,negative
skeets4u.bsky.social,0.1909,2,neutral
skepchick.org,-0.2732,1,negative
skfowler.bsky.social,0.0,1,neutral
skiier27.bsky.social,0.5165,1,positive
skipperdot001.bsky.social,0.5574,1,positive
skocen.bsky.social,0.4926,1,positive
skol87.bsky.social,-0.4471,2,negative
skontheisland.bsky.social,0.0516,1,positive
skreee.bsky.social,-0.4939,1,negative
skrrtvonnegut.bsky.social,0.0,1,neutral
skulduggery-joe.bsky.social,-0.5676,1,negative
skully17.bsky.social,0.0,1,neutral
skunkityskunk.bsky.social,-0.8877,1,negative
skuzy1572.bsky.social,0.899,1,positive
sky-loyal.bsky.social,0.6597,1,positive
skyeactual.bsky.social,0.5719,1,positive
skykerry.bsky.social,-0.6517,1,negative
skykid2.bsky.social,0.5859,1,positive
skylee1.bsky.social,-0.5697,1,negative
skylined.bsky.social,-0.1531,1,negative
skyonair.bsky.social,0.4939,1,positive
skytheriver.bsky.social,0.2732,1,positive
slavaukraini033.bsky.social,0.07680909090909092,11,positive
slavuji.bsky.social,0.0,1,neutral
sleepinggiant69.bsky.social,0.7559,1,positive
sleepyzane.bsky.social,-0.4767,1,negative
slick-50.bsky.social,0.3818,1,positive
slightlylyons.bsky.social,0.2263,1,positive
slimeberries.bsky.social,-0.7759,1,negative
slimyferret.bsky.social,-0.8525,1,negative
slipperyboy.bsky.social,-0.6182,1,negative
slk0851.bsky.social,0.5719,1,positive
slleather.bsky.social,0.0,1,neutral
sloaneya.bsky.social,0.6249,1,positive
slobak.bsky.social,-0.1206,1,negative
slobodiandesigns.bsky.social,-0.6378,1,negative
slodude.bsky.social,0.3182,1,positive
slouchyr.bsky.social,0.7184,1,positive
slowpsycho.bsky.social,-0.6249,1,negative
slpage63.bsky.social,-0.296,1,negative
sltk23.bsky.social,0.0,1,neutral
slubbert.bsky.social,0.0,1,neutral
slurmsmackenzie.bsky.social,0.0,1,neutral
smack54.bsky.social,0.0,1,neutral
smallupsetter.bsky.social,0.0,1,neutral
smarty1.bsky.social,0.0516,1,positive
smashthefash.bsky.social,0.6124,1,positive
smdc8.bsky.social,-0.8832,1,negative
smenor.com,-0.7809,1,negative
smhebe.bsky.social,-0.30775,2,negative
smiller92216.bsky.social,0.0,1,neutral
smilodonichthys.bsky.social,-0.5574,1,negative
smithelizabeth.bsky.social,0.34,1,positive
smlarson.bsky.social,0.3182,1,positive
smm570.bsky.social,0.2732,1,positive
smoemeth.bsky.social,0.0,1,neutral
smollestbunny2.bsky.social,0.0603,10,negative
smoothpebble.bsky.social,0.6705,1,positive
smped.bsky.social,-0.0772,1,negative
smschwa.bsky.social,0.31845,2,neutral
smtuffy.bsky.social,0.9209,1,positive
smudgiesmom.bsky.social,0.0,1,neutral
smullins3000.bsky.social,0.0,1,neutral
smurfmasterjym.bsky.social,0.0,1,neutral
smurfylu.bsky.social,-0.824,1,negative
snakeman49.bsky.social,0.1806,2,positive
snapthejapanese.bsky.social,-0.1027,1,negative
snarge23.bsky.social,0.0,1,neutral
snarkandmeh.bsky.social,0.0,1,neutral
snarkey1.bsky.social,-0.5574,1,negative
snarky-op.bsky.social,0.24766666666666667,3,positive
snarkysparky2.bsky.social,0.0,1,neutral
snarkysteff.bsky.social,0.26715,4,positive
sneakinup.bsky.social,0.2732,1,positive
sneevius.bsky.social,0.5156,1,positive
snidleywhiplash.bsky.social,0.0,1,neutral
sniffit.bsky.social,-0.3731333333333333,3,negative
sninkit.bsky.social,0.7906,1,positive
snoeifout.bsky.social,-0.2023,1,negative
snoopster.bsky.social,0.0,1,neutral
snootacamund.bsky.social,-0.1531,1,negative
snorkulese.bsky.social,0.0,1,neutral
snormanca.bsky.social,-0.296,1,negative
snowmein.bsky.social,0.0,1,neutral
snowsh.bsky.social,-0.5267,1,negative
soapachu.bsky.social,0.05146666666666666,6,positive
sobercannibal.bsky.social,0.6428,1,positive
socalsilencer.bsky.social,0.1072,2,neutral
sociablesocialist.bsky.social,0.0903,4,neutral
socialepi.bsky.social,0.0,1,neutral
socialinfluenza.bsky.social,-0.8807,1,negative
socialmedialab.ca,-0.4019,1,negative
socialwriter.bsky.social,0.0,1,neutral
socio-steve.bsky.social,-0.8313,1,negative
socratesxxx.bsky.social,0.0,1,neutral
soficorgi.bsky.social,0.6124,1,positive
softblacklady15.bsky.social,-0.5106,1,negative
softgothkitten.bsky.social,0.8802,1,positive
solana77.bsky.social,-0.5255,1,negative
solarpunkfox.bsky.social,0.0,1,neutral
solartim.bsky.social,-0.5106,1,negative
solenne-e-um.bsky.social,0.61345,2,positive
solomonmissouri.bsky.social,0.0,1,neutral
solotheshooter.bsky.social,0.0,1,neutral
somark37.bsky.social,0.0,1,neutral
somati-ca.bsky.social,0.0,1,neutral
sombermoth.bsky.social,0.0,1,neutral
somecafone.bsky.social,0.3612,1,positive
someothercow.bsky.social,0.0,1,neutral
somertonem.bsky.social,-0.010774999999999993,4,negative
somewhattolerable.com,0.1546,1,positive
somuchderp.bsky.social,0.0394,1,neutral
son-of-deep-state.bsky.social,0.0,1,neutral
sondi68.bsky.social,-0.7399,1,negative
sonicscrewdriv4.bsky.social,0.2023,1,positive
sonnyvermont.bsky.social,0.7964,1,positive
sonnywayz.bsky.social,0.5719,1,positive
sonofirving.bsky.social,-0.6757,1,negative
sonofivan.bsky.social,-0.5423,1,negative
sonotwithtrump.bsky.social,0.0,1,neutral
sonstharmlos.de,-0.023650000000000004,2,negative
soonergrunt.bsky.social,-0.4404,1,negative
soozejedi.bsky.social,-0.296,1,negative
sophiemolly.co.uk,-0.4939,1,negative
sophieresists.bsky.social,-0.4964,1,negative
sophygurl.bsky.social,-0.0516,1,negative
sorensblues.bsky.social,0.0,1,neutral
sorkel3.bsky.social,0.6597,1,positive
sorry-iamcanadian.bsky.social,-0.2648,1,negative
sorrykb.myatproto.social,0.0,1,neutral
sotired.bsky.social,0.0,1,neutral
sotreu.blacksky.app,0.6369,1,positive
souldance.bsky.social,0.0,1,neutral
soulsike.bsky.social,-0.5093,1,negative
soundoftheforest.bsky.social,-0.6652,1,negative
soupcanman.bsky.social,0.4215,1,positive
sourcejedi.bsky.social,0.4926,1,positive
sousleradar.bsky.social,-0.0516,1,negative
southcarolinadop.bsky.social,0.2023,1,positive
southernviolet.blackskycomra.de,0.0516,1,positive
southpasgigi.bsky.social,0.0,1,neutral
southsider1.bsky.social,0.3612,1,positive
southysouthpaw.bsky.social,0.0,1,neutral
soyweiser.bsky.social,0.16305000000000003,2,negative
sozcog.bsky.social,-0.7906,1,negative
soziologin.bsky.social,0.3424,7,positive
sp-fxx.bsky.social,-0.0516,1,negative
spacedaddy.bsky.social,0.6217,2,positive
spaceds8008s.bsky.social,-0.4404,1,negative
spacefordogs.bsky.social,0.3612,1,positive
spacehippieface.bsky.social,-0.9398,1,negative
spaller.bsky.social,-0.6486,1,negative
spandza.bsky.social,0.0,2,neutral
sparky50732252.bsky.social,0.0,1,neutral
sparkyl.bsky.social,-0.8986,1,negative
spartaladysusan.bsky.social,-0.2677,1,negative
spartande.bsky.social,0.0,1,neutral
spasmodicanus.bsky.social,-0.01986666666666666,3,negative
spateroni.bsky.social,0.0,1,neutral
spatula8.bsky.social,-0.5542,1,negative
spck111.bsky.social,-0.3597,1,negative
speaker2animals.bsky.social,0.3825,2,positive
speakfreely55.bsky.social,-0.6908,1,negative
speechanddebate.bsky.social,0.04217499999999999,4,negative
speediegatl.bsky.social,0.0,1,neutral
speedmariachi.bsky.social,0.72265,2,positive
speedster68.bsky.social,0.0516,1,positive
speerheld.bsky.social,-0.416,3,negative
spencerdow.bsky.social,-0.5106,1,negative
spennington.bsky.social,0.0,1,neutral
sperkplerg.bsky.social,0.128,1,positive
spetrath.bsky.social,-0.4442,1,negative
spice1.bsky.social,-0.11179999999999998,2,negative
spicolisdad.bsky.social,0.3612,1,positive
spid.bsky.social,0.3592,2,neutral
spiker715.bsky.social,0.807,1,positive
spiralup.bsky.social,0.19440000000000002,2,positive
spiritomb.bsky.social,0.0516,1,positive
splatterthought.bsky.social,0.0,1,neutral
splendidsun.bsky.social,-0.0883,5,negative
splissken666.bsky.social,-0.6597,1,negative
splitatoms119.bsky.social,-0.2553,2,negative
spongebobscarsales.bsky.social,0.7654,1,positive
spoonbill.bsky.social,0.0,1,neutral
sporb.bsky.social,-0.0008333333333333248,3,positive
sportsandgames.bsky.social,0.0,1,neutral
spotto.bsky.social,0.3612,1,positive
spqesq.bsky.social,0.0,1,neutral
spy-fi.bsky.social,0.23775000000000002,4,positive
spyroslytras.bsky.social,0.4404,1,positive
squeakins85.bsky.social,-0.4767,1,negative
squeakysquirrel.bsky.social,-0.4404,1,negative
squeek-king.bsky.social,0.0,1,neutral
squidink3.bsky.social,-0.18916666666666668,3,negative
squiggels92.bsky.social,-0.7219,1,negative
squigglebingus.bsky.social,0.15175,2,negative
squirrelk.bsky.social,-0.34,1,negative
squirrelygirl.bsky.social,0.3612,1,positive
squorch.com,-0.3612,1,negative
sqwabb.bsky.social,0.7399,1,positive
sracristina.bsky.social,-0.4767,1,negative
srboisvert.bsky.social,-0.22166666666666668,3,positive
srpassesiton.bsky.social,-0.09319999999999999,4,negative
ssej25.bsky.social,-0.7841,1,negative
ssm895.bsky.social,0.4329,1,positive
ssnbubblehead.bsky.social,0.6249,1,positive
staatenlos.bsky.social,-0.2178,3,negative
stacykess.bsky.social,0.5347500000000001,2,positive
stacyostacy.bsky.social,0.0,1,neutral
stacys01.bsky.social,0.4927,1,positive
stahlmatt.bsky.social,0.0,1,neutral
stanic042.bsky.social,0.0,1,neutral
staplefunk.bsky.social,0.0,1,neutral
starfinder.bsky.social,0.15444999999999998,4,positive
starfyre59.bsky.social,-0.0772,1,negative
starlightshelling.bsky.social,0.3804,2,positive
starmansuperpants.bsky.social,-0.21776666666666666,3,negative
starrceline.bsky.social,0.4329,1,positive
starrenee.bsky.social,0.1298,1,positive
starrling.bsky.social,0.5499,1,positive
starryeyedgrl.bsky.social,0.0,1,neutral
starrykat.bsky.social,0.6841,1,positive
starshark.bsky.social,-0.6901,1,negative
starshine.bsky.social,0.3612,1,positive
starshipatlantica.bsky.social,-0.31245,2,negative
startribune.com,0.5106,1,positive
stasisdelirium.bsky.social,0.5178,1,positive
stateofthecity.bsky.social,-0.5563,1,negative
statnews.com,-0.547725,4,negative
statsboyandi.bsky.social,0.6417666666666667,3,positive
steedpeel23.bsky.social,0.0,1,neutral
steelcitydoggo.bsky.social,0.743,1,positive
steeler24girl.bsky.social,-0.4767,1,negative
steelknight42.bsky.social,0.4019,1,positive
stefvaccher.bsky.social,0.8777,1,positive
steinheim2.bsky.social,0.2263,1,positive
stemthebleeding.bsky.social,0.78505,2,positive
stephaniea2025.bsky.social,-0.6486,1,negative
stephaniebmyers.bsky.social,0.0,1,neutral
stephenbelcourt.bsky.social,0.0,1,neutral
stephenblackmoore.com,0.0,1,neutral
stephenkb.bsky.social,0.03325714285714285,7,positive
stephensmith.bsky.social,0.0,1,neutral
stephielynn204.bsky.social,-0.030766666666666647,3,negative
stephseifertphd.bsky.social,-0.17395,10,negative
stephthethird.bsky.social,-0.29135,2,negative
stepmuel.bsky.social,0.5994,1,positive
sterlingca.bsky.social,0.0,1,neutral
steve-default-phil.bsky.social,-0.6249,1,negative
steve-in-manhattan.bsky.social,-0.41355,2,negative
steve-snubs.bsky.social,-0.5859,1,negative
steve5kxc.bsky.social,-0.3384,1,negative
steveack.bsky.social,-0.5101,2,negative
stevecvi.bsky.social,0.1099,1,positive
stevedisk.bsky.social,-0.1779,1,negative
steveinba.bsky.social,-0.07216666666666667,3,negative
steveisdamages.bsky.social,-0.4148,2,negative
stevenkovacs.bsky.social,-0.10110000000000002,2,positive
steverapport.bsky.social,0.0,1,neutral
stevesainsbury.bsky.social,-0.4588,1,negative
stevesexton.bsky.social,-0.7885,1,negative
stevewfolds.bsky.social,-0.009450000000000014,2,negative
steviezevenxoxo.bsky.social,0.0,1,neutral
stewardship.bsky.social,0.0,1,neutral
stewartdompe.bsky.social,0.0,1,neutral
stewartmason.bsky.social,0.6908,1,positive
stewieeee.bsky.social,-0.2023,1,negative
stickers66.bsky.social,0.12155000000000002,2,negative
stickybunny.bsky.social,-0.6369,1,negative
stillwellgray.ca,-0.34,1,negative
stillwhispersgay.bsky.social,0.0,1,neutral
stlcatfishmike.bsky.social,-0.11963333333333331,6,negative
stobeast.bsky.social,-0.7964,2,negative
stoley321.bsky.social,-0.1589,3,neutral
stoneface.bsky.social,0.0,1,neutral
stonefeathers.bsky.social,0.0,1,neutral
stoneperch.bsky.social,-0.7579,1,negative
stonerphillyfan.bsky.social,-0.030999999999999972,2,negative
stopdropendfascism.bsky.social,-0.2063,3,neutral
stopfordianneil.bsky.social,0.5927,1,positive
stopthegop2024.bsky.social,-0.05519999999999997,2,negative
stormageddon.bsky.social,-0.8555,1,negative
stormywinter2026.bsky.social,-0.4939,1,negative
storyheadjill.bsky.social,0.23750000000000002,3,neutral
stpaulsbay.bsky.social,-0.8313333333333333,3,negative
straightarrow67.bsky.social,-0.3182,1,negative
strandschaf.bsky.social,0.0,2,neutral
strangebrickdroog.bsky.social,-0.1793,1,negative
strayarc.bsky.social,-0.23835,2,neutral
strepsirrhini.bsky.social,0.0,1,neutral
stripedtigrrr.bsky.social,-0.4484,2,neutral
strixural.bsky.social,-0.27115,2,negative
strwbryph1eld5.bsky.social,-0.6696,1,negative
stryker456.bsky.social,-0.4724,1,negative
stuartitter.bsky.social,-0.34,1,negative
stuartshapiroblou.bsky.social,-0.4939,1,negative
stuckinuslimbo.bsky.social,-0.2732,1,negative
stueyf.bsky.social,-0.887,1,negative
stumbling-gecko.bsky.social,0.0,1,neutral
stupidlikeafox.bsky.social,-0.5829,1,negative
sturmyweather.bsky.social,0.0,1,neutral
stutheeditor.bsky.social,-0.36755,2,neutral
suannelqr.bsky.social,-0.0772,1,negative
sudgr8.bsky.social,-0.5719,1,negative
sudohero.bsky.social,-0.92,1,negative
sudonaaame.bsky.social,-0.12935,2,neutral
sue-2cats.bsky.social,-0.4215,1,negative
sueclements.bsky.social,0.0,1,neutral
suedavis.bsky.social,0.0,1,neutral
suefitzbrad74.bsky.social,0.0,1,neutral
sueinrockville.bsky.social,-0.9793,1,negative
suemm33.bsky.social,0.0,1,neutral
suep3000.bsky.social,0.0,1,neutral
sueric.bsky.social,0.5859,1,positive
sugarcane99.bsky.social,-0.22365,2,neutral
sugarcubedog.bsky.social,0.0,1,neutral
sugarsgirl.bsky.social,0.0,2,neutral
summerbreeze0102.bsky.social,0.50065,2,positive
summonrats.bsky.social,0.3612,1,positive
sumo-suzy.bsky.social,0.2732,1,positive
sumoh7.bsky.social,0.03922,5,positive
sun2stars.bsky.social,-0.24655999999999997,5,neutral
sundaedivine.lol,0.11650000000000002,2,positive
sunhawk.bsky.social,-0.5859,1,negative
sunlightwarden.bsky.social,-0.4588,1,negative
sunniedayye.bsky.social,-0.39795,2,negative
sunnieskye.bsky.social,-0.2774,5,negative
sunnyblondie.bsky.social,-0.5267,1,negative
sunnyflowercat.bsky.social,0.0,1,neutral
sunnymandapanda.bsky.social,-0.3818,1,negative
sunraa.bsky.social,0.0,1,neutral
sunsetdp.bsky.social,-0.5411,1,negative
sunshine0611.bsky.social,0.1531,1,positive
sunshyne1977.bsky.social,0.0,1,neutral
sunspotted.bsky.social,0.9347,1,positive
suntattoowolf.bsky.social,0.0,1,neutral
supadope.bsky.social,-0.6124,1,negative
superbeast114.bsky.social,0.228,1,positive
superdog10.bsky.social,0.5796,2,positive
superdoppity.bsky.social,0.0,1,neutral
superhands78.bsky.social,0.3612,1,positive
supermarina.bsky.social,0.03514444444444445,9,neutral
supremewitchzara.bsky.social,0.0,1,neutral
surelyyoujokeme.bsky.social,-0.46805,2,negative
surferfromventura.bsky.social,0.2732,1,positive
susanbeeha.bsky.social,0.3568,3,positive
susanbt80.bsky.social,0.0,1,neutral
susannahredelfs.bsky.social,-0.6652,1,negative
susanrwk.bsky.social,0.6369,1,positive
susansmith65.bsky.social,0.1226,1,positive
susenshen.bsky.social,-0.4723,1,negative
susieblacksheep.bsky.social,0.0,1,neutral
susieqoualum.bsky.social,0.0,1,neutral
suslibrarian.bsky.social,-0.1779,1,negative
sutherla.bsky.social,0.2083,3,neutral
suzanne137.bsky.social,0.0,1,neutral
suzannedspain.bsky.social,0.0,3,neutral
suzbrockmann.bsky.social,-0.6908,1,negative
suze309.bsky.social,-0.09900000000000002,3,negative
suzihoops.bsky.social,-0.6597,1,negative
suzybrigham.bsky.social,0.0,1,neutral
suzypatty.bsky.social,-0.5432,1,negative
suzypco.bsky.social,-0.7506,1,negative
suzyqueboy.bsky.social,-0.0259,1,neutral
swalexander.bsky.social,0.0,1,neutral
swampwubba.bsky.social,0.0,1,neutral
sweaters40.bsky.social,-0.5128,1,negative
sweetbabette.bsky.social,0.0,1,neutral
sweetiesue1111.bsky.social,-0.0772,1,negative
swgeneralmills.bsky.social,-0.2732,1,negative
swordladym.bsky.social,0.0,1,neutral
sws1972.bsky.social,0.0,1,neutral
swxswphotagraphy.bsky.social,0.0,1,neutral
syimontemplar.bsky.social,-0.34,1,negative
syltud.bsky.social,-0.34,1,negative
sylviaj816.bsky.social,0.0,1,neutral
syntherella.bsky.social,0.0,1,neutral
syorkshire.bsky.social,0.7901,1,positive
t-fish.bsky.social,-0.505,2,negative
tacothecat.bsky.social,0.296,1,positive
tacticalbra.bsky.social,-0.20933333333333337,3,negative
taenia.bsky.social,0.2544,3,neutral
tafphy.bsky.social,-0.18724,5,negative
tagjim.bsky.social,-0.2732,1,negative
tah-sci.com,-0.659,1,negative
takaminebill.bsky.social,0.0,1,neutral
talaikis.bsky.social,-0.5574,1,negative
talentedripley.bsky.social,-0.3167,1,negative
tallgirll.bsky.social,0.0,1,neutral
talltbh.bsky.social,-0.17285999999999999,5,negative
talrazmob.bsky.social,0.4215,1,positive
tamarahebronwilson.bsky.social,-0.5562,1,negative
tamarasclan.bsky.social,-0.4865,1,negative
tamhodge.bsky.social,-0.296,1,negative
tamirlenk.bsky.social,0.0,1,neutral
tampatom69.bsky.social,-0.5927,1,negative
tamue.bsky.social,-0.9796,1,negative
tandigi.bsky.social,0.2942,1,positive
tangerinetwittroll.bsky.social,0.4435,1,positive
tangy.bsky.social,0.0,1,neutral
taniadoney.bsky.social,0.28475,8,positive
taniaspencer.bsky.social,0.063575,4,neutral
tannytanny.bsky.social,-0.3182,1,negative
tansuit.bsky.social,0.0,1,neutral
tanyalewis.bsky.social,0.0,1,neutral
tapirtrouble.bsky.social,0.0,1,neutral
tapplegate.bsky.social,-0.06543333333333333,3,positive
taradanger.bsky.social,-0.125,2,negative
tarafirma.bsky.social,-0.5574,1,negative
taraj26.bsky.social,0.08365,2,negative
taray.bsky.social,0.19934999999999997,2,positive
tarektoverso.bsky.social,0.0,1,neutral
tartanmog.bsky.social,0.022999999999999993,2,positive
tastewart.bsky.social,0.5229,1,positive
taurusdenzel.bsky.social,-0.36319999999999997,3,negative
taxmanager01.bsky.social,0.0,1,neutral
taxoxygen.bsky.social,0.5574,1,positive
tazornissen.bsky.social,0.0,1,neutral
tazz2023.bsky.social,0.0,2,neutral
tbas7000.bsky.social,0.4019,1,positive
tbern.bsky.social,0.0,1,neutral
tbiguy.bsky.social,0.2682,1,positive
tbone.malware-virus.biz,0.4023,1,positive
tccoyote.bsky.social,0.0,1,neutral
tchogray.bsky.social,-0.8336,1,negative
tchryank.bsky.social,-0.08895,2,neutral
tcsouthbank.bsky.social,0.0,1,neutral
tea2opals.bsky.social,0.03334999999999999,2,negative
teamevozilla.bsky.social,0.5574,1,positive
teasemporiumandco.bsky.social,0.5273,1,positive
teawhalem.bsky.social,0.0,1,neutral
techbroligarch.bsky.social,0.2732,1,positive
techcafe.bsky.social,-0.14403333333333332,3,positive
techgnome.bsky.social,-0.4215,1,negative
technocorgi.bsky.social,0.6249,1,positive
technogaijin.bsky.social,-0.2471833333333333,6,negative
technoplastique.bsky.social,0.5719,1,positive
techpriest4.bsky.social,0.0,1,neutral
teddyz56.bsky.social,0.0,1,neutral
tedigryphon.bsky.social,0.4019,1,positive
tee0923.bsky.social,0.0,1,neutral
tegelt.bsky.social,-0.0772,1,negative
tegusheike.bsky.social,0.4019,1,positive
tejaskr.bsky.social,0.8622,1,positive
telemark.bsky.social,0.1801,1,positive
telesonixseeker.bsky.social,0.0,2,neutral
templedrake.bsky.social,0.0,1,neutral
templinjay.bsky.social,0.2463,2,positive
tempo-pie32.bsky.social,-0.27285,2,negative
tenaciousdd.bsky.social,-0.8074,1,negative
tenredpencils1.bsky.social,-0.41108,5,negative
tenseven.bsky.social,-0.5106,1,negative
tentmakertoo.bsky.social,-0.3597,1,negative
teragramytrehod.bsky.social,-0.27963333333333334,3,negative
teresalfenton.bsky.social,-0.2755,1,negative
teresalpn.bsky.social,-0.4215,1,negative
terifaarr.bsky.social,0.54135,2,positive
terminator2030.bsky.social,-0.4588,1,negative
terracotta10.bsky.social,0.0,1,neutral
terrilyndie.bsky.social,-0.2617,1,negative
terriqui.bsky.social,0.3818,1,positive
terrysutton.bsky.social,0.0,2,neutral
tersuki.bsky.social,-0.3454,2,neutral
tetemols.bsky.social,0.8271,1,positive
teunemans.bsky.social,-0.2942,1,negative
texarcane.bsky.social,0.0,1,neutral
texas-bluebird.bsky.social,0.3182,1,positive
texasbuckley.bsky.social,-0.6369,1,negative
texasgeologist.bsky.social,-0.7783,1,negative
texasrunaway.bsky.social,0.0,1,neutral
textcontainer.bsky.social,0.0,1,neutral
tezzerrk.bsky.social,-0.8897,1,negative
tfergsc.bsky.social,0.2144,1,positive
tffawxiedave.bsky.social,0.0,2,neutral
tft.io,0.0386,2,positive
tgagemurphy.bsky.social,0.3612,1,positive
tgirlflora.bsky.social,-0.5848,1,negative
tgrieves.bsky.social,0.8126,1,positive
thackwallop.bsky.social,-0.21273333333333336,3,neutral
thailandmedical.bsky.social,-0.18022,5,negative
thaily.bsky.social,0.3612,1,positive
thalaisa.bsky.social,-0.7366,1,negative
thanh-neville.bsky.social,0.2544,4,positive
thankgod4ever.bsky.social,-0.0772,1,negative
thanksformasking.bsky.social,-0.6654,1,negative
thanksihateit603.bsky.social,-0.296,1,negative
thatac.bsky.social,-0.25506666666666666,3,neutral
thatdale.bsky.social,0.0,1,neutral
thatingrid.bsky.social,0.0,1,neutral
thatjoe.bsky.social,0.0,1,neutral
thatmanglenn.bsky.social,-0.903,1,negative
thatpetewoods.bsky.social,-0.6777500000000001,2,negative
the-art-of-hobbes.bsky.social,0.8676,1,positive
the-brain-of-dave.bsky.social,-0.3412,1,negative
the-divine-kiwi.bsky.social,0.0,1,neutral
the-false-prophet.bsky.social,-0.24025,4,negative
the-hank-s.bsky.social,-0.22303333333333333,3,negative
the-independent.com,0.0,2,neutral
the-mal.bsky.social,0.0,1,neutral
the-real-kdemoro.bsky.social,0.6124,1,positive
the17thqueen.bsky.social,0.0,1,neutral
the4thest.bsky.social,0.0,1,neutral
theactualbrian.bsky.social,0.31245,2,neutral
thealexknapp.bsky.social,0.3182,1,positive
thealextrifier.bsky.social,0.17221999999999998,5,positive
theangelofhistory.bsky.social,-0.376,1,negative
theangelremiel.bsky.social,0.3401888888888889,9,positive
theangrymop.bsky.social,0.0,1,neutral
theapexarchive.bsky.social,0.0,1,neutral
theatlantic.com,-0.24654000000000004,5,negative
thebaroness.bsky.social,0.1093,2,positive
thebeanbarn.bsky.social,-0.4767,1,negative
thebeastcub.bsky.social,0.34125,2,positive
thebeaverton.com,-0.6072,1,negative
thebellaphoenix.bsky.social,0.0,1,neutral
thebestcapt.bsky.social,-0.5284,1,negative
thebigchingon.bsky.social,0.0,1,neutral
thebijoubaby.bsky.social,0.0,1,neutral
thebitterguy.bsky.social,-0.6908,1,negative
theblobert.bsky.social,-0.6369,1,negative
thebookwizard.bsky.social,-0.1663,1,negative
thebookwormturns.co.uk,0.0772,1,positive
thebossross.bsky.social,0.3159,3,positive
theboywhowrote.bsky.social,0.3612,1,positive
thebrett.bsky.social,-0.7501,1,negative
thebuell.bsky.social,-0.4019,1,negative
thebulwark.com,0.2530428571428572,7,positive
thechairmanxyz.bsky.social,0.05805,2,negative
thechrispaduan.bsky.social,-0.593675,4,negative
theconorf.bsky.social,-0.0258,1,neutral
thecorrection.bsky.social,0.296,1,positive
thecountess.bsky.social,0.6486,1,positive
thecountessj.bsky.social,-0.8996,2,negative
thecovey.bsky.social,0.0,1,neutral
thecovidinfoguy.bsky.social,-0.2303111111111111,9,negative
thecrimsonblayde.myatproto.social,0.6249,1,positive
thecrimsonhornet.bsky.social,0.2732,1,positive
thedailybeast.bsky.social,-0.19897499999999999,4,negative
thedailyshow.com,-0.0625,4,neutral
thedarkandthelight.bsky.social,0.0,1,neutral
thedesertginger.bsky.social,0.296,1,positive
thedetroitdiva.bsky.social,0.0,1,neutral
thedeuce.bsky.social,-0.296,1,negative
thedevilzadvoc8.bsky.social,-0.5574,1,negative
thedifference2025.bsky.social,-0.8594,1,negative
thediggler.bsky.social,-0.4033,1,negative
thedigitalgazette.bsky.social,0.6369,1,positive
thedingodave.bsky.social,0.0,1,neutral
thedlee.bsky.social,-0.7263,1,negative
thedmofcthulhu.bsky.social,-0.2263,1,negative
thedougman.bsky.social,0.77115,2,positive
theelites.bsky.social,0.3182,1,positive
thefossil.bsky.social,-0.5227666666666666,3,negative
thefriendlyskeptic.bsky.social,0.1531,1,positive
thegeekprofessor.bsky.social,0.6858,1,positive
theghostofmrhand.bsky.social,0.0,1,neutral
theglobaleye.bsky.social,0.4767,1,positive
thegodshow.com,0.3076,1,positive
thegoodcook.bsky.social,0.0,1,neutral
thegopisfubar2024.bsky.social,0.0,1,neutral
theguardian.com,-0.22762777777777776,18,negative
theharshtruth.bsky.social,-0.8807,1,negative
thehermitdruid.bsky.social,0.34,1,positive
thehorizontaltegu.bsky.social,-0.128,1,negative
thehouseofqdesign.bsky.social,-0.3875,1,negative
thehouseonsodom.bsky.social,0.4939,1,positive
theintercept.com,0.4404,1,positive
theinternetsucks.bsky.social,-0.0129,2,neutral
thejaimewoo.bsky.social,0.294,1,positive
thejenniwren.teamlh.social,-0.4804,1,negative
thejoekelly.bsky.social,-0.4019,1,negative
thejoesmith.bsky.social,0.0,1,neutral
thejonbaker.bsky.social,0.0625,4,neutral
thejournal.ie,0.0,1,neutral
thekernodlegroup.bsky.social,0.5106,1,positive
thekert1.bsky.social,0.0,1,neutral
thekingofengland.bsky.social,0.8257,1,positive
theladyred.bsky.social,0.0,4,neutral
thelastbubblerises.bsky.social,-0.296,1,negative
thelasttheorist.bsky.social,-0.2755,1,negative
thelateryears.bsky.social,0.0,1,neutral
thelaymanlaments.bsky.social,0.3089,1,positive
theliberalvol.bsky.social,0.6369,1,positive
thelibraryces.northsky.social,0.4404,1,positive
theloneraider.bsky.social,-0.05185000000000001,2,negative
thelonerunner18.bsky.social,-0.10255,2,negative
thelonevirologist.bsky.social,-0.7351,1,negative
thelongblonde.bsky.social,-0.8779,1,negative
thelordgod.bsky.social,-0.8201,1,negative
themadscot.bsky.social,0.296,1,positive
themakeroftrouble.bsky.social,-0.7398,1,negative
themaninblackfled.bsky.social,0.18910000000000002,3,neutral
themanprop.bsky.social,0.3612,1,positive
themarchingmorons.bsky.social,-0.802,1,negative
themaryunfaithful.bsky.social,0.0,1,neutral
themedici.bsky.social,0.2463,2,neutral
themegofcheese.bsky.social,0.0,1,neutral
themerrywolf.bsky.social,-0.4829,1,negative
themindfulnomad.bsky.social,0.1513,1,positive
themis2023.bsky.social,0.47965,2,positive
themjl.bsky.social,-0.3988,1,negative
themmchief.bsky.social,0.6369,1,positive
themysteryinc.bsky.social,0.4199,1,positive
thenation.com,-0.77715,2,negative
thenewdeal.bsky.social,0.0,1,neutral
theodorebeef.bsky.social,-0.7578,1,negative
theoldcatlady.bsky.social,0.0,1,neutral
theonion.com,0.0,2,neutral
theonlygert.bsky.social,0.3182,1,positive
theonlyrealtmcmaui.bsky.social,-0.52095,6,negative
theotherjim.bsky.social,0.16885,2,negative
theothermatthew.bsky.social,0.4404,1,positive
thepeoplesoracle.com,0.5081,2,positive
thepeterbriggs.bsky.social,0.0,1,neutral
thepines.bsky.social,0.0,1,neutral
thepoppinator.bsky.social,0.0,1,neutral
thepostmanrusa.bsky.social,0.0,1,neutral
theqldr.com.au,-0.2263,1,negative
therandome.bsky.social,-0.4939,1,negative
therasmussen.bsky.social,0.4019,1,positive
therealchely.bsky.social,0.0,1,neutral
therealgsmith.com,0.2263,1,positive
therealgw.bsky.social,-0.04482666666666666,15,negative
therealjackhopkins.bsky.social,0.7096,1,positive
therealmrbill.bsky.social,-0.6236,1,negative
thereforereview.bsky.social,-0.636,1,negative
theresa909.bsky.social,-0.0572,1,negative
theronlongley.bsky.social,0.0,1,neutral
theronnshow.bsky.social,0.2975,1,positive
thesaltyinkslinger.bsky.social,0.0,1,neutral
thesauruswrecks.bsky.social,0.7458,1,positive
theseer.bsky.social,0.0,1,neutral
theselectfyrd.bsky.social,0.3182,1,positive
theshayd.bsky.social,0.5423,1,positive
theshnazzyone.bsky.social,0.3846,1,positive
theslocankid.bsky.social,0.0,1,neutral
thesnarktank.bsky.social,-0.004466666666666667,3,neutral
thestampcollector.bsky.social,-0.34,1,negative
thesurplusjayerich.bsky.social,-0.093625,4,neutral
thetallsister.bsky.social,-0.148,2,neutral
thetariqm.bsky.social,0.21525,2,positive
thetasalmon.bsky.social,0.6696,1,positive
thetd.bsky.social,0.0,3,neutral
theteasel.bsky.social,-0.1431,1,negative
thetheredundant.bsky.social,0.0,1,neutral
thetimchannel.bsky.social,0.34,1,positive
thetoiletghost.bsky.social,0.1154,1,positive
thetorontonian.bsky.social,0.0,1,neutral
theukrainianreview.bsky.social,0.45204999999999995,2,positive
theunchosen1.bsky.social,0.0,1,neutral
theurv.com,0.3818,1,positive
thev.bsky.social,0.07704615384615383,13,negative
theviceroyofco.bsky.social,0.0,1,neutral
thevirologist.bsky.social,0.12908333333333333,18,positive
thewanderingjew.bsky.social,-0.061575000000000005,4,neutral
thewatcherswatcher.bsky.social,-0.8176,1,negative
thewaynescott.bsky.social,-0.8118,2,negative
thewendyladi.bsky.social,0.3612,1,positive
thewilliamgeorge.bsky.social,-0.2023,1,negative
thewiserose.bsky.social,-0.7574,1,negative
thewomandalorian.bsky.social,0.0,1,neutral
theworldsgreatestwriter.com,-0.1027,1,negative
thewrightjen.bsky.social,0.5719,1,positive
thewrongway.bsky.social,0.0,1,neutral
theycallmegary.bsky.social,0.2263,1,positive
thierry-fux.bsky.social,0.0,1,neutral
thievesguild.biz,0.0,1,neutral
thincan2121.bsky.social,0.32367500000000005,4,positive
thinkfungus.bsky.social,-0.5106,1,negative
thirdcoast1420.bsky.social,0.7906,1,positive
thirstyscholar.bsky.social,-0.2244,1,negative
thisfoxhere.bsky.social,0.049600000000000005,2,positive
thishere-n-of-one.bsky.social,0.0,1,neutral
thisisexhausting.bsky.social,-0.1027,1,negative
thisisjoylps.bsky.social,-0.4215,1,negative
thisisthenam.bsky.social,0.6184499999999999,2,positive
thisteensy.bsky.social,0.4939,1,positive
thmorris.bsky.social,0.0,1,neutral
thngs2come.bsky.social,0.0289,1,neutral
thoang1971.bsky.social,0.0,1,neutral
thohammer.bsky.social,0.2382,1,positive
thomaskralow21.bsky.social,0.5346,1,positive
thomasludge.bsky.social,0.6588,1,positive
thomasswords.bsky.social,-0.7506,1,negative
thommurphy.bsky.social,0.5106,1,positive
thorjansen.bsky.social,-0.6515500000000001,2,negative
thornsoftristan.bsky.social,0.0,2,neutral
thotkrmnl.bsky.social,-0.5106,1,negative
thoughtfulnz.bsky.social,0.3033666666666666,3,positive
thoughtlessdeed.bsky.social,-0.7553,1,negative
thrasherxy.bsky.social,-0.296,1,negative
thrivewell.bsky.social,-0.9258,1,negative
throughthestatic.bsky.social,-0.20156666666666667,3,negative
thrymson.bsky.social,-0.27115,2,neutral
thunder1008.bsky.social,0.0045499999999999985,2,positive
thunderboltgo.bsky.social,-0.41545000000000004,2,negative
thylema.bsky.social,0.3612,1,positive
thyroid-2303.bsky.social,0.7003,1,positive
ticgran45.bsky.social,0.0,1,neutral
ticholas.bsky.social,0.0772,1,positive
tiffany21nyc.bsky.social,-0.3182,1,negative
tiffi-nagaty.bsky.social,0.0,1,neutral
tifotter.bsky.social,0.0,1,neutral
tigertrout8.bsky.social,0.0,1,neutral
tikkaqrow.bsky.social,-0.8156,1,negative
tim-cliffe.bsky.social,0.0,1,neutral
tim.ink,0.6124,1,positive
timatwurk1.bsky.social,-0.2755,1,negative
timblue.bsky.social,0.4588,1,positive
timbo6.bsky.social,0.0,1,neutral
timbothewiz.bsky.social,-0.34435,2,positive
timbousquet.bsky.social,0.296,1,positive
time2move.bsky.social,0.0,1,neutral
timefornow.bsky.social,0.13039999999999996,2,positive
timfra.bsky.social,-0.5267,1,negative
timkell.bsky.social,-0.1901,1,negative
timlagor.bsky.social,0.0,1,neutral
timlow3.bsky.social,-0.5423,1,negative
timopche.bsky.social,0.0386,2,neutral
timothytaubes.bsky.social,-0.34,1,negative
timprice.bsky.social,-0.06412499999999999,4,neutral
tinkerbell24.bsky.social,-0.2144,1,negative
tinkeringtailortom.bsky.social,0.4404,1,positive
tinkiegurl.bsky.social,-0.43445,2,neutral
tinni-tus.bsky.social,-0.038003333333333326,30,positive
tinphx.bsky.social,-0.128,1,negative
tinydonkey.bsky.social,-0.6908,1,negative
tinyhouse.bsky.social,0.6249,1,positive
tippedbeaker.bsky.social,0.0,2,neutral
tired-a-f.bsky.social,0.2914,1,positive
tiredinaz.bsky.social,0.0,1,neutral
tiredoldyarnho.bsky.social,0.2068,2,negative
tiredonthetrail.bsky.social,0.0,1,neutral
tjaye.bsky.social,-0.34,1,negative
tjcatskills.bsky.social,0.4199,1,positive
tjmaximum.bsky.social,-0.7351,1,negative
tjol.bsky.social,-0.5719,1,negative
tjradcliffe.bsky.social,0.06683333333333334,6,positive
tjtequal.bsky.social,0.4927,1,positive
tkb24.bsky.social,-0.2732,1,negative
tkincaidin.bsky.social,-0.25,1,negative
tkingfisher.com,0.023037499999999995,8,negative
tldupy.bsky.social,-0.6428,1,negative
tlm108.bsky.social,0.0,1,neutral
tlt55.bsky.social,-0.0772,1,negative
tlynn71.bsky.social,0.4022333333333334,3,positive
tmackay.bsky.social,0.2263,1,positive
tmaher.bsky.social,-0.34,1,negative
tmartinsmith.bsky.social,-0.1779,1,negative
tmcatee.bsky.social,0.0,1,neutral
tmel1219.bsky.social,-0.8316,1,negative
tmfloressb.bsky.social,0.6369,1,positive
tmgibs.bsky.social,0.0,1,neutral
tmi654.bsky.social,0.0,1,neutral
tmurp1953.bsky.social,-0.6259,2,negative
toad.city,-0.3524,2,neutral
toast2hawks.bsky.social,0.0,1,neutral
toastchanges.com,-0.06386666666666667,3,positive
toastercat.bsky.social,0.5719,1,positive
toasterposey.art,-0.4404,1,negative
tobogganator.bsky.social,0.6597,1,positive
tobymacnutt.bsky.social,-0.5499,1,negative
tobysmoland.bsky.social,0.0,1,neutral
toddbergman.bsky.social,0.0,1,neutral
todders707.bsky.social,0.0,1,neutral
toddlambert.com,-0.184,4,negative
togetherwemask.bsky.social,-0.11569090909090911,11,negative
tokerace.bsky.social,0.3089,1,positive
tolcser.bsky.social,0.0,1,neutral
tollerlover05.bsky.social,-0.17565714285714287,7,negative
tom.ison.blue,-0.6939,1,negative
tom.medsky.social,0.05210000000000001,4,negative
tom1970.bsky.social,0.2557,3,negative
tomasolo.bsky.social,-0.0258,1,neutral
tombunchofnumbers.bsky.social,0.08677499999999999,4,positive
tombussanich.bsky.social,-0.7845,1,negative
tomchilds.bsky.social,0.0,1,neutral
tomdanook.bsky.social,0.4404,1,positive
tomengel7.bsky.social,0.4391,1,positive
tomforsyth.bsky.social,0.0,1,neutral
tomguff.bsky.social,-0.5729,1,negative
tomking.design,-0.3593,1,negative
tomlowman.bsky.social,-0.4767,1,negative
tommusgrove.bsky.social,-0.0516,1,negative
tommy2legs67.bsky.social,-0.33525,2,negative
tommyg1967.bsky.social,0.0772,1,positive
tommyrayray.bsky.social,0.0,1,neutral
tommytwopence.bsky.social,0.765,1,positive
tomnumeco05.bsky.social,-0.0516,1,negative
tompain.bsky.social,0.6597,1,positive
tompostable.bsky.social,0.0,1,neutral
tomschaffer.bsky.social,-0.5106,1,negative
tomsellacar.bsky.social,0.0,1,neutral
tomspoors.bsky.social,0.0,1,neutral
tomthegrinch.bsky.social,0.2263,1,positive
tomwild.bsky.social,-0.4404,1,negative
tomwvv.bsky.social,-0.5423,1,negative
tomzirkle.bsky.social,0.1759,1,positive
tonezib.bsky.social,0.7096,1,positive
toni188.bsky.social,0.3612,1,positive
tonibug4.bsky.social,-0.6908,1,negative
tonyc007.bsky.social,0.0,1,neutral
tonymangino.bsky.social,0.5171,1,positive
tonytassell.bsky.social,-0.3737,2,negative
too-young.bsky.social,-0.5574,1,negative
toomanycommas.bsky.social,0.37845,2,positive
tootall64.bsky.social,-0.5267,1,negative
toothychicken.bsky.social,0.008600000000000016,3,positive
tootlefish.bsky.social,0.2263,1,positive
topiltzin.bsky.social,-0.3865,1,negative
topsybutterfly.bsky.social,0.0,1,neutral
torbalan.bsky.social,-0.2755,1,negative
torejuloe.bsky.social,0.7184,1,positive
torven42.bsky.social,0.0,1,neutral
tostilynx.bsky.social,0.51,1,positive
tourlounette.bsky.social,0.0,1,neutral
toutsuite.bsky.social,0.1923,1,positive
townsendtowers.bsky.social,0.5644,1,positive
toyfu332.bsky.social,-0.7728,1,negative
toyourleft.bsky.social,-0.34,1,negative
tozinameran.bsky.social,-0.4657,2,negative
tpgroberts.bsky.social,0.3612,1,positive
tpwky.bsky.social,0.4321,1,positive
tr3esquire.bsky.social,-0.1695,1,negative
tracey-m.bsky.social,0.28595,2,positive
traceynkoda.bsky.social,0.4199,1,positive
traceytaylor.bsky.social,0.0,1,neutral
tracysusan.bsky.social,-0.4019,1,negative
traicoff-denise.bsky.social,0.0,1,neutral
trance.bsky.social,-0.17025,6,positive
tranquilbreezus.bsky.social,-0.3756,4,negative
transitingthrough.bsky.social,0.5413,1,positive
transplantedsconie.bsky.social,-0.4665333333333333,3,negative
trataal.bsky.social,0.2023,1,positive
traumamomma.bsky.social,0.45420000000000005,2,positive
travel4thestars.bsky.social,0.0,1,neutral
travelbuddha.bsky.social,0.0,1,neutral
travelbugg.bsky.social,0.10015,2,neutral
travellator3.bsky.social,-0.21285,2,negative
travelnerd2022.bsky.social,-0.83205,2,negative
travelprose.bsky.social,-0.5267,1,negative
traymused.bsky.social,-0.08616666666666667,3,neutral
trdowden2.bsky.social,0.15802,5,neutral
trdsf.bsky.social,-0.2124,1,negative
treadingwater1.bsky.social,-0.2732,1,negative
treatallwithlove.bsky.social,-0.8591,1,negative
treeelf.bsky.social,0.2682,3,positive
treekocopter.bsky.social,0.2263,1,positive
tremes15.bsky.social,0.59945,2,positive
trenchdiggr.bsky.social,0.3612,1,positive
trevorthet.bsky.social,-0.1531,1,negative
triagenursemd.bsky.social,-0.34,1,negative
triciapeace.bsky.social,0.5106,1,positive
trickledownfailed.bsky.social,-0.9169,1,negative
triggeredbytrump.bsky.social,-0.5945,1,negative
trinity888.bsky.social,-0.296,1,negative
trinityphoenix.bsky.social,0.0,1,neutral
triplejake.bsky.social,0.0,1,neutral
triplingual.myatproto.social,0.2787,2,positive
trippypea.bsky.social,-0.6377,1,negative
trishasnakes.bsky.social,0.4404,1,positive
trishgreenhalgh.bsky.social,-0.135,6,negative
trixie57.bsky.social,0.14836666666666667,3,positive
trixiebelden75.bsky.social,-0.31245,2,neutral
trixiedixon.bsky.social,-0.4939,1,negative
trixxyil.bsky.social,0.0,1,neutral
trjumpet.swifties.social,0.6555,2,positive
trmyerscough.bsky.social,-0.8573,1,negative
trnrz.bsky.social,0.0,1,neutral
trottershack.bsky.social,-0.4215,1,negative
troubledzoru.bsky.social,0.79365,2,positive
troublemakers49.bsky.social,0.4404,1,positive
trox2.bsky.social,0.7003,1,positive
trubluatx.bsky.social,0.2732,1,positive
truckle4evr.bsky.social,0.0,1,neutral
trueblueusa1972.bsky.social,-0.4767,1,negative
truexted.bsky.social,-0.9732,1,negative
truliablue.bsky.social,-0.6690499999999999,2,negative
trumancapps.bsky.social,-0.7351,1,negative
trumpactiontracker.bsky.social,0.4019,1,positive
trumpblowselon.bsky.social,-0.8555,1,negative
trumpisasociopath.bsky.social,0.0,1,neutral
trumpisurking.bsky.social,-0.24695,2,negative
trumpiztheenemy.bsky.social,0.0,1,neutral
truthaddictvt.bsky.social,0.0,1,neutral
truthministry.bsky.social,0.0,1,neutral
truthntransparency.bsky.social,-0.13945,2,positive
truthoverparty.bsky.social,-0.4588,1,negative
tryangregory.bsky.social,-0.15758,20,negative
tryn2bkind.bsky.social,-0.5859,1,negative
tsalagitiffany.bsky.social,0.0,1,neutral
tsfishergirl.bsky.social,-0.5106,1,negative
tsotate.bsky.social,0.0772,1,positive
tspreew.bsky.social,0.2382,1,positive
tsunami65.bsky.social,0.25388,5,positive
tsundokuenthusiast.bsky.social,-0.10389999999999999,2,positive
tts61.bsky.social,-0.5106,1,negative
tubadrew.bsky.social,0.7579,1,positive
tucamels.bsky.social,0.4404,1,positive
tuckaduck.bsky.social,0.4648,1,positive
tuckfrumplimpdix.bsky.social,0.4404,1,positive
tuffrings.bsky.social,0.20095,2,neutral
tummy-aches.bsky.social,-0.5423,1,negative
tuphlos.bsky.social,0.1444666666666667,3,negative
turbineguy.bsky.social,0.0,1,neutral
turningphrases.bsky.social,0.051449999999999996,2,positive
tuscananerd.bsky.social,-0.34,1,negative
tuxkate.bsky.social,0.8796,1,positive
tvpworld.bsky.social,-0.3612,1,negative
tweetiepiehawly.bsky.social,0.4199,1,positive
tweetrinkets.bsky.social,-0.050949999999999995,2,negative
twentyninedollars.bsky.social,0.6239,1,positive
twilie09.bsky.social,0.3612,1,positive
twink214.bsky.social,0.0,1,neutral
twinklee.bsky.social,-0.2023,1,negative
twinkocalypse.bsky.social,0.0,2,neutral
twinsfan81.bsky.social,-0.6908,1,negative
twoo60.bsky.social,0.296,1,positive
txasnug.bsky.social,0.0,1,neutral
txdede.bsky.social,-0.7028,1,negative
txsilverbear.bsky.social,-0.656875,4,negative
tyabann.bsky.social,0.5994,1,positive
tygator.bsky.social,-0.6486,1,negative
tyleraking.com,0.0,1,neutral
typhoon-64.bsky.social,-0.7469,1,negative
tyranny.sparklenoise.com,-0.1101,4,neutral
tyrantbiggles.bsky.social,0.0,1,neutral
tyriansongbird.bsky.social,0.4199,1,positive
tyrotcm.bsky.social,-0.08895,2,neutral
tzar-chasm.bsky.social,0.128,1,positive
ub4him2.bsky.social,0.7096,1,positive
ubergreen.northsky.social,-0.6124,1,negative
ubermenchies.bsky.social,0.5367,1,positive
ubjujee.bsky.social,0.4404,1,positive
ucheblackstockmd.bsky.social,0.023500000000000014,8,positive
uclabruin1998.bsky.social,-0.6249,1,negative
udbina54.bsky.social,-0.5423,1,negative
udisabiities.bsky.social,-0.4767,1,negative
ugarles.bsky.social,0.4404,1,positive
ugh-humans.bsky.social,0.1585,1,positive
uglyoldman.bsky.social,0.005900000000000016,2,negative
ukbastard.bsky.social,-0.5719,1,negative
ulisesulises.bsky.social,0.3382,1,positive
ulrich-vissering.bsky.social,0.0,2,neutral
umairmufti.bsky.social,0.7871,1,positive
umbrae.bsky.social,-0.71445,2,negative
unatiers.bsky.social,0.0,1,neutral
unbotheredkate.bsky.social,0.0772,1,positive
uncannyval3.bsky.social,0.6249,1,positive
unclecaa.bsky.social,-0.8309,1,negative
unclecracker.bsky.social,-0.1779,1,negative
unclefister.bsky.social,-0.4023,1,negative
unclegus1967.bsky.social,0.0,1,neutral
unclehiss.bsky.social,-0.4215,1,negative
unclequagsire.bsky.social,0.34,1,positive
uncommonsenseshow.bsky.social,-0.1027,1,negative
underwhelmed.bsky.social,-0.65635,2,negative
unewme.bsky.social,-0.3595,1,negative
ungoliant.bsky.social,0.2263,1,positive
ungraceful.bsky.social,0.8872,1,positive
unhipcat.bsky.social,0.0,1,neutral
unicorn74.bsky.social,0.0,1,neutral
unicrnshrtsprkles.bsky.social,0.6249,1,positive
uniondesign.bsky.social,0.22800000000000004,5,positive
unionhawk.bsky.social,-0.6865,1,negative
united24media.com,-0.1779,1,negative
unitedresistance.bsky.social,-0.22674999999999998,2,negative
unlikelyortiz.bsky.social,-0.2263,1,negative
unlikelysuperheros.bsky.social,-0.2263,1,negative
unlox.bsky.social,0.6369,1,positive
unpersoned.bsky.social,-0.1673,2,neutral
unraveled5.bsky.social,0.5719,1,positive
unroll.skywriter.blue,0.0,1,neutral
unsubtly.bsky.social,0.0,1,neutral
unusualtimeline.bsky.social,-0.2484,1,negative
unusualwhales.bsky.social,-0.0258,2,neutral
uoftpandemics.bsky.social,-0.2732,1,negative
upchuck66.bsky.social,-0.30415,2,neutral
upperebalcony.bsky.social,-0.0772,1,negative
uppityblackwoman.bsky.social,-0.6002,1,negative
upstateny.bsky.social,0.21075,2,positive
urlcannonbear.bsky.social,-0.20095,2,neutral
us-ny-nb.bsky.social,-0.2263,1,negative
us-political-news.bsky.social,0.0,1,neutral
usaalways.bsky.social,-0.2263,1,negative
usagreatalready.bsky.social,0.0,1,neutral
usatoday.com,0.2787,2,positive
usblue.bsky.social,-0.5859,1,negative
usernamedme.bsky.social,0.12085000000000001,2,negative
usingmybrain.bsky.social,0.1511,1,positive
usnews.com,-0.8357,1,negative
usyacht.bsky.social,0.0,1,neutral
utahalumnus.bsky.social,-0.0258,1,neutral
ute-rall.bsky.social,-0.8399,1,negative
utilius.bsky.social,0.0,1,neutral
uuann.bsky.social,-0.7906,1,negative
uvmike.bsky.social,0.0,1,neutral
uxchampion.bsky.social,-0.8315,1,negative
uyscutipeach.bsky.social,-0.05847999999999999,10,neutral
uzool9.bsky.social,0.0,1,neutral
v-franklin-writer.bsky.social,-0.3412,1,negative
v-m-i.bsky.social,0.86505,2,positive
vacation-4-all.bsky.social,0.0,1,neutral
vacheestfachee.bsky.social,-0.824,1,negative
vafella.bsky.social,0.0,1,neutral
vagabondvisions.studio,0.7219,1,positive
vagabondvivant.com,0.5859,1,positive
vaikealexandra.bsky.social,0.0516,1,positive
valebodi.bsky.social,0.0,1,neutral
valiantos.bsky.social,0.3182,1,positive
valjpauls.bsky.social,-0.6249,1,negative
valkree.xyz,-0.2298,1,negative
valkyriene.bsky.social,0.5106,1,positive
vally.bsky.social,-0.5017,2,negative
valymonahan.bsky.social,-0.18785,6,negative
van-alan.bsky.social,-0.802,1,negative
vancityhacks.bsky.social,0.20995,2,positive
vanec73.bsky.social,0.4019,1,positive
vanillacoachella.bsky.social,0.0,1,neutral
vanillamewlk.bsky.social,0.162,1,positive
vanillawaffer99.bsky.social,0.3612,1,positive
vanitycomplex.bsky.social,-0.902,1,negative
vanpgh.bsky.social,0.0,1,neutral
vanskafka.bsky.social,0.6369,1,positive
vanvidum.bsky.social,-0.09866666666666667,3,neutral
vapornoir.bsky.social,-0.30915000000000004,2,negative
vaqueandconfusing.bsky.social,0.0,1,neutral
vardm-65.bsky.social,-0.5423,1,negative
vartyger.bsky.social,0.3269,2,positive
vaughnhilton.bsky.social,0.5399,1,positive
vblcommish.bsky.social,0.4201,1,positive
vealllc.bsky.social,-0.05986666666666666,3,negative
vee40below0.bsky.social,-0.4939,1,negative
veepaws.bsky.social,0.0,1,neutral
veertjephilips.bsky.social,0.0,1,neutral
vegasexpats.bsky.social,0.0772,1,positive
vegasgello.bsky.social,-0.10100000000000002,4,negative
vekamtl.bsky.social,-0.1027,1,negative
velocity69.bsky.social,-0.5574,1,negative
velourazure.bsky.social,-0.2732,1,negative
ventybones.bsky.social,0.1779,1,positive
venusanmars.bsky.social,0.128,1,positive
verbalkintsoeze.bsky.social,0.0,1,neutral
verboseminimalist.bsky.social,0.3553,1,positive
verdiaria.bsky.social,-0.34,1,negative
verghast404.bsky.social,-0.3096,1,negative
veritablejones.bsky.social,0.1541,1,positive
verityplayer.bsky.social,0.0,1,neutral
verointhedesert.bsky.social,0.3182,1,positive
veronicanyce.bsky.social,0.5405,1,positive
veronicasam13.bsky.social,0.3612,1,positive
verveineanar.bsky.social,0.0,1,neutral
verybadllama.bsky.social,0.44930000000000003,2,positive
vesnavoice.bsky.social,-0.16564,5,neutral
vetsat.bsky.social,0.2989,1,positive
vgcatano.bsky.social,-0.4939,1,negative
vibr84me.bsky.social,-0.5106,1,negative
vibrantthinker.bsky.social,0.3612,1,positive
viciousbeans.bsky.social,-0.7835,1,negative
vickiecarey.bsky.social,-0.36775,2,negative
vickithebest.bsky.social,-0.5342,2,negative
vickyschauer.bsky.social,-0.3612,1,negative
victinibcn.bsky.social,0.13895,2,positive
victor14403.bsky.social,-0.58745,2,negative
victoriascott.bsky.social,0.7964,1,positive
viejogambler.bsky.social,-0.2732,1,negative
vietnamvetbob.bsky.social,-0.65415,2,negative
vietvet66.bsky.social,0.0,1,neutral
vieuxnez.bsky.social,-0.7654,1,negative
viewfromarchstreet.com,0.6692,1,positive
vigeo93.bsky.social,-0.2991333333333333,3,negative
vilainpabo.eurosky.social,0.0,1,neutral
vimesofthewatch.bsky.social,0.0,1,neutral
vinayaka.bsky.social,0.0,2,neutral
vincefil.bsky.social,0.5719,1,positive
vincehardy.bsky.social,0.0,1,neutral
vincentsworkisdone.bsky.social,-0.212025,8,negative
vincenzodon.bsky.social,0.0,2,neutral
vincepat.bsky.social,0.34675,4,positive
vinguptamd.bsky.social,0.8122,1,positive
vinniefelice.bsky.social,0.0,1,neutral
vintageknits.bsky.social,0.16143333333333335,3,neutral
vinylrichie.bsky.social,0.0,1,neutral
violetblue.bsky.social,0.25806666666666667,3,positive
violetbunnikins.bsky.social,-0.17533333333333334,6,neutral
violetends.bsky.social,-0.5267,1,negative
violetsneeded.bsky.social,0.0772,1,positive
violinist1958.bsky.social,0.5475,1,positive
viraldonutz.bsky.social,-0.4449,1,negative
virginialady16.bsky.social,-0.22023846153846155,13,negative
virginianx.bsky.social,0.5267,1,positive
virginmedianews.bsky.social,-0.6705,1,negative
virussucks.com,0.0,1,neutral
visikde.bsky.social,-0.4019,1,negative
visualplague.bsky.social,-0.09657142857142857,7,neutral
vivacia.bsky.social,0.0,1,neutral
vivicorpceo.bsky.social,-0.03384999999999999,2,positive
vivie1221.bsky.social,0.4678,1,positive
vixenbrushstudios.com,0.5307,1,positive
vjm4democracy.bsky.social,-0.3325,1,negative
vk3tbn.bsky.social,0.5106,1,positive
vlafs.bsky.social,-0.1891,1,negative
vlagstaf.bsky.social,0.3612,1,positive
vmagsfox.bsky.social,0.4283,2,positive
vocalderbyguy.bsky.social,-0.8606499999999999,2,negative
voceofreason.bsky.social,0.296,1,positive
void-d00m.bsky.social,0.0,2,neutral
void0reason.bsky.social,0.38680000000000003,3,positive
voidsbunny.bsky.social,-0.05335000000000001,2,positive
volid.bsky.social,-0.5719,1,negative
volkinaxe.bsky.social,0.8591,1,positive
vomitgoblin.bsky.social,0.0,1,neutral
vonherff.bsky.social,0.6124,1,positive
vonhonkington.bsky.social,0.0,1,neutral
vorstus.bsky.social,-0.6882,1,negative
voteblue4vr.bsky.social,0.09945,2,positive
votersolange.bsky.social,0.4754,1,positive
vox.com,0.4497,1,positive
vriderch.bsky.social,-0.6249,1,negative
vscharff.bsky.social,-0.6369,1,negative
vsheridan.bsky.social,-0.5904,1,negative
vspouse.bsky.social,-0.3953,2,neutral
vt-sci-ctzn.bsky.social,-0.7717,1,negative
vulcant1369.bsky.social,-0.1531,1,negative
vumander.bsky.social,0.4588,1,positive
w1rral.bsky.social,0.0,1,neutral
w2u0b2b5.bsky.social,-0.8114,1,negative
waa2112.bsky.social,-0.5506,2,negative
wacket.bsky.social,-0.3586333333333333,3,negative
waggylowski.bsky.social,-0.2481,1,negative
wagmore.bsky.social,-0.2057,1,negative
wahusk.bsky.social,0.7696,1,positive
waiting74patiently.bsky.social,0.0,1,neutral
waitingonacomet.bsky.social,-0.20965,2,positive
wakeupangry.bsky.social,0.21515,2,neutral
wakkobro3.bsky.social,0.4215,1,positive
walkabout-west.bsky.social,0.0,1,neutral
walkerm211.bsky.social,-0.8644,1,negative
walkingumchewer.bsky.social,0.0772,1,positive
walkingwounded.bsky.social,-0.5994,1,negative
walks30.bsky.social,-0.4301,3,negative
wallybuan0.bsky.social,0.5719,1,positive
wallykibler.bsky.social,-0.34865,2,negative
walter420.bsky.social,-0.11315,2,negative
waltermuller.bsky.social,-0.3412,1,negative
wampwamp.bsky.social,-0.1806,2,neutral
wanda.bsky.social,0.08548125000000001,16,positive
wanda27.bsky.social,-0.10606666666666666,3,neutral
wandamocats.bsky.social,0.5574,1,positive
wandawitch.bsky.social,0.0,1,neutral
want-quiet.bsky.social,0.0,1,neutral
wantthetruth.bsky.social,0.0,1,neutral
warizheck.bsky.social,0.20095,2,positive
warner1971.bsky.social,-0.5423,1,negative
warnock.senate.gov,-0.4485,1,negative
warofthebees.bsky.social,0.4019,1,positive
warpfactor10.bsky.social,0.3182,1,positive
wart67.bsky.social,0.0,1,neutral
warybear.bsky.social,-0.1779,1,negative
washingtonpost.com,0.01422,5,positive
washu.driger.gay,-0.4588,1,negative
washuchan.bsky.social,0.0,1,neutral
wasilla.bsky.social,-0.3612,1,negative
wastrel333.bsky.social,0.2235,1,positive
watanabetakao.bsky.social,0.5593,4,positive
watch1027.bsky.social,0.06616666666666667,3,negative
waterfordwhispers.bsky.social,0.0,1,neutral
waterlilyunltd.bsky.social,0.030949999999999978,2,negative
watershipdown-72.bsky.social,0.4019,1,positive
waurii.bsky.social,-0.32055,2,neutral
waya7665.bsky.social,-0.04907999999999999,5,negative
wayfarerone.bsky.social,0.0,1,neutral
wayneesmith.bsky.social,0.0,1,neutral
wayneslaven.bsky.social,-0.7506,1,negative
waziam6.bsky.social,0.0,1,neutral
wbaltv11.bsky.social,-0.5423,1,negative
wbfmorningstar.bsky.social,0.6239,1,positive
wbg163.bsky.social,0.0,1,neutral
wbtwnews13.bsky.social,0.0,1,neutral
wbur.org,0.0258,1,neutral
wcvb5.bsky.social,-0.5574,1,negative
weakcookies.bsky.social,0.0,1,neutral
wearefood.bsky.social,0.0,1,neutral
web.kim,0.3612,1,positive
webgiant.bsky.social,0.6686,1,positive
webuiltthiscity.bsky.social,0.6705,1,positive
wedgeantilles.bsky.social,-0.7661,1,negative
weedshouldbelegal.bsky.social,-0.4093,4,negative
weekendoasis.bsky.social,-0.4939,1,negative
weekendwarrior.bsky.social,0.0,1,neutral
weenieweediweeki.bsky.social,0.4404,1,positive
wefingtoldyouso.bsky.social,-0.3089,1,negative
weftage.bsky.social,-0.5994,1,negative
wehearvoices.bsky.social,0.8639,1,positive
wehtjewy.bsky.social,-0.0772,1,negative
weirdscix.com,-0.6739,1,negative
weisselberger.bsky.social,-0.4767,1,negative
welkinatdusk.bsky.social,-0.15979999999999997,2,negative
wellborn.net,-0.0516,1,negative
wellsbe.bsky.social,-0.128,1,negative
wemdmj.bsky.social,0.0,1,neutral
wendybird13.bsky.social,-0.3612,1,negative
wendyorent.bsky.social,0.28891875,16,positive
wendyreed.bsky.social,0.0,1,neutral
wenz.bsky.social,0.2263,1,positive
werechicken.bsky.social,-0.3517,2,negative
wes1986.bsky.social,-0.2732,1,negative
wesleylinkbug.bsky.social,-0.5719,1,negative
wessoman.bsky.social,0.0,1,neutral
westcoastmike.bsky.social,0.296,1,positive
westcoastnews.bsky.social,-0.7717,1,negative
westerns.bsky.social,-0.2817,2,negative
westernthoughts.bsky.social,0.2846,1,positive
westonjk.bsky.social,-0.40515,2,negative
wethepeople24.bsky.social,0.2023,1,positive
wewillnotgoquietly.bsky.social,0.0,1,neutral
wfysh.bsky.social,0.6249,1,positive
wgez.bsky.social,-0.5994,1,negative
wh0n0z.bsky.social,0.4215,1,positive
whadevs.bsky.social,0.8522,1,positive
whalepsychiatrist.bsky.social,0.2446,2,positive
whatahellofawaytodad.com,0.0,1,neutral
whatamysays.bsky.social,0.0,1,neutral
whatevertron.blacksky.app,0.0,1,neutral
whatjusthappened.bsky.social,0.3182,1,positive
whatsarasaid.bsky.social,0.10762500000000001,4,negative
whatsleftofmarlon.bsky.social,-0.08829999999999999,2,positive
wheeliemum.bsky.social,0.1298,1,positive
wheels002.bsky.social,0.3612,1,positive
wheezer2024.bsky.social,0.22483333333333336,3,positive
whereitsat68.bsky.social,0.10194999999999999,2,positive
whidbey54.bsky.social,0.0,2,neutral
whimsy.pikachannel.xyz,0.4939,1,positive
whingerf.bsky.social,-0.1531,1,negative
whirledbizarre.bsky.social,0.0,1,neutral
whiskyjean.bsky.social,-0.5574,1,negative
whisperingpines.bsky.social,-0.1468,3,neutral
whistlingbatter.bsky.social,0.75,1,positive
whiteelk119.bsky.social,-0.1531,1,negative
whitehairman.bsky.social,0.0,1,neutral
whitekahuna1.bsky.social,-0.0516,1,negative
whiteswinous.bsky.social,0.1295,2,negative
who.int,0.07155238095238095,21,neutral
whoa-magic.lol,0.0,1,neutral
whodat35.bsky.social,-0.3716,1,negative
whopado.bsky.social,0.5889,1,positive
whozblue.bsky.social,-0.2604,2,neutral
whyisthat.bsky.social,0.0258,1,neutral
whynotnemo.bsky.social,-0.5508,1,negative
wichitawstraw.bsky.social,0.5994,1,positive
wickedpissahme.bsky.social,-0.28875,2,neutral
wickit411.bsky.social,-0.631,1,negative
wielderofthekey.bsky.social,0.0,1,neutral
wien.eurosky.social,-0.8074,1,negative
wigglepig.bsky.social,0.0,1,neutral
wiimotionplussy.bsky.social,0.0,1,neutral
wild-river-blue.bsky.social,-0.5706,2,negative
wildbore101.bsky.social,0.6486,1,positive
wildchild.bsky.social,0.765,1,positive
wildekarde.bsky.social,0.0,1,neutral
wildplumbay.bsky.social,0.14365,2,positive
wildwisdom.bsky.social,-0.2617,1,negative
wilfhound.bsky.social,0.31720000000000004,2,positive
wilhelmusjanus.bsky.social,0.1531,1,positive
willbearsmom.bsky.social,-0.4854,2,negative
william80.bsky.social,-0.12573333333333334,3,negative
williamcubed.bsky.social,0.069,1,positive
willowminder.bsky.social,0.0,1,neutral
wills-son.bsky.social,0.0,1,neutral
willyboy60.bsky.social,-0.7783,1,negative
willyweed.bsky.social,-0.1779,1,negative
wimgmeijer.bsky.social,-0.296,1,negative
wimpson69.bsky.social,-0.29835,2,positive
windbreaker52.bsky.social,0.05159999999999998,2,positive
windowseat.bsky.social,0.6136,1,positive
windygirl.bsky.social,0.0,1,neutral
wingedhussar.bsky.social,-0.2992,2,neutral
wingfoot1618.bsky.social,0.6124,1,positive
winkipop.bsky.social,-0.2023,1,negative
winniethewitch.bsky.social,0.2197,1,positive
winniethewoo2.bsky.social,0.6596,2,positive
winnipegfreepress.com,-0.872,1,negative
wipjenni.bsky.social,0.5023,1,positive
wipps.bsky.social,-0.21673333333333333,3,neutral
wired.com,0.22035,2,positive
wiselineprt.bsky.social,0.0,2,positive
wiseposter.bsky.social,-0.2263,1,negative
wisewonders.bsky.social,0.0859,1,positive
wishda.bsky.social,0.2023,1,positive
withhopeorwithout.bsky.social,0.4019,1,positive
wittywebhandle.bsky.social,0.5884,2,positive
wizardssleeve.bsky.social,0.0,1,neutral
wjones67.bsky.social,-0.8268,1,negative
wklis.bsky.social,0.0,1,neutral
wndlb.bsky.social,0.14005714285714285,7,neutral
wneuhauser.bsky.social,-0.0772,1,negative
wohinjetzt.bsky.social,0.0,1,neutral
wokeinter.bsky.social,0.0,1,neutral
wokesthoeyouknow.bsky.social,-0.8015,1,negative
wolfechu.bsky.social,0.51,1,positive
wolfelake2002.bsky.social,-0.3612,1,negative
wolfggurl50.bsky.social,-0.7906,1,negative
wolverinebear.bsky.social,0.0,1,neutral
womansaveamerica.bsky.social,-0.7506,1,negative
wombatpm.bsky.social,-0.7351,1,negative
wonder-woman2.bsky.social,0.3182,1,positive
wonkyjonty.bsky.social,-0.962,1,negative
wonkywanders.bsky.social,0.0258,1,neutral
woobiemagnus.bsky.social,0.0,1,neutral
wooble.geoffreyspear.com,-0.3535,1,negative
woodenstares.bsky.social,-0.2263,1,negative
woodyluvscoffee.bsky.social,0.0,1,neutral
worddoc-25.bsky.social,0.5994,1,positive
wordlight.bsky.social,-0.296,1,negative
wordman.bsky.social,0.0,1,neutral
wordsoffreedom.bsky.social,0.0,1,neutral
wordstock.bsky.social,0.0,1,neutral
wordymelt.bsky.social,0.0,1,neutral
worfwworfington.bsky.social,0.3612,1,positive
workingtrucker.bsky.social,-0.296,1,negative
worldbfreid.bsky.social,0.4404,1,positive
worldpeacecookies.bsky.social,-0.3673,2,negative
worldtraveldiva.bsky.social,-0.7425,1,negative
worsethanitseems.bsky.social,0.0,1,neutral
wotsayu.bsky.social,0.1695,1,positive
wowbaggert.bsky.social,-0.5416,2,negative
wrambbit.bsky.social,0.0,1,neutral
wrenbyron.bsky.social,0.15680000000000002,3,positive
wrennco.bsky.social,0.50325,2,positive
wrestlingterp.bsky.social,0.34,1,positive
writerartisteh.bsky.social,0.2584,1,positive
writerboyz.bsky.social,0.0,1,neutral
writercaroline.bsky.social,0.0,1,neutral
writersamhayes.bsky.social,0.0516,1,positive
wrong1rightday.bsky.social,0.0,1,neutral
wrycke.bsky.social,-0.0516,1,negative
wscottyj.bsky.social,0.13155,4,positive
wsj.com,0.0,1,neutral
wsoxuk.bsky.social,0.0,1,neutral
wsquaredbattersea.bsky.social,0.0,1,neutral
wsr3.bsky.social,-0.7351,1,negative
wtf-2.bsky.social,-0.9698,1,negative
wtfis2bdone.bsky.social,-0.0926,2,positive
wtfppl.bsky.social,-0.6597,1,negative
wtfrench76.bsky.social,0.0,1,neutral
wu-ming.bsky.social,0.3355333333333333,3,positive
wudang.com,-0.296,1,negative
wulfgold.bsky.social,-0.836,1,negative
wunder2welt.bsky.social,0.0,3,neutral
wurzle.bsky.social,0.0,1,neutral
wvlance.bsky.social,-0.0772,1,negative
wvnana68.bsky.social,-0.045899999999999996,2,negative
wvschaik.bsky.social,-0.6597,1,negative
wymanv.bsky.social,-0.039,3,positive
wyndaealexandra.bsky.social,0.0,1,neutral
wyrmbear.bsky.social,0.6705,1,positive
wyveradon.bsky.social,0.2023,1,positive
x-8.bsky.social,-0.2263,1,negative
x-minus-t.bsky.social,0.0,1,neutral
x3em.bsky.social,0.3949,34,positive
x3nax.bsky.social,0.0,1,neutral
xanthia.com,0.3612,1,positive
xaraptor.bsky.social,-0.19,1,negative
xavkoenig.bsky.social,0.0,1,neutral
xaymacan.bsky.social,0.5411,1,positive
xch3ckerx.bsky.social,0.318,2,neutral
xinicit.bsky.social,0.3612,1,positive
xiruxi.bsky.social,0.0,1,neutral
xocomaox.bsky.social,0.276175,4,positive
xtremeleafan.bsky.social,0.2263,2,positive
xxandrewshannonxx.bsky.social,-0.868,1,negative
yadbor.bsky.social,-0.1614,2,negative
yahoonews.com,-0.51945,2,negative
yaneerbaryam.bsky.social,-0.17663333333333334,3,negative
yanquetino.bsky.social,0.5267,1,positive
yaotza.bsky.social,-0.9186,1,negative
yap617.bsky.social,0.0,1,neutral
yawnderfawn.bsky.social,0.0,1,neutral
yawoocoog90.bsky.social,0.6705,1,positive
yayas.bsky.social,0.3818,1,positive
ybaker.bsky.social,0.0,1,neutral
yellingatthesky.bsky.social,0.27390000000000003,2,negative
yellowdaffodil.bsky.social,-0.2023,1,negative
yesfan1.bsky.social,0.3595,1,positive
yesrising.bsky.social,0.5574,1,positive
yessfun.com,0.1007,1,positive
yesthatstevengrant.bsky.social,-0.59565,2,negative
yevkras.bsky.social,0.0,1,neutral
yhwhrulz.bsky.social,-0.2263,1,negative
yimmysue.bsky.social,-0.0745,3,neutral
yinkadoubledare.bsky.social,0.0,1,neutral
yitzi2.bsky.social,0.5023,1,positive
ykantrachelread.social.treehouse.systems.ap.brid.gy,0.3706,1,positive
ylepidemiologist.bsky.social,0.02342571428571429,70,positive
yneetriht.bsky.social,0.0,1,neutral
yodada.bsky.social,-0.14342,5,neutral
yolowinr.bsky.social,-0.8225,1,negative
yonatanlibbie.bsky.social,0.7684,1,positive
yorrike.bsky.social,-0.01935,2,neutral
yosemitespam.bsky.social,0.2168,1,positive
youdontknowme46.bsky.social,-0.4201,1,negative
youfiona.bsky.social,-0.1511,1,negative
yougoahead.bsky.social,0.0387,1,neutral
youngcrone.bsky.social,0.0,1,neutral
youradaisyifudo.bsky.social,-0.6249,1,negative
yourbrinypal.bsky.social,-0.1027,1,negative
yourcanadiangf.bsky.social,0.0,1,neutral
yourdigitalbrain.bsky.social,-0.3612,1,negative
yoursinegritude.bsky.social,-0.047633333333333305,3,positive
youvotedforthis2.bsky.social,0.18776666666666667,3,positive
yoylecake420.neocities.org,0.6249,1,positive
yrabl.bsky.social,0.4215,1,positive
yukonjack.bsky.social,-0.33370000000000005,3,negative
yulriddick.bsky.social,0.22646666666666668,3,positive
yunkeroo.bsky.social,0.17,2,neutral
yurdapuppet.bsky.social,0.0956,1,positive
yuweiquan.bsky.social,-0.40205,2,negative
yvettejr718.bsky.social,-0.7371,1,negative
zaahd-like.bsky.social,0.0,1,neutral
zacbentz.com,0.296,1,positive
zachsilberberg.bsky.social,-0.296,1,negative
zachwell.bsky.social,-0.2263,1,negative
zackfeddich.bsky.social,0.0,1,neutral
zackiewott.bsky.social,-0.34365,2,negative
zackv.bsky.social,0.2235,1,positive
zakaryalan.bsky.social,-0.4098,1,negative
zaltamindbender.bsky.social,-0.2808,1,negative
zapitron.bsky.social,-0.3247,2,negative
zappapa.bsky.social,-0.4348,2,negative
zappini.bsky.social,-0.7713,1,negative
zaraworkercouncils.bsky.social,0.0,1,neutral
zavanova.bsky.social,-0.2058,2,negative
zazumcgoo.bsky.social,0.0,1,neutral
zbo1.bsky.social,-0.3632,1,negative
zebraspoons.bsky.social,0.228,1,positive
zeenthecity.bsky.social,0.0,3,neutral
zelbel.bsky.social,-0.5267,1,negative
zelbinian.bsky.social,0.0,1,neutral
zelenooq.bsky.social,-0.43543333333333334,6,negative
zelmo-9.bsky.social,-0.6705,1,negative
zenaphobe.bsky.social,-0.3612,1,negative
zenlike.bsky.social,0.3098,2,positive
zensenjutsu.bsky.social,0.5859,1,positive
zentensivistilko.bsky.social,0.4201,1,positive
zer0f0x.bsky.social,-0.6705,1,negative
zeroisanumber.bsky.social,-0.5372,2,negative
zerosbestfriend.bsky.social,0.0,1,neutral
zeroslack.bsky.social,0.1591,2,positive
zey.bsky.social,0.25464,5,positive
zgreenberg.bsky.social,0.5423,1,positive
ziggurcat.bsky.social,0.0,1,neutral
zigzaggreen.bsky.social,0.07464999999999998,6,negative
ziyyigo-tipyigo.bsky.social,0.3182,1,positive
zlareau.bsky.social,0.296,1,positive
zlatanpalic.bsky.social,-0.27225,2,negative
zokilavabe.bsky.social,-0.6597,1,negative
zolascola.bsky.social,-0.01067142857142857,7,positive
zolke.bsky.social,0.0,1,neutral
zombiecoffeeslut69.bsky.social,0.1531,1,positive
zoneplate.bsky.social,-0.6705,1,negative
zooker.bsky.social,0.7072499999999999,2,positive
zoonotic1.bsky.social,0.11913125000000001,16,positive
zoraoneill.com,0.6369,1,positive
zorg58.bsky.social,0.0,1,neutral
zorrolittotheelder.bsky.social,0.3612,1,positive
zorua.pmd.social,0.0,1,neutral
zoyx.bsky.social,0.0,1,neutral
zpleat.bsky.social,-0.4767,1,negative
zsmeea.bsky.social,-0.4939,1,negative
zumti.bsky.social,-0.407125,4,negative
zvoltrohn.bsky.social,-0.7695,1,negative
zwirnm.bsky.social,0.0,1,neutral
zyo117.bsky.social,0.0,1,neutral
